:1000000001C0D8C0112480914000882369F0282FB6
:1000100030E083FD03C02C7F232B31F4809340001C
:100020008CBB80E0AFD0ECC0A895409A489A109263
:10003000E205809182128370813029F58CE590E091
:10004000809328089093290881E080932B0883E00F
:10005000809327081092250880EC8093260888E07A
:1000600091D0079A87E0815089F4A8950DE983E043
:10007000D82E7CD08134F1F479D0182F8CD012385E
:1000800089F480E013C083E790E0DACF179A2EEC72
:1000900036E5A8959091240897FDE8CF21503109C5
:1000A000C1F7E1CF89E0113809F083E058D080E151
:1000B00056D0DFCF823419F484E175D0F8CF85347F
:1000C00011F485E0FACF853531F450D0C82F4ED0E9
:1000D000D82F61D0ECCF863519F484E064D0D1CF2D
:1000E0008436B9F443D042D0182F40D0863479F406
:1000F000D05C3CD0888321961150D9F74CD004BFF6
:10010000D0920010809102108370E1F7D0CFDC5EB6
:10011000F0CF843791F42AD029D0182F27D0F82E89
:100120003AD086E4F81207C0D05C8881219617D0B7
:100130001150D9F7BCCFDC5EF8CF853751F42BD006
:10014000809100110CD08091011109D08091021191
:10015000ADCF813509F0BDCF81E014D0BACF9091F9
:10016000240895FFFCCF80932208089580912408ED
:1001700087FFFCCF909121088091200892FD01C05B
:10018000A89508959091010190FDFCCF98ED94BF42
:10019000809300010895EADF803219F081E0F2DFF8
:1001A000FFCF84E1DCCFCF93C82FE0DFC150E9F768
:1001B000CF91F1CF683048F48DE984BF609300108F
:1001C000809102108370E1F70895FC014083089547
:1001D000FFFFFFFFFFFFFFFFFFFFFFFFFFFFFFFF2F
:1001E000FFFFFFFFFFFFFFFFFFFFFFFFFFFFFFFF1F
:1001F000FFFFFFFFFFFFFFFFFFFFFFFFFFFF000904
:10020000FCC0000022C1000020C100001EC100008F
:100210001CC100001AC100000C94CA3D16C10000A8
:1002200014C1000012C1000010C100000EC1000086
:100230000CC100000AC100000C94EF3D0C94923EEA
:1002400004C100000C94C33C0C949D3CFEC0000013
:100250000C945B3DFAC00000F8C00000F6C000003E
:100260000C94803D0C94E93C0C94773C0C94513CEC
:10027000ECC000000C94113DE8C00000E6C0000096
:10028000E4C00000E2C000000C94A53D0C94363D93
:10029000DCC00000DAC00000D8C00000D6C00000FA
:1002A0004E414E494E495459494E46CDCCCC3D0A5B
:1002B000D7233C17B7D13877CC2B329595E6241F3E
:1002C000B14F0A000020410000C84200401C4620F7
:1002D000BCBE4CCA1B0E5AAEC59D7400407A10F3CA
:1002E0005A00A0724E18090010A5D4E80000E87664
:1002F00048170000E40B54020000CA9A3B000000BB
:10030000E1F505000080969800000040420F0000D3
:1003100000A08601000000102700000000E8030094
:100320000000006400000000000A0000000000015E
:1003300000000000002C76D888DC674F0823DFC15E
:10034000DFAE59E1B1B796E5E3E453C63AE6519919
:100350007696E8E6C28426EB898C9B62ED407C6F42
:10036000FCEFBC9C9F40F2BAA56FA5F490055A2AF9
:10037000F75C936B6CF9676DC11BFCE0E40D47FE05
:10038000F520E6B500D0ED902E03009435770500FA
:1003900080841E080000204E0A000000C80C333381
:1003A00033330F986E12831141EF8D2114893BE690
:1003B0005516CFFEE6DB18D1844B381BF77C1D9019
:1003C0001DA4BBE424203284725E228100C9F12482
:1003D000ECA1E53D27005EBCE2613FDD83C29C7E6F
:1003E00020A3FD1F41009D23BE46DB65F88C11AFA5
:1003F00032CA57E974004A3F6B4211241FBECFEF47
:10040000CDBFDFE3DEBF2EE2A0E2B8E201C01D9265
:10041000AE38B207E1F718E2A0E0B8E2E4EEF9E99D
:1004200002C005900D92A032B107D9F711E0CCEFD0
:10043000D1E004C02197FE010E94504ACB3FD10772
:10044000C9F70E941F400C94594CDACE2F923F926C
:100450004F925F926F927F928F929F92AF92BF92D4
:10046000CF92DF92EF92FF920F931F93CF93DF9380
:10047000CDB7DEB72897CDBFDEBF8C01CB01BA0167
:1004800020E030E048EC51E40E945E4820E53DE881
:1004900047E95CE30E945D4720E030E040E85FE32D
:1004A0000E945F484B015C010B831C8326E43BE206
:1004B00029833A83EB80FC8036E9E30EF11C06E4E5
:1004C0001BE2EB81FC8161917191EB83FC83072E30
:1004D000000C880B990B0E94FE4620E030E040E8BB
:1004E0005AE30E945D4720E030E44CE955E40E9465
:1004F0005D4720E030E04AE754E40E945D4720E099
:1005000030E04DE454E40E94C34820E030E048E489
:1005100053E40E94C348A50194010E94C348F80116
:1005200061937193819391938F012B813C81E216AA
:10053000F30639F66091422B7091432B8091442B46
:100540009091452B26E4222E2BE2322EF1012191AF
:100550003191419151911F010E945F48F2E72F169E
:10056000FCE23F0699F720E030E046E952E40E94C1
:10057000C3482B013C01C0903E2BD0903F2BE09014
:10058000402BF090412B20913C2B30913D2B2B8325
:100590003C8306E41BE2F80181909190A190B19018
:1005A0008F01A5019401C301B2010E949A49181656
:1005B00074F4A5019401C701B6010E945F486B0164
:1005C0007C012B813C812F5F3F4F2B833C83201686
:1005D000310609F7EB81FC81BF01FF0F880B990BF6
:1005E0000E94FE469B01AC01C701B6010E94C348B0
:1005F0006B837C838D839E83C090382BD090392B66
:10060000E0903A2BF0903B2B2091362B3091372BFA
:100610002F8338870EE01CE2E981FA818190919066
:10062000A190B190E983FA83A50194016B817C814B
:100630008D819E810E94F84687FF16C0A501940116
:10064000C301B2010E949A49181674F4A5019401DD
:10065000C701B6010E945F486B017C012F8138857C
:100660002F5F3F4F2F83388789819A810817190799
:1006700099F61092362B1092372B10923C2B109239
:100680003D2B1092422B1092432B1092442B109230
:10069000452B10923E2B10923F2B1092402B109224
:1006A000412B1092382B1092392B10923A2B10922A
:1006B0003B2BEF81F885BF01FF0F880B990B0E9440
:1006C000FE469B01AC01C701B6010E94C34820E071
:1006D00030E04AE754E40E945D476B017C01809161
:1006E0001928811131C081E08093192820E030E081
:1006F00048E453E4C701B6010E949A4918160CF564
:1007000020E030E048EC52E4C701B6010E945E48A8
:100710000E942B49CB012896CDBFDEBFDF91CF9140
:100720001F910F91FF90EF90DF90CF90BF90AF900F
:100730009F908F907F906F905F904F903F902F9001
:100740000895C701B601E4CF8090322B9090332BEF
:10075000A090342BB090352B20E030E048E453E4F7
:10076000C701B6010E949A4918166CF420E030E0E7
:1007700048EC52E4C701B6010E945E48A50194010D
:100780000E945F48C5CFA5019401C701B601F8CF0B
:10079000FB01808100008093C4088091C30887FF1B
:1007A000FCCF8091C408FB01808308958091362896
:1007B0009091372801968093362890933728089592
:1007C000AF92BF92CF92DF92EF92FF920F931F935F
:1007D000CF93DF936C017B018B01040F151FEB019D
:1007E0005E01AE18BF08C017D10759F06991D60154
:1007F000ED91FC910190F081E02DC6010995892BC6
:1008000079F7C501DF91CF911F910F91FF90EF9084
:10081000DF90CF90BF90AF900895FC014481558147
:100820006081718186ED9CE2CBCFFC01A485B5850A
:1008300011968C91119781FD0FC09C9186898F5FD5
:100840008F732789281749F0A689AE0FBF2FB11DD6
:100850005D969C93868B08958C910895FC01508D34
:10086000418D252F30E0842F90E0821B930B54178D
:1008700010F0CF96089501970895FC019689878915
:10088000981761F0A789AE0FBF2FB11D5D968C91AF
:1008900097899F5F9F73978B90E008958FEF9FEFED
:1008A0000895FC0196898789981731F08789E80FA8
:1008B000F11D858D90E008958FEF9FEF0895FC0165
:1008C00096892789892F90E0805C9F4F821B910930
:1008D0008F739927089586ED9CE2F1DF21E0892B43
:1008E00009F420E0822F089583E79DE2E8DF21E00C
:1008F000892B09F420E0822F0895CF93DF93EC0138
:10090000E881F9810680F781E02D0995EC85FD8568
:1009100086818F738683EC85FD8585818F758583C0
:100920008F898E8B1D8ADF91CF910895FC016130F4
:1009300019F4648B81E00895148A6623D9F380E06A
:100940000895DC0154961C92549754968C915497B8
:100950008230A0F4282F30E0F901EE0FFF1FE20FE4
:10096000F31FEA0FFB1F9785961303C09685941714
:1009700049F08F5F54968C935497E7CF54961C920E
:1009800080E0089581E00895CF93DF93FC01908D7E
:10099000818DC485D585981306C08D818F7D8D830B
:1009A000DF91CF910895A18DAE0FBF2FB11DA35A36
:1009B000BF4F2C91818D90E001968F739927818F85
:1009C00080E48C83A485B58512962C93908D818DBF
:1009D0009813E6CFA485B58515968C9115978F7DD4
:1009E00015968C93838D8823D9F2848D809313017F
:1009F000138ED6CFDC011C96ED91FC910FB607FE4D
:100A000003C0258125FD03C0248125FDBDCF0895A8
:100A1000EF92FF920F931F93CF93DF93EC0181E04E
:100A20008D8B988D898D98131CC0AC85BD851496CF
:100A30008C91149785FF15C012966C93AC85BD857B
:100A400080E414968C93EC85FD8585818F7D85836C
:100A500081E090E0DF91CF911F910F91FF90EF9097
:100A600008958091110180FF08C0809113018C8F3F
:100A70008A8D8093130181E08B8FF62E088D10E014
:100A80000F5F1F4F0F731127E02E898D8E1103C04A
:100A9000CE01B0DFFACFE88DEC0FFD2FF11DE35A48
:100AA000FF4FF082088FEC85FD8585818062CFCF76
:100AB000CF93DF93FC0125892223C1F0EC018091C3
:100AC000110180FF08C080911301848F828D809373
:100AD000130181E0838FEC85FD85858185FD03C051
:100AE000848186FD03C0CE0185DFF5CFDF91CF91F4
:100AF000089580E090E0892B21F0F6DE81110E94BC
:100B0000000080E090E0892B21F0E5DE81110E9459
:100B1000000080E090E0892B49F080E090E0892B94
:100B200029F00E94000081110E94000080E090E006
:100B3000892B49F080E090E0892B29F00E94000089
:100B400081110C940000089581E00895CF93DF9304
:100B500090E0FC01E956F64220812F3F69F0FC014C
:100B6000E259F642A08130E2A39FD0011124BC5F7C
:100B7000613029F411962C93DF91CF91089587501D
:100B80009742EC01E881EF3F81F0CD014096E80FFC
:100B9000F92FF11D9FB7F89412962C938081623043
:100BA00039F4886080839FBFE7CFF0E0E0E0F2CFC8
:100BB000877FF8CF1092EC2A1092EB2A1092EF2A3E
:100BC0001092312B8091EE2A81111DC08091E30596
:100BD0008073D1F462E082E0B9DF62E083E0B6DFE7
:100BE00081E08093EE2A1092EA2A1092E92A10926C
:100BF000ED2A1092E82A91EC9093A3089FE190933C
:100C0000A6088093A50808958091E305807380323B
:100C100039F762E080E19ADF62E081E1E0CF90E0C5
:100C2000FC01E053F742E081EE2319F1E13021F0BD
:100C300000F1E630A8F0089587509742FC0120812A
:100C4000233008F02F5F3091010A81E090E001C06D
:100C5000880F2A95EAF7809583238093010A0895E7
:100C600080E1E89FF0011124E05AF54F81818F7EE9
:100C7000818308950F931F93CF93DF93082F10E084
:100C8000F801E956F642D081DF3F99F0C62F89324C
:100C900008F4C5DFF801E259F642E08180E2E89FFE
:100CA000F0011124FC5F80818D2371F0C11106C019
:100CB000D683DF91CF911F910F910895C43011F425
:100CC000D783F7CFD583F5CFD801A750B7428C9102
:100CD000309771F08F3F61F07096E80FF11D9FB76C
:100CE000F8948081C11107C0877F80839FBFE1CFC7
:100CF000F0E0E0E0F4CF8860F8CF893208F4BACFB2
:100D00000895AF92BF92CF92DF92EF92FF920F932E
:100D10001F93CF93DF93EC016A017B01A22E8D8993
:100D2000882339F0E881F9810688F789E02DCE0122
:100D300009950C8910E0BFB6F89460E070E980ED89
:100D400093E0A70196010E94B14969017A018FEFF2
:100D5000C81AD80AE80AF80AF694E794D794C79410
:100D6000EC85FD8586818D7F8683EC85FD8586817A
:100D700086831D8AA09123110A2E000CBB0BA701AC
:100D800096010E94EF4920E034E040E050E00E94EC
:100D9000D349EC85FD85C20ED31EE41EF51EC08628
:100DA000D186EC85FD85A782EC85FD858681806CEA
:100DB0008683EC85FD858581806885839091E20539
:100DC0008B89809589237801EE0CFF1CF701E00FD9
:100DD000F11FEC0FFD1F9089892B8093E20586851A
:100DE000893210F462E0B2DE0E0D1F1DC00FD11F5C
:100DF00061E08F8582DF8F85893210F461E0A6DEA5
:100E0000BFBEDF91CF911F910F91FF90EF90DF90C8
:100E1000CF90BF90AF9008950F931F93CF93082F5B
:100E200010E0F801E956F642C081CF3F71F0F7DEDD
:100E3000F801E259F642E08180E2E89FF0011124D6
:100E4000FC5F8085C82381E009F480E0CF911F9189
:100E50000F9108958330910528F0880F991F04970A
:100E60000197F1F708959F92AF92BF92CF92DF92D0
:100E7000EF92FF920F931F93CF93DF93EC016B01DF
:100E80008885998511E0892B09F010E8F601A0808A
:100E90008A2D8123992493948111912C2C813D8159
:100EA0004E815F8160E271EA87E090E00E94B14983
:100EB000022FB12CE22EF12C002311F0C701CADF62
:100EC0008A858D7F09F04EC08D858F3F89F09A2DE0
:100ED000912381E009F480E0891551F0EF85F889CC
:100EE0008F899923C9F19081892B808399249394C8
:100EF000E989FA898081998D892B8083002311F0FB
:100F0000C701A8DF8E858F3F39F0EB89FC8980818E
:100F1000988D892309F0B12AE989FA899081898D10
:100F20008095892380838E858F3F11F0F601B082F2
:100F300088859985892B09F043C0110F1111BCCF09
:100F4000DF91CF911F910F91FF90EF90DF90CF90A5
:100F5000BF90AF909F900895908180958923808362
:100F6000912CC6CFE989FA898081998D892B80835C
:100F7000002311F0C7016EDF8D858F3F49F0EF85AB
:100F8000F8898F899A2D9123B9F09081892B8083DC
:100F9000E989FA899081898D8095892380838E855E
:100FA0008F3F09F4C0CFEB89FC898081988D89231C
:100FB00009F4B9CFB12AB7CF908180958923E7CFC3
:100FC0001695BCCF2F923F924F925F926F927F9275
:100FD0008F929F92AF92BF92CF92DF92EF92FF9249
:100FE0000F931F93CF93DF93CDB7DEB72897CDBF75
:100FF000DEBF7C016E837F834A835B83B22EA32E88
:101000000C831D83DC01CD90DC901197C114D104B9
:1010100091F01296ED91FC911081B181B887F601A3
:101020008681882319F081FF31C0F8941093C0089D
:10103000B885B093C108F70183858F3F11F060E058
:101040005CDECE80DF806A807B806C0C7D1C6C1443
:101050007D0409F0AFC0CB2CDA2C4C805D804C0CA9
:101060005D1C1FEF4C145D0409F4B8C01983D7014F
:101070008D919C91BE016F5F7F4F009709F4ABC0CB
:1010800087DB8981F60181936F01ECCF80FFCECFA2
:1010900040855185628573851A012B01612C712C65
:1010A0004301E0E09101A201B301C401A0E00E946C
:1010B000304AB1F1217030E040E050E060E070E093
:1010C00080E090E00E94304AF1F090E080E0E03370
:1010D00070F48E2F869586958695B0E28B9FC00121
:1010E0001124805F9B4F2E2F2770820F911DDC01F2
:1010F0004C9196012E0F311DD90150964C93DC0175
:101100002C91287F2C939101A201B301C40101E02D
:101110000E94F74919012A013B014C01EF5FC2CF40
:10112000F60144855585668577851A012B01612C6A
:10113000712C4301E0E29101A201B301C401A0E0DE
:101140000E94304A09F472CF217030E040E050E054
:1011500060E070E080E090E00E94304AF1F090E0C2
:1011600080E0E03370F48E2F869586958695F0E2C8
:101170008F9FC0011124805F9B4F2E2F2770820FFD
:10118000911DDC014C9196012E0F311DD901509615
:101190004C93DC012C91287F2C939101A201B30187
:1011A000C40101E00E94F74919012A013B014C01E9
:1011B000EF5FC1CFD6018D916D018983F7018081E9
:1011C0009181BE016F5F7F4F009711F0E1DA3FCF51
:1011D000C70149DE3CCFC70146DE53CFD7011B967E
:1011E0008C918F3F11F061E088DDD701ED91FC918A
:1011F000309731F08681882319F081FF18C07894E8
:1012000081E02896CDBFDEBFDF91CF911F910F9176
:10121000FF90EF90DF90CF90BF90AF909F908F9016
:101220007F906F905F904F903F902F90089580FF38
:10123000E7CF80849184A284B384C12CD12C760121
:1012400010E09401A501B601C701A0E00E94304A58
:10125000A1F1217030E040E050E060E070E080E01B
:1012600090E00E94304AE1F090E080E0103370F4AA
:10127000812F869586958695B0E28B9FC0011124BB
:10128000805F9B4F212F2770820F911D9F01210F9F
:10129000311DD90150962C91DC013C91232B2C93CC
:1012A0009401A501B601C70101E00E94F749490177
:1012B0005A016B017C011F5FC4CF84849584A6848E
:1012C000B784C12CD12C760110E29401A501B6019E
:1012D000C701A0E00E94304A09F492CF217030E0AB
:1012E00040E050E060E070E080E090E00E94304A32
:1012F000E1F090E080E0103370F4812F86958695C0
:101300008695B0E28B9FC0011124805F9B4F212FF7
:101310002770820F911D9F01210F311DD901509619
:101320002C91DC013C91232B2C939401A501B60157
:10133000C70101E00E94F74949015A016B017C0194
:101340001F5FC3CF8FB7F8942091732A3091742A0E
:101350004091752A5091762AE091AA0AF091AB0A41
:101360009091A60A90FF08C02F5F3F4F4F4F5F4FED
:10137000E091AA0AF091AB0A8FBFA8EEB3E00E94F9
:10138000144823E0F695E7952A95E1F76E0F7F1F45
:10139000811D911D08958F929F92AF92BF92CF921F
:1013A000DF92EF92FF924B015C01CCDF6B017C017D
:1013B000A8EEB3E0A50194010E941448C60ED71E02
:1013C000E81EF91EC616D706E806F90610F4BADFBD
:1013D000F9CFB8DF6C157D058E059F05D0F3FF9022
:1013E000EF90DF90CF90BF90AF909F908F90089537
:1013F0002FB7F8946091732A7091742A8091752A9E
:101400009091762A2FBF0895EF92FF920F931F932A
:10141000CF93DF9390E2899FE0011124DC5FE984A0
:10142000082F000F000F000FFF24F39410E08E2D03
:101430008F2179F0E02FE10FF0E0EE0FFF1FE95868
:10144000F54D80819181892B21F00190F081E02D73
:1014500009951F5FFF0C183051F7E986DF91CF9196
:101460001F910F91FF90EF900895DC0180E0615093
:1014700090F09D919827E92FEF70F0E0EB52FC4F30
:101480002491E92FE295EF70F0E0EB51FC4FE491ED
:10149000822F8E27ECCF0895CF93DF93FC019081AC
:1014A000A181B281F894FD0138978081892B8083D6
:1014B000ED0124972881392F309523232883C2E01A
:1014C000D0E02197F1F7808183238083E0E1F0E091
:1014D0003197F1F78C917894E6E6F0E03197F1F7E7
:1014E000982381E009F480E0DF91CF910895FC0119
:1014F0009081A181B281292F2095FD013497189701
:1015000060FF14C0F8948081822380838C91892BA2
:101510008C93A0E1B0E01197F1F78081982B908334
:1015200078948AE690E00197F1F70895F894808125
:10153000822380838C91892B8C93AEE7B0E0119746
:10154000F1F78081982B9083789486E090E0EBCF40
:10155000DF92EF92FF920F931F93CF93DF93EC01F3
:10156000D62EE42E08E010E0FF24F39461E08D2DE8
:101570008F2109F460E0CE01BADFFF0C01501109A0
:10158000A9F7E11012C0F894E981FA8138979081A7
:101590008881809589238083E981FA8134979081BD
:1015A00088818095892380837894DF91CF911F91E2
:1015B0000F91FF90EF90DF900895EF92FF920F93BD
:1015C0001F93CF93DF938C017B0140E065E5C0DF83
:1015D000E70188E0E80EF11C699140E0C801B8DF3E
:1015E000CE15DF05C9F7DF91CF911F910F91FF90C5
:1015F000EF90089508954F925F926F927F928F922D
:101600009F92AF92BF92CF92DF92EF92FF92B0E0A3
:10161000A0E0BA2FA92F982F882720E130E0C12C15
:1016200040E8D42EEE24EA94F12C812C912C50E841
:10163000A52EB12C40E050E868E970E024013501A6
:10164000482259226A227B2245284628472851F001
:101650002A013B014C205D206E207F2084259525AA
:10166000A625B725B694A79497948794F694E79403
:10167000D794C7947695679557954795215031092A
:10168000E9F6FF90EF90DF90CF90BF90AF909F90E2
:101690008F907F906F905F904F90089508950F9373
:1016A00091E09093ED2A1092E82A60932F2A70938C
:1016B000302A40932E2A20932D2A1092E92A109244
:1016C000EA2A00932C2A880F80932B2A93E024E0A7
:1016D00080912E2A882331F09093EE2A80912B2A34
:1016E0008E7F09C080912D2A882341F02093EE2A15
:1016F00080912B2A81608093A70808C080912E2AB0
:10170000811104C080912D2A882331F38091E82A29
:101710008823E1F38091E82A8330D1F280912D2A49
:10172000882321F08091EA2A0F9108959091E82A68
:1017300081E09130C9F780E0F7CF0F939091EE2AC6
:10174000913099F49091ED2A911111C0082F20E069
:101750004091312B60EF7AE28091302BA0DF109224
:10176000EF2A1092312B0F91089580E0F8CF81E09D
:10177000F6CF1F93CF93DF93EA01122FDC0111966E
:101780008D919C91DC01ED91FC910280F381E02D23
:101790000995C817D90721F4812FCFDF91E0811176
:1017A00090E0892FDF91CF911F910895CF93DF9320
:1017B000EC018B81882381F088818093302B1092FB
:1017C000EF2A1092312B81E0B8DF91E0811190E097
:1017D000892FDF91CF910895EDD981E08B83CE01E0
:1017E000E5DF982F8111E8CFF3CFE0EAF8E09185AB
:1017F0009066918792E09093EE2A8093252A10922A
:10180000242A089581E08093242A1092252A93E0C7
:101810009093AA089091AB0891FF0BC01092292ACF
:10182000F0E0E0E009958093282A85E08093EE2A95
:10183000089510922A2A8093272A86E0F7CF0895E8
:10184000E091EC2A8091EB2AE81730F4F0E0ED5CAF
:10185000F54D808190E008958FEF9FEF089590916E
:10186000EC2A8091EB2A2FEF3FEF981748F4E92FED
:10187000F0E0ED5CF54D208130E09F5F9093EC2A25
:10188000C90108958091EB2A9091EC2A891B990B4C
:101890000895CF92DF92EF92FF920F931F93CF9311
:1018A000DF937C018A01EB016B01C40ED51ECC15C0
:1018B000DD0551F06991D701ED91FC910190F08126
:1018C000E02DC7010995F3CFC801DF91CF911F919A
:1018D0000F91FF90EF90DF90CF9008952091312BE2
:1018E000203440F021E030E0FC012283338390E09B
:1018F00080E008958091EF2AE82FF0E0E051F54D67
:1019000060838F5F8093EF2A8093312B81E090E09A
:10191000089590E080E00895FC01FF2790FD12C03B
:1019200080E094E1E82BF92B60838FB7F8949DE970
:1019300023E094BF209300108FBF8091021081FD9F
:10194000FCCF089580E093E1EDCFCF92DF92EF924C
:10195000FF920F931F93CF93DF938C016B01FB01D9
:10196000E480F5806E2DD8DFD0E0C0E0FF240F5F6B
:101970001F4FCE15DF05B4F4F60184819581C81799
:10198000D90770F480819181009751F08C0F9D1FD1
:10199000FC016081C8018C0F9D1FBEDF2196E9CF3D
:1019A00060E0F8CFDF91CF911F910F91FF90EF9002
:1019B000DF90CF900895FC01FF2790FD06C080E0E6
:1019C00094E1E82BF92B8081089580E093E1F9CF31
:1019D0006091222A7091232A8091202A9091212AB5
:1019E000680F791F80911E2A90911F2A680F791F16
:1019F00080911C2A90911D2A680F791F8091D52A09
:101A00009091D62A680F791F80911A2A90911B2AEB
:101A1000680F791F8091182A9091192A680F791FF1
:101A20008091162A9091172A680F791F8091142AA5
:101A30009091152A680F791F8091122A9091132A8C
:101A4000680F791F8091102A9091112A680F791FD1
:101A5000665F7F4F072E000C880B990B0C94FE4697
:101A60002F923F924F925F926F927F928F929F92AE
:101A7000AF92BF92CF92DF92EF92FF920F931F939C
:101A8000CF93DF93CDB7DEB72697CDBFDEBF2091D2
:101A9000012A3091022A4091032A5091042A609130
:101AA000052A7091062A8091072A9091082AA5E0BC
:101AB0000E941B4A2093012A3093022A4093032A52
:101AC0005093042A6093052A7093062A8093072A6C
:101AD0009093082A8091FF299091002A892B09F47C
:101AE000B0C18091222A9091232A8D839E83892BD5
:101AF00009F0A7C14091FB295091FC296091FD2973
:101B00007091FE29A090F329B090F429C090F52996
:101B1000D090F629E090F729F090F8290091F92962
:101B20001091FA299091012A99838091022A8A833F
:101B30009091032A9B838091042A8C83B091052A7B
:101B4000A091062AF091072AE091082A9A01AB0198
:101B500060E070E080E090E00E94124AA980BA80C4
:101B6000CB80DC80EB2EFA2E0F2F1E2F0E94274AEF
:101B700008F0A9C080911628882309F4A4C060E069
:101B800088E078D810921728109218287091012AAE
:101B90006091022A5091032A4091042A3091052A2B
:101BA0002091062A9091072A8091082A7093EB29A8
:101BB0006093EC295093ED294093EE293093EF295F
:101BC0002093F0299093F1298093F22910921628FE
:101BD00081E08093EA292091012A3091022A4091E4
:101BE000032A5091042A6091052A7091062A809157
:101BF000072A9091082AA7E20E94304A09F008F4C7
:101C00004CC081E08093DA298091102A9091112AAA
:101C1000892BE9F58091202A9091212A892BB9F509
:101C20008091222A9091232A892B89F580911E2A5E
:101C300090911F2A892B59F580911C2A90911D2A79
:101C4000892B29F58091D52A9091D62A892BF9F4F0
:101C500080911A2A90911B2A892BC9F48091182A05
:101C60009091192A892B99F48091142A9091152A20
:101C7000892B69F48091122A9091132A892B39F4C7
:101C80008091162A9091172A892B09F4E3C081E0EC
:101C900090E08093E62A9093E72A2696CDBFDEBF98
:101CA000DF91CF911F910F91FF90EF90DF90CF9038
:101CB000BF90AF909F908F907F906F905F904F906C
:101CC0003F902F9008954091E6295091E729609127
:101CD000E8297091E929A090EB29B090EC29C090F7
:101CE000ED29D090EE29E090EF29F090F0290091B5
:101CF000F1291091F2299091012A99838091022A69
:101D00008A839091032A9B838091042A8C83B091CB
:101D1000052AA091062AF091072AE091082A9A0143
:101D2000AB0160E070E080E090E00E94124AA98080
:101D3000BA80CB80DC80EB2EFA2E0F2F1E2F0E9454
:101D4000274A08F048CF8091EA29882309F443CF35
:101D50008091DF299091E029892B09F464C080915A
:101D6000172890911828892B09F05DC020E030E0F9
:101D700040E85FE36091DB297091DC298091DD29E7
:101D80009091DE290E945F489B01AC016091E2299D
:101D90007091E3298091E4299091E5290E945E48A1
:101DA00020E030E040E050E40E949A4918160CF020
:101DB00041C01092D8291092D9298D819E8180939B
:101DC0001E2A90931F2A61E088E00E943A0681E073
:101DD00090E080931728909318287091012A6091C1
:101DE000022A5091032A4091042A3091052A209119
:101DF000062A9091072A8091082A7093F32960930C
:101E0000F4295093F5294093F6293093F72920932C
:101E1000F8299093F9298093FA291092EA2981E010
:101E200080931628D8CE8091D8299091D9298D8376
:101E30009E83C3CF81E090E08093D8299093D929E5
:101E4000F6CF60E088E00E943A06109217281092C0
:101E50001828C1CE1092E62A1092E72A1ECFDC0184
:101E6000ED91FC910488F589E02D23E030E00994A0
:101E7000CF93DF93FC019081A181B281F894FD01A1
:101E800038978081292F20958223808378943DE79D
:101E9000315031F18C918923D9F3F894ED012497D5
:101EA0008881822388838081892B80837894CCEBFE
:101EB000D3E02197F1F7F894808182238083E8E8CA
:101EC000F0E03197F1F78C91982381E009F080E000
:101ED0007894E0E3F3E03197F1F7DF91CF91089543
:101EE00080E0FBCF6F927F928F929F92AF92BF92D2
:101EF000CF92DF92EF92FF920F931F93CF93DF93D6
:101F00008C01EB0180916C2E90916D2EB1DF8823B6
:101F100009F43BC0B80180916C2E90916D2E4DDB81
:101F200040E06EEB80916C2E90916D2E11DB7E0166
:101F30006E0189E0C80ED11C8E01A0906C2EB0906D
:101F40006D2E88E0882E912C712C66246394C50137
:101F5000A3DA81117628660CE1E08E1A9108B9F7B0
:101F6000F80171928F01CE16DF0639F780916C2E41
:101F700090916D2E7DDF813041F4F70181917F01D9
:101F8000811105C0E017F107C1F790E007C068E0D4
:101F9000CE016BDA91E028852813F7CF892FDF91E6
:101FA000CF911F910F91FF90EF90DF90CF90BF9056
:101FB000AF909F908F907F906F900895BF92CF9237
:101FC000DF92EF92FF920F931F93CF93DF93EC0179
:101FD000B62EC72E8D85811104C0CE0149DF811137
:101FE0000EC01B861D861C8680E0DF91CF911F915D
:101FF0000F91FF90EF90DF90CF90BF90089540E059
:1020000060EFCE01A5DA01E0E12CD12C11E0CE0188
:1020100043DAF82ECE0140DA91E0F91218C081308F
:1020200099F51134F0F2DB86D11002C081E08D8782
:102030008B818823B1F22396EB2DFC2DCF010896DE
:1020400029912193E817F907D9F781E0CECFEE2D3A
:10205000F0E0F8120FC08B851817A0F4DE01AE0F68
:10206000BF1F13968C91802379F4F12C193008F45A
:102070001C87D12EEC0FFD1F8381902F9095892313
:1020800083830AC08113F1CFFE01EE0DF11D838120
:10209000802B8383FF24F3946F2DCE0128DA1F5FFA
:1020A000000F11F4E39401E087E08E1508F0AFCF44
:1020B000B8CF3F924F925F926F927F928F929F9292
:1020C000AF92BF92CF92DF92EF92FF920F931F9346
:1020D000CF93DF9300D0CDB7DEB7FC013B01042FD7
:1020E0009681878199838A83A080B180A114B104ED
:1020F00009F48DC0418550E0D50114968D919C91D5
:1021000084179507B0F4312C832D0F900F90DF9139
:10211000CF911F910F91FF90EF90DF90CF90BF90E4
:10212000AF909F908F907F906F905F904F903F9077
:102130000895F50180818093302B1092EF2A109240
:10214000312B20E0BE016F5F7F4FC50112DB382EBF
:102150008823C9F2E02EF12C912C812CD501149604
:102160008D919C916701C818D9088C159D0508F4BC
:102170006C01F501808123E33AE22093312A309308
:10218000322A9091EE2A9130B9F59091ED2A911171
:1021900035C001E097012C193D098216930608F419
:1021A00000E02C2D31E4C316D10408F020E440E017
:1021B00070E060E074DA1092EC2A8093EB2A8C15C0
:1021C0001D0409F0A0CF8301080D191D2801C201CB
:1021D000801B910B8C159D0598F4D50111968D915E
:1021E0009C91DC01ED91FC910284F385E02D099531
:1021F000F20181932F01EBCF80E0DDCF81E0DBCFD7
:102200008C0C9D1C8E149F0408F4A8CF7DCFA28156
:10221000B381109709F477CF2481358110E041858F
:1022200050E02330310571F4816089839A834F5FD8
:102230005F4F9301BE016F5F7F4FCD010E94E207A8
:10224000382E62CF2115310519F490689983F1CFAA
:102250002230310511F49F77F9CF2130310549F74C
:10226000906CF4CF0C94F24ACF93DF93EC01888109
:102270009981009711F00E94F24A188219821C82FB
:102280001D821A821B82DF91CF910895FC0180810B
:1022900091810C94F24A0C94F24AFC018081918164
:1022A000009711F00C94BF4260E070E0CB010895FC
:1022B000FC0180819181009711F00C94C24260E092
:1022C00070E0CB010895FC0124813581FB0144813C
:1022D000558124173507E1F4FC0180819181FB01D0
:1022E000608171810097D1F061157105A1F4232BF4
:1022F000C1F0FC01808190E008C0232B91F0FB012C
:10230000808190E091958195910921E0892B09F0D8
:1023100020E0822F08950E943A4CF7CF6115710595
:1023200061F721E0F6CF0F931F93CF93DF93EC017A
:1023300088819981009759F02A813B8126173707B8
:1023400030F081E0DF91CF911F910F9108958B01C3
:102350006F5F7F4F0E947B4B009759F08883998372
:102360000A831B832C813D81232B59F7FC011082AA
:10237000E8CF80E0E7CFEF92FF920F931F93CF93C8
:10238000DF936115710541F480E0DF91CF911F91DA
:102390000F91FF90EF90089541155105A9F07B0131
:1023A000EC010C811D81040F151FB801BCDF8823CF
:1023B00059F3288139818C819D81B701820F931F48
:1023C0000E94434C0C831D8381E0DFCFEF92FF928C
:1023D0000F931F93CF93DF93CDB7DEB76497CDBF35
:1023E000DEBF7C01CB01BA018E010F5F1F4F22E0DF
:1023F00044E00E94A242FC0101900020E9F73197DD
:10240000AF01481B590BBC01C701B5DF811102C0E8
:10241000C7012ADFC7016496CDBFDEBFDF91CF9130
:102420001F910F91FF90EF900895EF92FF920F93FD
:102430001F93CF93DF93CDB7DEB72D97CDBFDEBF10
:102440007C01CB01BA012AE08E010F5F1F4FA8016A
:102450000E941543F80101900020E9F73197AF0180
:10246000401B510BB801C70186DF811102C0C701B3
:10247000FBDEC7012D96CDBFDEBFDF91CF911F914F
:102480000F91FF90EF900895EF92FF920F931F939B
:10249000CF93DF93CDB7DEB72897CDBFDEBF7C01EA
:1024A000CB014AE08E010F5F1F4FB8010E94E84246
:1024B000F80101900020E9F73197AF01401B510B63
:1024C000B801C70158DF811102C0C701CDDEC701C5
:1024D0002896CDBFDEBFDF91CF911F910F91FF9066
:1024E000EF900895CF93DF93EC01FB010190002062
:1024F000E9F73197AF01461B570B3DDF811102C051
:10250000CE01B2DECE01DF91CF910895CF93DF935C
:10251000EC01FB0144815581608171812CDF8111C7
:1025200002C0CE01A1DECE01DF91CF910895EF92DE
:10253000FF920F931F93CF93DF93EC017B018A01EE
:10254000BA01F1DE81110AC0CE018EDECE01DF912B
:10255000CF911F910F91FF90EF9008950C831D83F1
:10256000B701888199810E94434CF0CFFB01019013
:102570000020E9F73197AF01461B570BD8CFEF92F8
:10258000FF920F931F93CF93DF93CDB7DEB7A19741
:10259000CDBFDEBF7C01CB01BA01F70110821182F1
:1025A00012821382148215828E010F5F1F4F22E068
:1025B00044E00E94A242009769F0BC01C701D6DF47
:1025C000A196CDBFDEBFDF91CF911F910F91FF90FC
:1025D000EF900895C70148DEF3CFCF93DF93EC016E
:1025E000FB018617970741F06081718161157105C4
:1025F00039F0448155819BDFCE01DF91CF91089561
:1026000033DEFACFFC01108211821282138214820F
:102610001582E3CFFC011082118212821382148290
:102620001582FB0101900020E9F73197AF01461BAD
:10263000570B7DCF6F927F928F929F92AF92BF92F6
:10264000CF92DF92EF92FF920F931F93CF93DF937E
:10265000CDB7DEB74C015B016DB67EB6CB01ABD911
:10266000082F10E0C80101962DB73EB7281B390B83
:102670002DBF3EBF8DB79EB701966C0175015C0101
:102680009FEFE91AF90AC5018C199D098017910776
:1026900034F4C70190D9F50181935F01F1CFF601C0
:1026A000E00FF11F1082B601C401B4DFC4016DBE9A
:1026B0007EBEDF91CF911F910F91FF90EF90DF9041
:1026C000CF90BF90AF909F908F907F906F90089524
:1026D0001F93CF93DF93CDB7DEB7A497CDBFDEBFF7
:1026E0008AE390E068D9682F70E090E080E00E9473
:1026F000FC466093B4287093B5288093B6289093D5
:10270000B72888E490E057D9682F70E090E080E027
:102710000E94FC4660939B2870939C2880939D2880
:1027200090939E2890E080E046D91CE3819FC001F1
:102730001124092E000CAA0BBB0B8093E629909361
:10274000E729A093E829B093E92984E090E033D900
:10275000819FC0011124092E000CAA0BBB0B809392
:10276000FB299093FC29A093FD29B093FE29109298
:10277000EB291092EC291092ED291092EE2910927B
:10278000EF291092F0291092F1291092F22910925B
:10279000F3291092F4291092F5291092F62910923B
:1027A000F7291092F8291092F9291092FA298DE24E
:1027B00090E001D990E0B0E0A0E08093F5289093FC
:1027C000F628A093F728B093F82881E390E0F3D897
:1027D00090E0B0E0A0E08093D5289093D628A09315
:1027E000D728B093D82885E390E0E5D8819FC00131
:1027F00011248093E1289093E22889E290E0DBD8CD
:1028000090E0B0E0A0E080932E2890932F28A09332
:102810003028B093312885E390E0CDD8819FC00166
:10282000112480938728909388288CE090E0C3D867
:10283000682F70E090E080E00E94FE462DEC3CECBA
:102840004CEC5DE30E945D47609300297093012981
:10285000809302299093032988E090E0ACD8682FF8
:1028600070E090E080E00E94FE462DEC3CEC4CECE9
:102870005DE30E945D476093DC287093DD288093C0
:10288000DE289093DF2880E190E095D8682F70E0F3
:1028900090E080E00E94FE462DEC3CEC4CEC5DE3C9
:1028A0000E945D476093FC287093FD288093FE286A
:1028B0009093FF2864E170E0CE010196BBDECE016B
:1028C0000196F6DC072E000C880B990B0E94FE4641
:1028D00060930B2970930C2980930D2990930E29F6
:1028E00069E170E0CE010796A5DECE010796E0DC37
:1028F000072E000C880B990B0E94FE466093072957
:10290000709308298093092990930A296FE170E058
:10291000CE010D968FDE64E270E0CE0143968ADE32
:10292000CE010D96BADC60932A2870932B288093F1
:102930002C2890932D28CE014396AFDC60938228FB
:102940007093832880938428909385286CE670E0A8
:10295000CE0149966FDECE0149969FDC60935C28DC
:1029600070935D2880935E2890935F2862E570E005
:10297000CE014F965FDECE014F968FDC6093322BF7
:102980007093332B8093342B9093352BCE014F963D
:102990007DDCCE0149967ADCCE01439677DCCE0110
:1029A0000D9674DCCE01079671DCCE0101966EDCCB
:1029B000A496CDBFDEBFDF91CF911F9108958F9276
:1029C0009F92AF92BF92CF92DF92EF92FF920F93BE
:1029D0001F93CF93DF93EC018B01FB01C480D58063
:1029E000D60111972FEF3FEFB12CA12C90E080E0A2
:1029F00070E060E0A817B9072CF1461757072CF1D3
:102A0000FC0131967F018C159D0560F4F8018080F2
:102A100091808114910431F0F401E80FF91FE081F5
:102A2000EC3219F0A817B90759F46F5F7F4F5901BD
:102A3000FFEFAF1ABF0A9701A817B90709F09C0169
:102A4000C701D8CF46175707D4F569012A153B05AA
:102A500010F06501590163EE79EDCE01DBDDF8017F
:102A6000E480F580CE14DF04D0F4AE14BF0408F483
:102A70007501F80160817181FB01EE0DFF1DB080D1
:102A800010826C0D7D1DCE0161157105B1F06EDDFA
:102A9000F80180819181E80EF91EF701B082CE0124
:102AA000DF91CF911F910F91FF90EF90DF90CF902A
:102AB000BF90AF909F908F900895D6DBE9CF63EEE3
:102AC00079EDCE01A7DDEBCF2F923F924F925F922F
:102AD0006F927F928F929F92AF92BF92CF92DF922E
:102AE000EF92FF920F931F93CF93DF93CDB7DEB793
:102AF0006897CDBFDEBF80910E2A90910F2A8D87F7
:102B00009E8740900A2A50900B2A60900C2A709061
:102B10000D2A8091102A9091112A8F87988B80918D
:102B2000122A9091132A898B9A8B8091142A909162
:102B3000152A8B8B9C8B8091162A9091172A8D8B4E
:102B40009E8B8091182A9091192A8F8B988F2090B4
:102B50001A2A30901B2A8090D52A9090D62A00916C
:102B60001C2A10911D2AE0901E2AF0901F2AC09066
:102B7000202AD090212AA090222AB090232A63EE06
:102B800079EDCE01019646DDBE016F5F7F4FCE012C
:102B9000079638DDB501CE01079676DC60EC79ED5D
:102BA000A1DCB60171DC60EC79ED9CDCB7016CDC7A
:102BB00060EC79ED97DCB80167DC60EC79ED92DCD4
:102BC000B40162DC60EC79ED8DDCB1015DDC60ECC0
:102BD00079ED88DC6F89788D57DC60EC79ED82DCEB
:102BE0006D897E8951DC60EC79ED7CDC6B897C89B8
:102BF0004BDC60EC79ED76DC69897A8945DC60EC48
:102C000079ED70DC6F8578893FDC60EC79ED6ADC0A
:102C1000B301A201DBDB60EC79ED64DC6D857E85C0
:102C200033DC62EE79ED5EDC0E940D04CE01079686
:102C30002DDBCE0101962ADB6896CDBFDEBFDF918A
:102C4000CF911F910F91FF90EF90DF90CF90BF90A9
:102C5000AF909F908F907F906F905F904F903F903C
:102C60002F9008958F929F92AF92BF92EF92FF9212
:102C70000F931F93CF93DF93CDB7DEB72C97CDBFC4
:102C8000DEBFE0900E2AF0900F2A80900A2A9090E2
:102C90000B2AA0900C2AB0900D2A0091092A10E06E
:102CA00063EE79EDCE010196B5DCBE016F5F7F4F1B
:102CB000CE010796A7DCB801CE010796E5DB60ECF4
:102CC00079ED10DCB501A40181DB60EC79ED0ADC63
:102CD000B701DADB62EE79ED05DC0E940D04CE016E
:102CE0000796D4DACE010196D1DA2C96CDBFDEBF9D
:102CF000DF91CF911F910F91FF90EF90BF90AF9018
:102D00009F908F9008950F931F93CF93DF938C0123
:102D1000EB0188E2FB0111928A95E9F74BE050E064
:102D200062EC79EDCE010E944A4C1B8681E090E076
:102D3000A0E0B0E08C879D87AE87BF87F8018381D4
:102D40009481092E000CAA0BBB0B888B998BAA8B44
:102D5000BB8B8DE090E0A0E0B0E08C8B9D8BAE8BC8
:102D6000BF8B1CA21DA21EA21FA280E090E0A0E2C9
:102D7000B2EC8C8F9D8FAE8FBF8F80E090E0AAEA7F
:102D8000B2E4888F998FAA8FBB8F8AE999E9A9E964
:102D9000BEE388A399A3AAA3BBA3DF91CF911F9100
:102DA0000F9108950F931F93CF93DF938C01EB0145
:102DB00088E2FB0111928A95E9F74BE050E06BEC59
:102DC00079EDCE010E944A4C1B8681E090E0A0E0A4
:102DD000B0E08C879D87AE87BF87F801838194819F
:102DE000092E000CAA0BBB0B888B998BAA8BBB8B73
:102DF0008CE090E0A0E0B0E08C8B9D8BAE8BBF8B25
:102E00001CA21DA21EA21FA21C8E1D8E1E8E1F8E16
:102E100080E090E0A8ECB2E4888F998FAA8FBB8FF6
:102E200080E090E0A0E0B0E488A399A3AAA3BBA3AC
:102E3000DF91CF911F910F9108954F925F926F9202
:102E40007F929F92AF92BF92CF92DF92EF92FF92CA
:102E50000F931F93CF93DF93CDB7DEB76A97CDBFA4
:102E6000DEBF8C017B016A010E94F8092B013C0145
:102E700080E48A8FD8011C968D919C91FC0124815D
:102E80003581232BA9F4912C892D6A96CDBFDEBF05
:102E9000DF91CF911F910F91FF90EF90DF90CF9036
:102EA000BF90AF909F907F906F905F904F900895EC
:102EB00020812093302B1092EF2A1092312B21E0A9
:102EC00041E050E0BE01665E7F4F0E94B90B88234F
:102ED000D1F264E170E080E090E00E94CB09F8015B
:102EE00084859585188A198A1A8A1B8A89839A8308
:102EF0001B821C8281E08A871F8218861B8686E0DF
:102F0000898746E0BE016C5E7F4FCE010196D1D825
:102F1000982E882309F4B7CFAC88BD88BA24AB2497
:102F2000BA24C5010E94FB0A9E899813ACCFB50153
:102F300090E080E00E94FC4620E03FEF4FE757E43E
:102F40000E94C34820E030E045E253E40E945D4720
:102F500020E030E040E252E40E945E48D8016D93E8
:102F60007D938D939C931397AF88B88CBA24AB2430
:102F7000BA24C5010E94FB0A998D981385CFB5012B
:102F800090E080E00E94FC4620E03FEF4FE757E4EE
:102F90000E94C34820E030E048EC52E40E945D47C4
:102FA000F8016483758386839783C114D10481F10A
:102FB000F601349680E2DF011D928A95E9F784E2FA
:102FC00090E0A0E0B0E0F60180839183A283B38318
:102FD000D8011A968D919C91B0E0A0E084839583EE
:102FE000A683B7838DE090E0A0E0B0E08087918772
:102FF000A287B387408A518A628A738AF8018081E6
:103000009181A281B381F601848B958BA68BB78BBE
:10301000E114F10409F438CFF701349680E2DF01BE
:103020001D928A95E9F784E290E0A0E0B0E0F70114
:1030300080839183A283B383D80118968D919C914C
:10304000B0E0A0E084839583A683B7838DE090E011
:10305000A0E0B0E080879187A287B387408A518A39
:10306000628A738AF80184819581A681B781F7010C
:10307000848B958BA68BB78B07CFAB0170E060E09C
:10308000FC0185819681D9DE81E0089550E040E021
:10309000FC0185819681D1DE81E008952F923F92D7
:1030A0004F925F926F927F928F929F92AF92BF9258
:1030B000CF92DF92EF92FF920F931F93CF93DF9304
:1030C000CDB7DEB7CA50D140CDBFDEBFA8958E01C7
:1030D0000F5F1F4F180186ED9CE20E945F04CF52E4
:1030E000DF4F88839983C15DD040892B11F40C9404
:1030F000A82A86ED9CE20E943D048C0189831A82F5
:1031000041E050E0B10180E49EE235D90A3011057A
:1031100011F72091442E3091452E2093D6293093DB
:10312000D7296091402E7091412E4091D429509121
:10313000D52990E080E082179307CCF14093D42901
:103140005093D52910E000E0E090D429F090D529E3
:1031500060E47EE20E151F050CF03DC0CE018956DD
:103160009F4F50DAA801BE0169567F4FC10127DC8D
:10317000CE0189569F4F8AD8C1018FD89B01AC01DF
:103180006091D0297091D1298091D2299091D32931
:103190000E945F486093D0297093D1298093D229EF
:1031A0009093D329C10172D80F5F1F4FCDCF8217E3
:1031B000930730F4FB01E80FF91F6115710521F445
:1031C00010922928E9E2F8E2E081EC3211F44F5F35
:1031D0005F4F0196B0CFC10115DAA701B101CE0151
:1031E00089549F4FECDBC10151D8CE0189549F4FC8
:1031F00054D86B017C0120E030E040E251E4609162
:10320000D0297091D1298091D2299091D3290E94FF
:103210005F48A70196010E94F84681110C94832A09
:1032200060E47EE2C101EED941E050E0B101CE019F
:103230008F549F4FC4DBC10129D8CE018F549F4FBB
:1032400037D860930E2A70930F2A6B30710509F0FE
:103250005FC30091FF291091002A4090DB29509014
:10326000DC296090DD297090DE2920915929309168
:103270005A2940915B2950915C29C753DF4F28831D
:1032800039834A835B83C95CD0404091E2295091E5
:10329000E3296091E4297091E529CF52DF4F4883FB
:1032A00059836A837B83C15DD040609131297091DD
:1032B00032298091332990913429CB52DF4F688392
:1032C00079838A839B83C55DD04080912529909125
:1032D0002629A0912729B0912829CF51DF4F888333
:1032E0009983AA83BB83C15ED04020911829309175
:1032F000192940911A2950911B29C352DF4F288365
:1033000039834A835B83CD5DD040E0902F29F090D4
:103310003029CB51DF4FE882F982C55ED040E09082
:103320002D29F0902E29C751DF4FE882F982C95E1E
:10333000D040E0902B29F0902C29C351DF4FE88238
:10334000F982CD5ED040E0902929F0902A29CF5013
:10335000DF4FE882F982C15FD040E0901328F090FF
:103360001428CB50DF4FE882F982C55FD0408090AF
:10337000D72A9090D82AA090D92AB090DA2AE09043
:103380001728F0901828CF5FDE4FE882F982C150ED
:10339000D140E090DF29F090E029C750DF4FE8826C
:1033A000F982C95FD040E090C028F090C128C35096
:1033B000DF4FE882F982CD5FD040E090A828F090FE
:1033C000A928CD5FDE4FE882F982C350D140E0905A
:1033D000D928F090DA28CB5FDE4FE882F982C55019
:1033E000D140E090F928F090FA28C95FDE4FE882DA
:1033F000F982C750D140E090E62AF090E72AC75FF3
:10340000DE4FE882F982C950D140B801012E000C8C
:10341000880B990B0E94FE46A30192010E945F480F
:10342000C753DF4F288139814A815B81C95CD04015
:103430000E945F48CF52DF4F288139814A815B81EA
:10344000C15DD0400E945F48CB52DF4F2881398157
:103450004A815B81C55DD0400E945F48CF51DF4FFC
:10346000288139814A815B81C15ED0400E945F48DA
:10347000C352DF4F288139814A815B81CD5DD040C5
:103480000E945F486B017C01CB51DF4F288139815D
:10349000C55ED040B901330F880B990B0E94FE46E0
:1034A0009B01AC01C701B6010E945F486B017C0122
:1034B000C751DF4F48815981C95ED040BA01550FCD
:1034C000880B990B0E94FE469B01AC01C701B60117
:1034D0000E945F486B017C01C351DF4FA881B98115
:1034E000CD5ED040BD01BB0F880B990B0E94FE46FC
:1034F0009B01AC01C701B6010E945F486B017C01D2
:10350000CF50DF4FE881F981C15FD040BF01FF0F8D
:10351000880B990B0E94FE469B01AC01C701B601C6
:103520000E945F486B017C01CB50DF4F28813981BD
:10353000C55FD040B901330F880B990B0E94FE463E
:103540009B01AC01C701B6010E945F486B017C0181
:10355000C501B4010E94FE469B01AC01C701B60142
:103560000E945F486B017C01CF5FDE4F488159812B
:10357000C150D140BA01550F880B990B0E94FE46ED
:103580009B01AC01C701B6010E945F486B017C0141
:10359000C750DF4FA881B981C95FD040BD01BB0FC3
:1035A000880B990B0E94FE469B01AC01C701B60136
:1035B0000E945F486B017C01C350DF4FE881F981B5
:1035C000CD5FD040BF01FF0F880B990B0E94FE46D4
:1035D0009B01AC01C701B6010E945F486B017C01F1
:1035E000CD5FDE4F28813981C350D140B901330FFF
:1035F000880B990B0E94FE469B01AC01C701B601E6
:103600000E945F486B017C01CB5FDE4F488159818E
:10361000C550D140BA01550F880B990B0E94FE4648
:103620009B01AC01C701B6010E945F486B017C01A0
:10363000C95FDE4FA881B981C750D140BD01BB0F22
:10364000880B990B0E94FE469B01AC01C701B60195
:103650000E945F486B017C01C75FDE4FE881F98102
:10366000C950D140BF01FF0F880B990B0E94FE4645
:103670009B01AC01C701B6010E945F4820E030E029
:1036800040E251E40E945F486B017C01C0920A2A2B
:10369000D0920B2AE0920C2AF0920D2A2091172842
:1036A00030911828CF5FDE4F28833983C150D14035
:1036B00063EE79EDCE0181569F4F0E940A13BE0141
:1036C00061567F4FCE0189569F4F0E940213B3016E
:1036D000A201CE0189569F4F0E94E61160EC79ED60
:1036E0000E947212B8010E94441260EC79ED0E94AF
:1036F0007212C753DF4F488159816A817B81C95C4F
:10370000D0400E94E61160EC79ED0E947212CF5217
:10371000DF4F488159816A817B81C15DD0400E9421
:10372000E61160EC79ED0E947212CB52DF4F4881B6
:1037300059816A817B81C55DD0400E94E61160ECB1
:1037400079ED0E947212CF51DF4F488159816A8111
:103750007B81C15ED0400E94E61160EC79ED0E9451
:103760007212C352DF4F488159816A817B81CD5DDE
:10377000D0400E94E61160EC79ED0E947212CB51AC
:10378000DF4F68817981C55ED0400E94441260ECB1
:1037900079ED0E947212C751DF4F68817981C95E4D
:1037A000D0400E94441260EC79ED0E947212C35125
:1037B000DF4F68817981CD5ED0400E94441260EC79
:1037C00079ED0E947212CF50DF4F68817981C15F1D
:1037D000D0400E94441260EC79ED0E947212CB50EE
:1037E000DF4F68817981C55FD0400E94441260EC50
:1037F00079ED0E9472128C012AE0A101C501B40189
:103800000E94F242F10101900020E9F73197AF01E7
:1038100042195309B101C8010E94BB11811103C0B3
:10382000C8010E94341160EC79EDC8010E94721247
:10383000CF5FDE4F68817981C150D1400E94441230
:1038400060EC79ED0E947212C750DF4F6881798178
:10385000C95FD0400E94441260EC79ED0E94721260
:10386000C350DF4F68817981CD5FD0400E94441200
:1038700060EC79ED0E947212CD5FDE4F6881798134
:10388000C350D1400E94441260EC79ED0E94721244
:10389000CB5FDE4F68817981C550D1400E944412D0
:1038A00060EC79ED0E947212C95FDE4F6881798108
:1038B000C750D1400E94441260EC79ED0E94721210
:1038C000C75FDE4F68817981C950D1400E944412A0
:1038D00060EC79ED0E947212B701A6010E94E61118
:1038E00060EC79ED0E9472126BE070E00E9444126D
:1038F00062EE79ED0E9472120E940D04CE0189568B
:103900009F4F0E944611CE0181569F4F0E94461143
:1039100080910E2A90910F2A819709F046C080E08D
:1039200090E0A8EDB1E480930A2A90930B2AA0932B
:103930000C2AB0930D2A63EE79EDCE0189569F4F84
:103940000E940A13BE0169567F4FC1010E940213F3
:1039500061E070E0C1010E94441260EC79ED0E94C8
:10396000721260E170E00E94441260EC79ED0E94F6
:10397000721240E050E068ED71E40E94E61160ECE4
:1039800079ED0E94721261E270E00E94441262EED0
:1039900079ED0E9472120E940D04C1010E9446112D
:1039A000CE0189569F4F0E94461180910E2A909118
:1039B0000F2AC79709F075C20091FB291091FC29C5
:1039C0002091FD293091FE294090E6295090E72969
:1039D0006090E8297090E9294091DC285091DD2819
:1039E0006091DE287091DF28C753DF4F48835983E9
:1039F0006A837B83C95CD040609100297091012962
:103A00008091022990910329CF52DF4F68837983F7
:103A10008A839B83C15DD0408091FC289091FD28D2
:103A2000A091FE28B091FF28CB52DF4F8883998365
:103A3000AA83BB83C55DD04040910B2950910C29CE
:103A400060910D2970910E29CF51DF4F4883598322
:103A50006A837B83C15ED0406091072970910829F9
:103A60008091092990910A29C352DF4F6883798395
:103A70008A839B83CD5DD04080912A2890912B280A
:103A8000A0912C28B0912D28CB51DF4F88839983AA
:103A9000AA83BB83C55ED040409182285091832881
:103AA0006091842870918528C751DF4F48835983DE
:103AB0006A837B83C95ED04060912E2870912F2845
:103AC0008091302890913128C351DF4F68837983EA
:103AD0008A839B83CD5ED0408091D5289091D62853
:103AE000A091D728B091D828CF50DF4F88839983F1
:103AF000AA83BB83C15FD0404091F5285091F6283E
:103B00006091F7287091F828CB50DF4F4883598394
:103B10006A837B83C55FD0408091E1289091E22841
:103B20006CE370E00E949E49C750DF4F6883798341
:103B3000C95FD040BCE3CB2ED12CE12CF12CC901C4
:103B4000B801A70196010E94B14949015A01C30178
:103B5000B201A70196010E94B149C501B401620FEB
:103B6000731F841F951F0E94FC46C753DF4F288197
:103B700039814A815B81C95CD0400E945F48CF5245
:103B8000DF4F288139814A815B81C15DD0400E942D
:103B90005F48CB52DF4F288139814A815B81C55D07
:103BA000D0400E945F48CF51DF4F288139814A8140
:103BB0005B81C15ED0400E945F48C352DF4F2881C5
:103BC00039814A815B81CD5DD0400E945F48CB51F5
:103BD000DF4F288139814A815B81C55ED0400E94D8
:103BE0005F48C751DF4F288139814A815B81C95EB7
:103BF000D0400E945F484B015C01C351DF4F688198
:103C000079818A819B81CD5ED0400E94FC469B01D8
:103C1000AC01C501B4010E945F484B015C01CF506B
:103C2000DF4F688179818A819B81C15FD0400E948A
:103C3000FC469B01AC01C501B4010E945F484B01E9
:103C40005C01CB50DF4F688179818A819B81C55FA0
:103C5000D0400E94FC469B01AC01C501B4010E940A
:103C60005F484B015C01C750DF4F08811981C95F74
:103C7000D040B801110F880B990B0E94FE469B01A2
:103C8000AC01C501B4010E945F4820E030E040E291
:103C900051E40E945F484B015C0180920A2A909295
:103CA0000B2AA0920C2AB0920D2A2091E62930917D
:103CB000E7294091E8295091E929C350DF4F288333
:103CC00039834A835B83CD5FD0404090FB2950907D
:103CD000FC296090FD297090FE2963EE79EDCE01FC
:103CE00089569F4F0E940A13BE0169567F4FC1013A
:103CF0000E940213C301B201A70196010E94B149BB
:103D0000BA01A901C1010E94151260EC79ED0E946F
:103D100072128C01C350DF4F688179818A819B8147
:103D2000CD5FD040A70196010E94B149BA01A90117
:103D3000C8010E94151260EC79ED0E947212C753FF
:103D4000DF4F488159816A817B81C95CD0400E94E4
:103D5000E61160EC79ED0E947212CF52DF4F48817C
:103D600059816A817B81C15DD0400E94E61160EC7F
:103D700079ED0E947212CB52DF4F488159816A81DE
:103D80007B81C55DD0400E94E61160EC79ED0E9418
:103D90007212CF51DF4F488159816A817B81C15EA8
:103DA000D0400E94E61160EC79ED0E947212C3527D
:103DB000DF4F488159816A817B81CD5DD0400E946F
:103DC000E61160EC79ED0E947212CB51DF4F488111
:103DD00059816A817B81C55ED0400E94E61160EC0A
:103DE00079ED0E947212C751DF4F488159816A8173
:103DF0007B81C95ED0400E94E61160EC79ED0E94A3
:103E00007212C351DF4F488159816A817B81CD5E37
:103E1000D0400E94151260EC79ED0E947212CF50D2
:103E2000DF4F488159816A817B81C15FD0400E9408
:103E3000151260EC79ED0E947212CB50DF4F488171
:103E400059816A817B81C55FD0400E94151260EC68
:103E500079ED0E947212C750DF4F68817981C95F86
:103E6000D0400E94441260EC79ED0E947212B501BC
:103E7000A4010E94E61160EC79ED0E94721267E3E2
:103E800070E00E94441262EE79ED0E9472120E946C
:103E90000D04C1010E944611CE0189569F4F0E9418
:103EA000461180910E2A90910F2A8D34910519F4B4
:103EB000F0E0E0E0099580910E2A90910F2A833678
:103EC000910561F40E94E80C60930A2A70930B2A12
:103ED00080930C2A90930D2A0E94641580910E2ADB
:103EE00090910F2A8C9709F066C08091162A9091C4
:103EF000172A892B41F01092782810927928109275
:103F0000162A1092172A8091142A9091152A892B2B
:103F100031F48091122A9091132A892B61F010922A
:103F20007A2810927B281092142A1092152A109247
:103F3000122A1092132A10921A2A10921B2A1092F7
:103F4000182A1092192A1092202A1092212A1092CF
:103F5000222A1092232A1092D52A1092D62A109241
:103F60001E2A10921F2A10921C2A10921D2A1092AB
:103F7000102A1092112A63EE79EDC1010E940A13F2
:103F8000B101CE0189569F4F0E94021362E27EE288
:103F9000CE0189569F4F0E94861262EE79ED0E94F3
:103FA00072120E940D04CE0189569F4F0E94461145
:103FB000C1010E94461180910E2A90910F2A8336EA
:103FC000910561F40E94E80C60930A2A70930B2A11
:103FD00080930C2A90930D2A0E94641580910E2ADA
:103FE00090910F2A469709F043C060E47EE2C10138
:103FF0000E94021342E050E0B101CE0189569F4F6A
:104000000E94DF14C1010E944611CE0189569F4FC4
:104010000E9458116130710509F042C360E47EE2EC
:10402000CE0181569F4F0E94021343E050E0BE0133
:1040300061567F4FC1010E94DF14CE0181569F4F10
:104040000E944611C1010E944D1121E02093CF2909
:104050006093CB297093CC298093CD299093CE295E
:10406000C1010E944611CE0189569F4F0E94461100
:1040700080910E2A90910F2A8234910599F48091B3
:10408000092A882309F433C380E090E0A0E3B1E477
:1040900080930A2A90930B2AA0930C2AB0930D2A9E
:1040A0000E94321680910E2A90910F2A8835910530
:1040B00009F03FC063EE79EDC1010E940A13B1011E
:1040C000CE0189569F4F0E94021362E27EE2CE012A
:1040D00089569F4F0E94861262EE79ED0E947212FD
:1040E0000E940D04CE0189569F4F0E944611C101C6
:1040F0000E94461160E47EE2CE0189569F4F0E94E5
:10410000021342E050E0BE0169567F4FC1010E9498
:10411000DF14CE0189569F4F0E944611C1010E94B3
:1041200058116130710511F41092092AC1010E94E1
:10413000461180910E2A90910F2A892B09F046C2D0
:1041400060E47EE2C1010E94021342E050E0B1014E
:10415000CE0189569F4F0E94DF14C1010E94461173
:1041600060E47EE2CE0181569F4F0E94021343E03D
:1041700050E0BE0161567F4FC1010E94DF14CE01A5
:1041800081569F4F0E944611CE0189569F4F0E9433
:1041900058118B016093C4297093C529C1010E94F5
:1041A00058116093C2297093C329012B09F074C080
:1041B000672B09F0A1C21092C12981E08093C02928
:1041C000109215280E94F8098B019C016093B82970
:1041D0001093B9298093BA293093BB291092BC2936
:1041E0001092BD291092BE291092BF296093B02968
:1041F0001093B1298093B2293093B3291092B42936
:104200001092B5291092B6291092B7296093A82967
:104210001093A9298093AA293093AB291092AC2935
:104220001092AD291092AE291092AF296093A02967
:104230001093A1298093A2293093A3291092A42935
:104240001092A5291092A6291092A72963EE79ED64
:10425000CE0181569F4F0E940A13BE0161567F4FC7
:10426000CE018B559F4F0E94021362E27EE2CE0187
:104270008B559F4F0E94861262EE79ED0E9472125A
:104280000E940D04CE018B559F4F0E944611CE0116
:1042900081569F4F0E9446110091C4291091C52953
:1042A00001301105B9F58091C2299091C329892B5C
:1042B00009F026C260E088E00E943A0610921728B2
:1042C0001092182810929F2963EE79EDCE01815645
:1042D0009F4F0E940A13BE0161567F4FCE018B553E
:1042E0009F4F0E94021362E27EE2CE018B559F4FE8
:1042F0000E94861262EE79ED0E9472120E940D04F5
:10430000CE018B559F4F0E944611CE0181569F4F83
:104310000E9446118091C4299091C5290297B9F550
:104320008091C2299091C329892B09F0F5C160E0E1
:1043300087E00E943A061092DF291092E02910923D
:10434000E12963EE79EDCE0181569F4F0E940A1359
:10435000BE0161567F4FCE018B559F4F0E940213C5
:1043600062E27EE2CE018B559F4F0E94861262EE82
:1043700079ED0E9472120E940D04CE018B559F4F61
:104380000E944611CE0181569F4F0E944611809196
:10439000C4299091C5290397A9F58091C2299091CC
:1043A000C329892B09F0C5C160E083E00E943A0669
:1043B00060E084E00E943A0663EE79EDCE0181561A
:1043C0009F4F0E940A13BE0161567F4FCE018B554D
:1043D0009F4F0E94021362E27EE2CE018B559F4FF7
:1043E0000E94861262EE79ED0E9472120E940D0404
:1043F000CE018B559F4F0E944611CE0181569F4F93
:104400000E9446118091C4299091C529049789F58D
:104410008091C2299091C32960E0892B09F061E065
:1044200085E00E943A0663EE79EDCE0181569F4FFA
:104430000E940A13BE0161567F4FCE018B559F4FDC
:104440000E94021362E27EE2CE018B559F4F0E94D2
:10445000861262EE79ED0E9472120E940D04CE0166
:104460008B559F4F0E944611CE0181569F4F0E944F
:1044700046118091C4299091C529059789F58091AD
:10448000C2299091C32960E0892B09F061E086E0A0
:104490000E943A0663EE79EDCE0181569F4F0E944D
:1044A0000A13BE0161567F4FCE018B559F4F0E946C
:1044B000021362E27EE2CE018B559F4F0E9486126C
:1044C00062EE79ED0E9472120E940D04CE018B55AE
:1044D0009F4F0E944611CE0181569F4F0E94461168
:1044E0008091C4299091C529069789F58091C229A8
:1044F0009091C32960E0892B09F061E083E00E947C
:104500003A0663EE79EDCE0181569F4F0E940A1361
:10451000BE0161567F4FCE018B559F4F0E94021303
:1045200062E27EE2CE018B559F4F0E94861262EEC0
:1045300079ED0E9472120E940D04CE018B559F4F9F
:104540000E944611CE0181569F4F0E9446118091D4
:10455000C4299091C529079789F58091C229909126
:10456000C32960E0892B09F061E084E00E943A06EB
:1045700063EE79EDCE0181569F4F0E940A13BE0172
:1045800061567F4FCE018B559F4F0E94021362E20E
:104590007EE2CE018B559F4F0E94861262EE79ED2E
:1045A0000E9472120E940D04CE018B559F4F0E94F3
:1045B0004611CE0181569F4F0E944611C1010E94B3
:1045C0004611CE0189569F4F0E944611C0900E2A77
:1045D000D0900F2AF1E0CF16D10409F003C260E4B5
:1045E0007EE2C1010E94021342E050E0B101CE011F
:1045F00089569F4F0E94DF14C1010E94461160E45A
:104600007EE2CE0181569F4F0E94021343E050E0AC
:10461000BE0161567F4FC1010E94DF14CE01815659
:104620009F4F0E944611CE0189569F4F0E945811FC
:104630008B0160939D2970939E29C1010E9458119E
:104640007B0160939B2970939C290115110509F04A
:1046500076C060931328709314280430110509F074
:10466000D7C080910B2890910C28EF2809F087C1C2
:10467000019709F030C160E081E00E943A06109293
:104680000B2810920C288091D72A9091D82AA091BB
:10469000D92AB091DA2A805B9F4FAF4FBF4F13C129
:1046A0006230710509F0DFCC60E47EE2CE01815614
:1046B0009F4F0E94021343E050E0BE0161567F4FBE
:1046C000C1010E94DF14CE0181569F4F0E94461106
:1046D000C1010E944D1121E02093CA296093C6298F
:1046E0007093C7298093C8299093C929B9CC80E0D9
:1046F00090E0A0E2B1E4CCCC81E08093C129A6CDCA
:1047000061E088E00E943A06009317281093182869
:1047100081E080939F29D8CD61E087E00E943A062E
:1047200081E090E08093DF299093E0298093E12954
:1047300008CE61E083E00E943A0661E03ACE0F3F86
:104740001105E1F5672B09F560E086E20E943A0663
:1047500060E087E20E943A0660E080E00E943A064C
:1047600060E081E00E943A0660E082E00E943A0642
:104770008FE996E8A1E0B0E08093D72A9093D82AF9
:10478000A093D92AB093DA2A68CF61E086E20E942A
:104790003A0661E087E20E943A0661E080E00E940A
:1047A0003A0661E081E00E943A0661E082E00E9400
:1047B0003A0687E69BE2A0E0B0E0DECF01301105CB
:1047C00009F05FC08091112890911228E114F10442
:1047D00009F040C00197E1F460E086E20E943A06E9
:1047E00010921128109212288091D72A9091D82ADD
:1047F000A091D92AB091DA2A8058974CAE4FBF4F7A
:104800008093D72A9093D82AA093D92AB093DA2AF2
:104810000530110509F05FC08091092890910A28A0
:10482000EF2809F0C6C0019709F055C060E082E0AA
:104830000E943A061092092810920A288091D72ADD
:104840009091D82AA091D92AB091DA2A0896A11D70
:10485000B11D39C0892BE1F661E086E20E943A067B
:1048600000931128109312288091D72A9091D82A6A
:10487000A091D92AB091DA2A80589843A140B10971
:10488000BFCF0230110511F00C942A3C80910F2803
:1048900090911028EF2809F044C00197E1F460E0FE
:1048A00087E20E943A0610920F28109210288091F9
:1048B000D72A9091D82AA091D92AB091DA2A805C7F
:1048C000904EAF4FBF4F8093D72A9093D82AA09392
:1048D000D92AB093DA2AC1010E944611CE01895625
:1048E0009F4F0E94461163EE79ED80E49EE20E94A4
:1048F000B612CE018F549F4F0E9446111092D029BC
:104900001092D1291092D2291092D3291092D42931
:104910001092D529CE0189549F4F0E9446110C94C4
:104920006B18892BC1F661E087E20E943A06C092BB
:104930000F28D09210288091D72A9091D82AA09140
:10494000D92AB091DA2A80549F41A109B109BBCF7D
:10495000892B09F661E080E00E943A06C0920D289A
:10496000D0920E288091D72A9091D82AA091D92A46
:10497000B091DA2A80529340A109B109A4CF892BC2
:1049800009F0A9CF61E081E00E943A0681E090E061
:1049900080930B2890930C288091D72A9091D82A45
:1049A000A091D92AB091DA2A80559109A109B109BB
:1049B0008ACF892B09F08FCF61E082E00E943A060E
:1049C00081E090E08093092890930A288091D72A6B
:1049D0009091D82AA091D92AB091DA2A0897A109F2
:1049E000B10971CF02E0C016D10409F07CCF60E4B8
:1049F0007EE2C1010E94021342E050E0B101CE010B
:104A000085559F4F0E94DF14C1010E944611CE01BF
:104A100085559F4F0E9458116093992970939A2948
:104A2000672B11F40E9468138091992990919A291B
:104A3000019709F08EC060E47EE2C1010E9402137A
:104A400043E050E0B101CE0189569F4F0E94DF1430
:104A5000C1010E94461160E47EE2CE0181569F4F63
:104A60000E94021344E050E0BE0161567F4FC10135
:104A70000E94DF14CE0181569F4F0E944611CE0145
:104A800089569F4F0E945811C62EE62EF72EE092AF
:104A90009729F0929829C1010E945811D62E062F0D
:104AA000172F00939529109396298091932990911F
:104AB0009429E816F90609F013C58091912990917F
:104AC00092290817190709F00BC5109208286C2DB8
:104AD00090E080E00E948C0C6D2D84E090E00E94BC
:104AE0008C0CE0929329F0929429009391291093D1
:104AF000922963EE79EDCE0181569F4F0E940A13F1
:104B0000BE0161567F4FCE018B559F4F0E9402130D
:104B100062E27EE2CE018B559F4F0E94861262EECA
:104B200079ED0E9472120E940D04CE018B559F4FA9
:104B30000E944611CE0181569F4F0E9446110E944D
:104B40006813C1010E944611CE0189569F4F0E94F1
:104B500046118091992990919A29029709F0F3C002
:104B600060E47EE2C1010E94021343E050E0B10123
:104B7000CE0181569F4F0E94DF14C1010E94461151
:104B800060E47EE2C1010E94021344E050E0B10102
:104B9000CE0189569F4F0E94DF14C1010E94461129
:104BA00060E47EE2CE018B559F4F0E94021345E0E8
:104BB00050E0BE016B557F4FC1010E94DF14CE0152
:104BC0008B559F4F0E944611CE0181569F4F0E94E8
:104BD0004D116B017C01CE0189569F4F0E944D11F2
:104BE0002B013C01C1010E944D114B015C0120E0F1
:104BF00030E040E251E4C701B6010E945D470E94E7
:104C00002B49D62EC72EE62EF72E862F9C2D80936D
:104C10008F299093902920E030E040E251E4C301D5
:104C2000B2010E945D470E942B49762E672E062F07
:104C3000172F862F962D80938D2990938E2920E013
:104C400030E040E251E4C501B4010E945D470E949A
:104C50002B49B62EA72E262F372F862F9A2D8093DD
:104C60008B2990938C298091892990918A29E81623
:104C7000F90609F039C4809187299091882908178D
:104C8000190709F031C48091852990918629281748
:104C9000390709F029C4109208286D2D88E090E0AA
:104CA0000E948C0C672D8CE090E00E948C0C6B2D88
:104CB00080E190E00E948C0C8D2D9C2D80938929A1
:104CC00090938A29872D962D809387299093882900
:104CD0008B2D9A2D809385299093862963EE79ED0B
:104CE000CE018B559F4F0E940A13BE016B557F4F1B
:104CF000CE0183549F4F0E94021362E27EE2CE01F6
:104D000083549F4F0E94861262EE79ED0E947212C8
:104D10000E940D04CE0183549F4F0E944611CE0184
:104D20008B559F4F0E9446110E946813C1010E943B
:104D30004611CE0189569F4F0E944611CE018156E1
:104D40009F4F0E9446118091992990919A2903972B
:104D500009F080C060E47EE2C1010E94021343E0DA
:104D600050E0B101CE0189569F4F0E94DF14C1016E
:104D70000E94461160E47EE2CE0181569F4F0E9460
:104D8000021344E050E0BE0161567F4FC1010E9412
:104D9000DF14CE0181569F4F0E9446116EE27EE2E3
:104DA000CE0189569F4F0E946311882309F4A0C346
:104DB00068E27EE2C1010E946311882309F498C36E
:104DC00010920828BE0169567F4F84E190E00E944E
:104DD000A50CB10189E190E00E94A50CBE016956C5
:104DE0007F4F8EE29EE20E94ED12B10188E29EE2C8
:104DF0000E94ED1263EE79EDCE0181569F4F0E9425
:104E00000A13BE0161567F4FCE018B559F4F0E9402
:104E1000021362E27EE2CE018B559F4F0E94861202
:104E200062EE79ED0E9472120E940D04CE018B5544
:104E30009F4F0E944611CE0181569F4F0E944611FE
:104E40000E946813C1010E944611CE0189569F4FEE
:104E50000E9446118091992990919A29049709F00E
:104E60007FC060E47EE2C1010E94021343E050E093
:104E7000B101CE0189569F4F0E94DF14C1010E94EB
:104E8000461160E47EE2CE0181569F4F0E940213DC
:104E900044E050E0BE0161567F4FC1010E94DF1423
:104EA000CE0181569F4F0E9446116AE37EE2CE01F9
:104EB00089569F4F0E946311882339F064E37EE294
:104EC000C1010E946311811117C381E080930828FA
:104ED000BE0169567F4F8FE190E00E94A50CB101A1
:104EE00084E290E00E94A50CBE0169567F4F8AE3E0
:104EF0009EE20E94ED12B10184E39EE20E94ED1257
:104F000063EE79EDCE0181569F4F0E940A13BE01D8
:104F100061567F4FCE018B559F4F0E94021362E274
:104F20007EE2CE018B559F4F0E94861262EE79ED94
:104F30000E9472120E940D04CE018B559F4F0E9459
:104F40004611CE0181569F4F0E9446110E94681360
:104F5000C1010E944611CE0189569F4F0E94461101
:104F60008091992990919A29059709F0F2C060E4FF
:104F70007EE2C1010E94021343E050E0B101CE0184
:104F80008B559F4F0E94DF14C1010E94461160E4BF
:104F90007EE2C1010E94021344E050E0B101CE0163
:104FA00081569F4F0E94DF14C1010E94461160E4A8
:104FB0007EE2C1010E94021345E050E0B101CE0142
:104FC00089569F4F0E94DF14C1010E94461160E480
:104FD0007EE2CE0183549F4F0E94021346E050E0D0
:104FE000BE0163547F4FC1010E94DF14CE01835480
:104FF0009F4F0E944611CE018B559F4F0E94581122
:10500000662EA62EB72EA0928329B0928429CE01B7
:1050100081569F4F0E945811762EC62ED72EC092D1
:105020008129D0928229CE0189569F4F0E94581122
:10503000862EE62EF72EE0927F29F0928029C1017C
:105040000E945811962E062F172F00937D2910933A
:105050007E2980917B2990917C29A816B90609F0B8
:105060004EC28091792990917A29C816D90609F003
:1050700046C28091772990917829E816F90609F0BF
:105080003EC280917529909176290817190709F079
:1050900036C210920828662D89E290E00E948C0C9E
:1050A000672D8DE290E00E948C0C682D81E390E0EA
:1050B0000E948C0C692D85E390E00E948C0CA092DC
:1050C0007B29B0927C29C0927929D0927A29E092EA
:1050D0007729F0927829009375291093762963EE49
:1050E00079EDCE0183549F4F0E940A13BE01635491
:1050F0007F4FCE018D539F4F0E94021362E27EE2EA
:10510000CE018D539F4F0E94861262EE79ED0E9470
:1051100072120E940D04CE018D539F4F0E944611C2
:10512000CE0183549F4F0E9446110E946813C10113
:105130000E944611CE0189569F4F0E944611CE0112
:1051400081569F4F0E944611CE018B559F4F0E9462
:1051500046118091992990919A29069709F0D4C017
:1051600060E47EE2C1010E94021343E050E0B1011D
:10517000CE0189569F4F0E94DF14C1010E94461143
:10518000CE0189569F4F0E945811609373297093E6
:10519000742960E47EE2CE0181569F4F0E94021383
:1051A00044E050E0BE0161567F4FC1010E94DF1410
:1051B000CE0181569F4F0E944611C1010E944D11A0
:1051C0006B017C018091732990917429019799F565
:1051D00081E080937229C0926E29D0926F29E0926B
:1051E0007029F09271291092072863EE79EDCE01B3
:1051F00081569F4F0E940A13BE0161567F4FCE0118
:105200008B559F4F0E94021362E27EE2CE018B55C6
:105210009F4F0E94861262EE79ED0E9472120E94E8
:105220000D04CE018B559F4F0E944611CE01815631
:105230009F4F0E9446118091732990917429029783
:1052400099F581E080936D29C0926929D0926A29ED
:10525000E0926B29F0926C291092192863EE79ED97
:10526000CE0181569F4F0E940A13BE0161567F4FA7
:10527000CE018B559F4F0E94021362E27EE2CE0167
:105280008B559F4F0E94861262EE79ED0E9472123A
:105290000E940D04CE018B559F4F0E944611CE01F6
:1052A00081569F4F0E94461163EE79EDCE018156E3
:1052B0009F4F0E940A13BE0161567F4FCE018B554E
:1052C0009F4F0E94021362E27EE2CE018B559F4FF8
:1052D0000E94861262EE79ED0E9472120E940D0405
:1052E000CE018B559F4F0E944611CE0181569F4F94
:1052F0000E9446110E946813C1010E944611CE010E
:1053000089569F4F0E9446118091992990919A2920
:10531000079709F0E1C060E47EE2C1010E94021338
:1053200043E050E0B101CE0189569F4F0E94DF1447
:10533000C1010E944611CE0189569F4F0E9458110B
:1053400060936729709368296130710509F04BC03B
:1053500060E47EE2CE0181569F4F0E94021344E03A
:1053600050E0BE0161567F4FC1010E94DF14CE01A3
:1053700081569F4F0E944611C1010E944D1121E0AC
:10538000209366296093622970936329809364292E
:105390009093652963EE79EDCE0181569F4F0E946F
:1053A0000A13BE0161567F4FCE018B559F4F0E945D
:1053B000021362E27EE2CE018B559F4F0E9486125D
:1053C00062EE79ED0E9472120E940D04CE018B559F
:1053D0009F4F0E944611CE0181569F4F0E94461159
:1053E000C1010E9446118091672990916829029716
:1053F00009F04BC060E47EE2CE0181569F4F0E94CF
:10540000021344E050E0BE0161567F4FC1010E948B
:10541000DF14CE0181569F4F0E944611C1010E94A8
:105420004D1121E02093612960935D2970935E29DD
:1054300080935F299093602963EE79EDCE018156C8
:105440009F4F0E940A13BE0161567F4FCE018B55BC
:105450009F4F0E94021362E27EE2CE018B559F4F66
:105460000E94861262EE79ED0E9472120E940D0473
:10547000CE018B559F4F0E944611CE0181569F4F02
:105480000E944611C1010E94461163EE79EDC101EF
:105490000E940A13B101CE0181569F4F0E94021350
:1054A00062E27EE2CE0181569F4F0E94861262EE3A
:1054B00079ED0E9472120E940D04CE0181569F4F19
:1054C0000E944611C1010E9446110E946813CE013C
:1054D00089569F4F0E944611CE0185559F4F01CAA4
:1054E00081E080930828F3CA81E080930828D5CB17
:1054F00081E08093082866CC10920828E9CC81E0EE
:1055000080930828C8CD63EE79ED80E49EE20E9486
:10551000B61263EE79EDC1010E940A13B101CE010A
:1055200089569F4F0E9402136CE17EE2CE0189569C
:105530009F4F0E94861262EE79ED0E9472120E94C5
:105540000D04CE0189569F4F0E944611C101D4C956
:1055500080916629882301F120E030E040E752E4A1
:1055600060916229709163298091642990916529E5
:105570000E94C3489B01AC0160E070E080E291E4CE
:105580000E94C3480E9430498AE390E00E948C0C3C
:105590000E9468131092662980916129882301F185
:1055A00020E030E040E752E460915D2970915E298F
:1055B00080915F29909160290E94C3489B01AC01B2
:1055C00060E070E080E291E40E94C3480E943049AC
:1055D00088E490E00E948C0C0E946813109261296C
:1055E000E0916C2EF0916D2E13861586148612862E
:1055F00011861086178216821582148213821092E9
:105600006A2E10926B2E4E0117E9810E911C11E04B
:10561000B40180916C2E90916D2E0E94DE0F882334
:1056200009F475C067E0C4010E94350AD4011796D9
:105630009C9117978913ECCF80916A2E8F5F80938E
:105640006A2E8C91883231F008F047C0803111F019
:105650008232F1F680916B2E8F5F80936B2E80915A
:10566000632E811126C080916C2E90916D2E0E9428
:10567000380FB40180916C2E90916D2E0E94DD0A3E
:1056800040E064EB80916C2E90916D2E0E94A80AF0
:1056900080916C2E90916D2E0E944C0A082F809163
:1056A0006C2E90916D2E0E94380F011102C0109344
:1056B000632EF40180818031D9F0BE016F5F7F4F8E
:1056C000C4010E94720F882331F08D818F3391F0D5
:1056D00058F48F31C1F080E00EC08B3309F4BACF9B
:1056E000823409F095CFB6CF8F3579F08F3799F79F
:1056F0008CE001C08AE09091662E981708F088CF60
:105700008093662E85CF89E0F6CF8BE0F4CF809131
:105710006C2E90916D2E0E94380F40E06CEC8091C1
:105720006C2E90916D2E0E94A80A4091632E64E425
:1057300080916C2E90916D2E0E94A80A8091672E08
:10574000882321F1E091662E8091682E882311F440
:105750000C9417388091632E81110C9417380E9495
:10576000F8096B017C0180916C2E90916D2E0E9446
:105770004C0A813059F00E94F8096C197D098E0994
:105780009F096E3E72408105910568F3E0916C2E91
:10579000F0916D2E1386158614861286118610865A
:1057A00017821682158214821382B40180916C2EA6
:1057B00090916D2E0E94DE0F81110C94413860E0B3
:1057C00070E08EEF92EC6093DB297093DC2980937C
:1057D000DD299093DE298EE10E940C07182F81E0CD
:1057E00090E0112311F090E080E08093DB2A909309
:1057F000DC2A86E10E940C0790E011110C94973886
:10580000892B11F40C94993882E090E08093FF2961
:105810009093002A0E94F8097B018C0120E030E07F
:10582000A901C753DF4F6883C95CD040C653DF4F1F
:10583000F882CA5CD040C553DF4F8883CB5CD04030
:10584000C453DF4F1883CC5CD040C353DF4F288351
:10585000CD5CD040C253DF4F3883CE5CD040C153C3
:10586000DF4F4883CF5CD040C053DF4F5883C05DCB
:10587000D0402091DE2A3091DF2A4091E02A5091D9
:10588000E12A6091E22A7091E32A8091E42A9091C2
:10589000E52A28573C4E4F4F5F4F6F4F7F4F8F4F3A
:1058A0009F4F59016A017B018C01C753DF4F28814B
:1058B000C95CD040C653DF4F3881CA5CD040C55365
:1058C000DF4F4881CB5CD040C453DF4F5881CC5C64
:1058D000D04060E070E080E090E00E94274A50F104
:1058E0002093DE2A3093DF2A4093E02A5093E12A66
:1058F0001092E22A1092E32A1092E42A1092E52AEA
:10590000809136289091372869E470E00E949E4982
:10591000072E000C880B990B0E94FE4660933228DC
:10592000709333288093342890933528109236282A
:105930001092372820E030E040E451E460913228B2
:105940007091332880913428909135280E945D47CA
:1059500020E030E040EF51E40E94C34860935929B1
:1059600070935A2980935B2990935C298091DD2A5A
:10597000882311F40C94A33848E358E265E379E2F4
:1059800081E59EE20E941D1780914C2890914D2840
:10599000A0914E28B0914F288093E2299093E3295B
:1059A000A093E429B093E5298091492990914A294F
:1059B000A0914B29B0914C298093312990933229A1
:1059C000A0933329B093342981E20E940C0721E08F
:1059D00030E0882311F030E020E020932F2930932D
:1059E00030298DE10E940C0721E030E0882311F07E
:1059F00030E020E020932D2930932E298FE10E9462
:105A00000C0721E030E0882311F030E020E0209303
:105A10002B2930932C2980E20E940C0721E030E0F2
:105A2000882311F030E020E02093292930932A299F
:105A30008091C029882309F4EEC160E08CE00E94C7
:105A40003A060E94F8095B016C012091B829309157
:105A5000B9294091BA295091BB296091BC29709114
:105A6000BD298091BE299091BF2928573C4E4F4FA8
:105A70005F4F6F4F7F4F8F4F9F4F29013A01B62FD6
:105A8000A72FF82FE92F9501A60160E070E080E0D4
:105A900090E052016301EB2EFA2E0F2F1E2F0E9471
:105AA000274A29F020F061E08BE00E943A060E942C
:105AB000F8095B016C012091B0293091B129409126
:105AC000B2295091B3296091B4297091B529809180
:105AD000B6299091B7292856354C4F4F5F4F6F4FDD
:105AE0007F4F8F4F9F4F29013A01B62FA72FF82FD5
:105AF000E92F9501A60160E070E080E090E052019E
:105B00006301EB2EFA2E0F2F1E2F0E94274A09F059
:105B100008F481C17E0129E2E20EF11C8E010F5FC3
:105B20001F4F93E0D92ECC24C394D0920606C09286
:105B3000080680910B0680FFFCCF609110067091E3
:105B40001106072E000C880B990B0E94FE46D80107
:105B50006D937D938D939D938D01EA16FB0629F736
:105B600022242394312C2C0E3D1EB4E22B0E311C2A
:105B70008E010F5F1F4F7801F801408051806280D5
:105B80007380D7011496AD90BD90CD90DC9017979F
:105B9000A6019501C301B2010E949A491816B4F4F6
:105BA000F801A082B182C282D382C301B2010E94F5
:105BB0002B49072E000C880B990B0E94FE46D7013B
:105BC00014966D937D938D939C931797B4E0EB0E91
:105BD000F11C2E143F0481F60C5F1F4F02151305B4
:105BE00051F67E01E9E0EE0EF11C01E010E00C0F31
:105BF0001D1F005E1F4F60E070E0CB01D7014D908C
:105C00005D906D907D907D010E94FC46A301920104
:105C10000E945F480E943049E016F10679F70E9421
:105C2000FC4620E030E040EA50E40E945D4720E07E
:105C300030E040E85AE30E945D4720E030E040EC6D
:105C400050E40E94C34820E030E040E650E40E9467
:105C50005D472091072821110C94A93821E0209359
:105C600007286093252970932629809327299093EC
:105C7000282920917229222329F19B01AC016091EE
:105C80006E2970916F2980917029909171290E94DD
:105C90005E489B01AC01609121297091222980917D
:105CA0002329909124290E945F48609321297093B1
:105CB000222980932329909324291092722981E02C
:105CC0008093092A8091CF29882309F451C020911B
:105CD000CB293091CC294091CD295091CE2960918A
:105CE00021297091222980912329909124290E94B1
:105CF000C348AB01BC01CE018B559F4F0E94BF1220
:105D0000BE016B557F4F8CE690E00E94A50C0E946F
:105D1000681363EE79EDC4010E940A13B401CE0149
:105D200081569F4F0E94021362E27EE2CE018156AD
:105D30009F4F0E94861262EE79ED0E9472120E94BD
:105D40000D04CE0181569F4F0E944611C4010E944E
:105D50004611109221291092222910922329109283
:105D600024291092CF29CE018B559F4F0E944611B6
:105D7000C0902529D0902629E0902729F090282945
:105D800001E010E020E030E040E05FE3C701B60151
:105D90000E94F84687FD02C010E000E000931A2A36
:105DA00010931B2A80912029882361F0C0921C291E
:105DB000D0921D29E0921E29F0921F2910920628E8
:105DC000109220291092C02981E0809315280E940A
:105DD000F8098B019C016093A8291093A92980934D
:105DE000AA293093AB291092AC291092AD291092B8
:105DF000AE291092AF296093A0291093A129809316
:105E0000A2293093A3291092A4291092A5291092B7
:105E1000A6291092A72980911528882309F4B2C1D8
:105E200060E08BE00E943A060E94F8095B016C0179
:105E30002091A8293091A9294091AA295091AB29F4
:105E40006091AC297091AD298091AE299091AF29D4
:105E500028573C4E4F4F5F4F6F4F7F4F8F4F9F4F95
:105E600029013A01B62FA72FF82FE92F9501A60196
:105E700060E070E080E090E052016301EB2EFA2ECA
:105E80000F2F1E2F0E94274A29F020F061E08CE09E
:105E90000E943A060E94F8095B016C012091A0293A
:105EA0003091A1294091A2295091A3296091A42960
:105EB0007091A5298091A6299091A7292856354C43
:105EC0004F4F5F4F6F4F7F4F8F4F9F4F29013A01C9
:105ED000B62FA72FF82FE92F9501A60160E070E0FB
:105EE00080E090E052016301EB2EFA2E0F2F1E2F5F
:105EF0000E94274A09F008F445C1FE013196CF01FE
:105F000044E051E0409306065093080620910B06AA
:105F100020FFFCCF20911006309111062193319380
:105F20008E169F0679F720911C2A30911D2A40E099
:105F300050E068EC71E4232B41F44091DB2950914F
:105F4000DC296091DD297091DE290E942602BC01C6
:105F5000990F880B990B0E94FE4660931829709345
:105F6000192980931A2990931B2980916D298823E0
:105F700059F1209118293091192940911A295091ED
:105F80001B296091692970916A2980916B299091F0
:105F90006C290E945E489B01AC01609114297091AC
:105FA000152980911629909117290E945F486093C6
:105FB000142970931529809316299093172981E04D
:105FC0008093092A10926D298091CA29882309F4A7
:105FD00051C02091C6293091C7294091C8295091BC
:105FE000C9296091142970911529809116299091E1
:105FF00017290E94C348AB01BC01CE018B559F4FAE
:106000000E94BF12BE016B557F4F82E590E00E9457
:10601000A50C0E9468131092142910921529109251
:1060200016291092172963EE79EDC4010E940A1314
:10603000B401CE0181569F4F0E94021362E27EE2BC
:10604000CE0181569F4F0E94861262EE79ED0E942A
:1060500072120E940D04CE0181569F4F0E9446117C
:10606000C4010E9446111092CA29CE018B559F4F40
:106070000E9446110091FF291091002AC090182912
:10608000D0901929E0901A29F0901B29C701B60178
:106090000E942B49643671057CF491E080E0012B6D
:1060A00009F490E0CF52DF4F9883C15DD040CE52CB
:1060B000DF4F8883C25DD040CF52DF4FE881F98146
:1060C000C15DD040E093182AF093192A80911329DA
:1060D000882361F0C0920F29D0921029E0921129F3
:1060E000F092122910920528109213292091072965
:1060F000309108294091092950910A2960910B2972
:1061000070910C2980910D2990910E290E945E4872
:106110009B01AC01C701B6010E94F84687FF09C088
:1061200080910529909106290196809305299093E5
:10613000062981E08093C029109215280E94F80951
:106140008B019C016093B8291093B9298093BA29D7
:106150003093BB291092BC291092BD291092BE2900
:106160001092BF296093B0291093B1298093B2296E
:106170003093B3291092B4291092B5291092B62900
:106180001092B729E0900B29F0900C2900910D296D
:1061900010910E29CF52DF4FE882F9820A831B83C8
:1061A000C15DD04020E030E046E953E4C801B701CA
:1061B0000E945F486B017C010091182910911929F8
:1061C00020911A2930911B29C753DF4F0883198367
:1061D0002A833B83C95CD040A90198010E94F846FC
:1061E00087FFC3C78091FF299091002A81309105D4
:1061F00009F0BBC78093102A9093112A8091C1297E
:1062000081110C9489390E94F809613C744D8140D8
:10621000910508F4D5C6C753DF4F288139814A81DB
:106220005B81C95CD040CF52DF4F688179818A8120
:106230009B81C15DD0400E94F84687FD07C08091D8
:10624000162A9091172A892B09F4A9C710920529BB
:1062500010920629109204294090FC285090FD28A5
:106260006090FE287090FF282091252930912629E2
:106270004091272950912829CF51DF4F2883398316
:106280004A835B83C15ED04020900429209100297D
:10629000309101294091022950910329C301B20193
:1062A0000E945F48CF51DF4F288139814A815B814D
:1062B000C15ED0400E94F84687FF64C0211062C0D2
:1062C00080910428882309F45DC08091FF29909172
:1062D000002A892B09F456C080911A2A90911B2A12
:1062E000892B09F04FC08091122A9091132A892B93
:1062F00009F048C080912D2990912E29892B09F40D
:1063000041C0109216281092EA2960E088E00E94AD
:106310003A06109217281092182861E086E00E9431
:106320003A061092042881E08093EC28E091012A3B
:106330007091022A6091032A5091042A4091052A03
:106340003091062A2091072A9091082AE093ED289F
:106350007093EE286093EF285093F0284093F12833
:106360003093F2282093F3289093F4288093FB280D
:1063700081E090E08093F9289093FA2861E08CE125
:106380000E943A06A090ED28B090EE28C090EF2829
:10639000D090F028E090F128F090F2280091F328B6
:1063A0001091F428E091012AF091022AA091032A89
:1063B000B091042A9090052A8090062A3090072AEE
:1063C0003091082AC352DF4F3883CD5DD0404091D1
:1063D000F5285091F6286091F7287091F8289A01D5
:1063E000AB0160E070E0CB01CB52DF4F2883C55D8D
:1063F000D040CA52DF4F3883C65DD040C952DF4F0C
:106400004883C75DD040C852DF4F5883C85DD04035
:10641000C752DF4F6883C95DD040C652DF4F7883D3
:10642000CA5DD040C552DF4F8883CB5DD040C45297
:10643000DF4F9883CC5DD04060E070E080E090E07A
:106440000E94124A5F016D01E92CF82C032DC35202
:10645000DF4F1881CD5DD0400E94274A09F020F41B
:106460008091EC28811103C0222009F47DC060E0F6
:1064700086E00E943A061092F9281092FA281092AB
:10648000EC2811E01093EB2821104EC061E088E069
:106490000E943A0681E090E0809317289093182894
:1064A0007091012A6091022A5091032A4091042A96
:1064B0003091052A2091062A9091072A8091082A76
:1064C0007093F3296093F4295093F5294093F629AA
:1064D0003093F7292093F8299093F9298093FA298A
:1064E0007091012A6091022A5091032A4091042A56
:1064F0003091052A2091062A9091072A8091082A36
:106500007093EB296093EC295093ED294093EE2989
:106510003093EF292093F0299093F1298093F22969
:106520001092EA29109316287091012A6091022A8C
:106530005091032A4091042A3091052A2091062A7D
:106540009091072A8091082A7093E3286093E428A9
:106550005093E5284093E6283093E7282093E828D5
:106560009093E9288093EA283090E2282091E1284E
:10657000C352DF4F2883CD5DD040932C990C9908EE
:10658000A090E328B090E428C090E528D090E628B9
:10659000E090E728F090E8280091E9281091EA2897
:1065A000B091012AA091022AF091032AE091042AD5
:1065B0008090052A5091062ACB52DF4F5883C55D43
:1065C000D0406091072ACB51DF4F6883C55ED04031
:1065D0007091082AC751DF4F7883C95ED040332DB0
:1065E000492D592D692D792D892D992D0E94124AF9
:1065F000AB2EBA2ECF2EDE2EE82CCB52DF4FF880FA
:10660000C55DD040CB51DF4F0881C55ED040C7513A
:10661000DF4F1881C95ED0400E94274A09F020F45C
:106620008091EB28811102C0222049F081E0809303
:10663000E0281092EB2860E08CE10E943A06A3016A
:1066400092016091DC287091DD288091DE28909184
:10665000DF280E945E489B01AC01CF51DF4F68816B
:1066600079818A819B81C15ED0400E94F84687FF74
:1066700064C0211062C080910428882309F45DC0A1
:106680008091FF299091002A892B09F456C08091AE
:106690001A2A90911B2A892B09F04FC08091142A45
:1066A0009091152A892B09F048C080912F2990914B
:1066B0003029892B09F441C0109216281092EA293A
:1066C00060E088E00E943A0610921728109218287D
:1066D00061E085E00E943A061092042881E08093F0
:1066E000CC28E091012A7091022A6091032A5091EE
:1066F000042A4091052A3091062A2091072A909178
:10670000082AE093CD287093CE286093CF28509329
:10671000D0284093D1283093D2282093D328909327
:10672000D4288093DB2881E090E08093D92890934F
:10673000DA2861E08CE10E943A06A090CD28B09062
:10674000CE28C090CF28D090D028E090D128F090CB
:10675000D2280091D3281091D4285090012A60901B
:10676000022A7090032A8090042AB091052AA091F1
:10677000062AF091072AE091082A2091D528309125
:10678000D6284091D7285091D828BA01AB0160E0B3
:1067900070E0CB01CB52DF4F2883C55DD040CA5299
:1067A000DF4F3883C65DD040C952DF4F4883C75D95
:1067B000D040C852DF4F5883C85DD040C752DF4F2A
:1067C0006883C95DD040C652DF4F7883CA5DD04030
:1067D000C552DF4F8883CB5DD040C452DF4F9883D2
:1067E000CC5DD04060E070E080E090E00E94124A12
:1067F000A52CB62CC72CD82CEB2EFA2E0F2F1E2F23
:106800000E94274A09F020F48091CC28811103C00E
:10681000222009F47DC060E085E00E943A061092D3
:10682000D9281092DA281092CC2811E01093CB28A6
:1068300021104EC061E088E00E943A0681E090E0BD
:1068400080931728909318287091012A6091022A4A
:106850005091032A4091042A3091052A2091062A5A
:106860009091072A8091082A7093F3296093F42964
:106870005093F5294093F6293093F7292093F8296E
:106880009093F9298093FA297091012A6091022A44
:106890005091032A4091042A3091052A2091062A1A
:1068A0009091072A8091082A7093EB296093EC2934
:1068B0005093ED294093EE293093EF292093F0294E
:1068C0009093F1298093F2291092EA2910931628C7
:1068D0007091012A6091022A5091032A4091042A62
:1068E0003091052A2091062A9091072A8091082A42
:1068F0007093C3286093C4285093C5284093C6283A
:106900003093C7282093C8289093C9288093CA2819
:10691000A090C328B090C428C090C528D090C628A5
:10692000E090C728F090C8280091C9281091CA2883
:106930005090012A6090022A7090032A8090042AC5
:10694000B091052AA091062AF091072AE091082A21
:10695000C352DF4F2881CD5DD040332D492D592DB5
:10696000692D792D892D992D0E94124AA52CB62CBE
:10697000C72CD82CEB2EFA2E0F2F1E2F0E94274A41
:1069800009F020F48091CB28811102C0222049F027
:106990001092CB2881E08093E02860E08CE10E9497
:1069A0003A06C0900729D0900829E0900929F09074
:1069B0000A29A7019601CF52DF4F688179818A8128
:1069C0009B81C15DD0400E945E489B01AC01C753D2
:1069D000DF4F688179818A819B81C95CD0400E94A8
:1069E000F84687FF94C08091052990910629039766
:1069F0000CF48DC01092052910920629A70196016A
:106A0000C701B6010E945F489B01AC01CF52DF4F26
:106A1000688179818A819B81C15DD0400E945E48F6
:106A20009B01AC01C753DF4F688179818A819B81CB
:106A3000C95CD0400E94F84687FF69C08091032856
:106A4000882309F464C08091FF299091002A892B42
:106A500009F45DC08091182A9091192A892B09F0B8
:106A600056C08091162A9091172A892B09F04FC0A1
:106A700080912B2990912C29892B09F448C0809171
:106A8000292990912A29892B09F441C010921628AE
:106A90001092EA2960E088E00E943A0610921728D6
:106AA0001092182861E083E00E943A0610920328B1
:106AB00081E08093B328E091012A7091022A6091CD
:106AC000032A5091042A4091052A3091062A2091E8
:106AD000072A9091082AE093B8287093B928609308
:106AE000BA285093BB284093BC283093BD282093EC
:106AF000BE289093BF288093C22881E090E08093C5
:106B0000C0289093C12861E08BE10E943A06209151
:106B1000012A3091022A4091032A5091042A60915F
:106B2000052A7091062A8091072A9091082A609080
:106B3000B8287090B9288090BA289090BB28A0906F
:106B4000BC28B090BD280091BE281091BF280E949B
:106B50005C496B017C019301A401B501C8010E944D
:106B60005C492091B4283091B5284091B6285091C5
:106B7000B7280E945F489B01AC01C701B6010E9483
:106B80009A4987FD44C08091B328882309F43FC007
:106B90001092022860E083E00E943A061092C0281A
:106BA0001092C1288091DF299091E029892B51F41E
:106BB00061E087E00E943A0681E090E08093DF295F
:106BC0009093E0297091012A6091022A5091032A42
:106BD0004091042A3091052A2091062A9091072A93
:106BE0008091082A7093AB286093AC285093AD280D
:106BF0004093AE283093AF282093B0289093B128CB
:106C00008093B22881E08093AA281092B328A090A4
:106C1000012AB090022AC090032AD090042AE09062
:106C2000052AF090062A0091072A1091082A20913F
:106C3000AB283091AC284091AD285091AE2860919E
:106C4000AF287091B0288091B1289091B228245D2E
:106C50003E4F4F4F5F4F6F4F7F4F8F4F9F4F0E9461
:106C6000274A09F0D8F58091AA288823B9F160E075
:106C700087E00E943A061092DF291092E02961E035
:106C800084E00E943A0681E090E08093A8289093E7
:106C9000A9287091012A6091022A5091032A4091FB
:106CA000042A3091052A2091062A9091072A809182
:106CB000082A7093A0286093A1285093A22840939B
:106CC000A3283093A4282093A5289093A6288093E6
:106CD000A72881E080939F281092AA2880919F285E
:106CE000882309F475C02091012A3091022A40912D
:106CF000032A5091042A6091052A7091062A8091F6
:106D0000072A9091082A0E945C496B017C0120911E
:106D1000A0283091A1284091A2285091A3286091E9
:106D2000A4287091A5288091A6289091A7280E9458
:106D30005C4920919B2830919C2840919D2850913E
:106D40009E280E945F489B01AC01C701B6010E94CA
:106D50009A4987FD3DC060E084E00E943A061092A7
:106D6000A8281092A9288091DF299091E029892BE9
:106D700051F461E087E00E943A0681E090E0809360
:106D8000DF299093E0297091012A6091022A5091A5
:106D9000032A4091042A3091052A2091062A9091D5
:106DA000072A8091082A709393286093942850931F
:106DB000952840939628309397282093982890936D
:106DC000992880939A2881E08093922810929F2896
:106DD00080919228882309F4AAC0A090012AB0903B
:106DE000022AC090032AD090042AE090052AF0904D
:106DF000062A0091072A1091082A209193283091A1
:106E000094284091952850919628609197287091E8
:106E100098288091992890919A28245D3E4F4F4F51
:106E20005F4F6F4F7F4F8F4F9F4F0E94274A11F048
:106E300008F07DC060E087E00E943A061092DF29EA
:106E40001092E0291092922881E08093022880938A
:106E50009128E091012A7091022A6091032A5091B1
:106E6000042A4091052A3091062A2091072A909100
:106E7000082AE093F3297093F4296093F52950933D
:106E8000F6294093F7293093F8292093F929909314
:106E9000FA29E091012A7091022A6091032A509107
:106EA000042A4091052A3091062A2091072A9091C0
:106EB000082AE093EB297093EC296093ED29509315
:106EC000EE294093EF293093F0292093F1299093F4
:106ED000F2291092EA298093162861E088E00E9446
:106EE0003A0681E090E080931728909318287091DB
:106EF000012A6091022A5091032A4091042A30917C
:106F0000052A2091062A9091072A8091082A7093D9
:106F1000892860938A2850938B2840938C2830933B
:106F20008D2820938E2890938F2880939028A0906E
:106F30008928B0908A28C0908B28D0908C28E09027
:106F40008D28F0908E2800918F28109190286090C5
:106F5000012A7090022A8090032A9090042AB0910E
:106F6000052AA091062AF091072AE091082A30917B
:106F7000882820918728932F990F990B492F592FF3
:106F8000692F792F892F0E94124A53016401EB2E39
:106F9000FA2E0F2F1E2F0E94274A09F088F48091A5
:106FA0009128882369F081E08093862880930328C4
:106FB000109291281092C22860E08BE10E943A065C
:106FC0008091482E882309F408C10E94F8096B01BA
:106FD0007C0180914D2E90914E2EA0914F2EB0911C
:106FE000502E0097A105B105A1F04091492E509176
:106FF0004A2E60914B2E70914C2E97018601081BF2
:10700000190B2A0B3B0B041715072607370708F443
:10701000D1C0E091462EF091472E0995C0924D2E99
:10702000D0924E2EE0924F2EF092502ED6C0E950C4
:107030008EEE92E0E33038F4F0E0EE0FFF1FE653FF
:10704000F742808191816C01990FEE08FF088091D1
:10705000642E882329F060E08091652E0E947D06D1
:10706000C701B6010E94CB098091642E882311F4D8
:107070000C94C62B61E08091652E0E947D060C94D5
:10708000C62B67E0C4010E94350AD40117969C9173
:1070900089130C94DF2BBE016F5F7F4FC4010E94E8
:1070A000720F882311F40C94DF2B6A8170E0762F25
:1070B0006627770F770F770F2981B8E02B9F900114
:1070C0001124262B372BF40180818031E1F468856F
:1070D0006623C9F070E08F817B01E81AF108C701CF
:1070E0009695982F8827979587950E949E49CB0162
:1070F0008097B90153E0660F771F5A95E1F76078E2
:107100009C01260F371F213804EE300714F40C942D
:10711000DF2BB901330F880B990B0E94FE4620E04C
:1071200030E040E05CE30E945D470C94E32B892B48
:1071300021F081E090E00C94062C1092FF2910922F
:10714000002A0C940A2C80E090E0A0E8BFE30C94A5
:10715000CC2C20915C2830915D2840915E28509184
:107160005F280E945F480C94312EC753DF4F28815F
:1071700039814A815B81C95CD040C701B6010E9458
:107180009A4918163CF08091FF299091002A0297A5
:1071900009F034C81092102A1092112A2FC8809139
:1071A00005299091062903970CF456C881E0809335
:1071B000042952C8C816D906EA06FB0670F4809561
:1071C0009095A095B0958C199D09AE09BF098417BB
:1071D0009507A607B70708F01CCF60911328709198
:1071E0001428072E000C880B990B0E94FE462AE0FB
:1071F00037ED43E250E40E945D470E942B49F62E92
:10720000062F172F61E083E10E94A60560E01016AB
:1072100011062CF40F3F11050CF4BBC161E083E1B2
:107220000E943A06C0908228D0908328E09084285B
:10723000F0908528C0927E28D0927F28E092802806
:10724000F09281288090DB299090DC29A090DD29A4
:10725000B090DE29A5019401C701B6010E94F8464D
:1072600087FF25C080911C2A90911D2A892BF9F453
:1072700080911E2A90911F2A892BC9F48091FF29A1
:107280009091002A892B99F08091172890911828C5
:10729000892B69F480917C2890917D2801968B3010
:1072A00091050CF081C180937C2890937D2880917A
:1072B0000228882371F12DEC3CEC4CE45EE3C7011D
:1072C000B6010E945E489B01AC01C501B4010E9459
:1072D000F84687FD12C080911E2A90911F2A892BA3
:1072E00061F48091FF299091002A892B31F08091DF
:1072F000172890911828892B61F010927C28109201
:107300007D281092DF291092E02960E087E00E943A
:107310003A068091DA29882309F424C18091FF2953
:107320009091002A892B09F04EC11092202A1092C8
:10733000212A4090DB295090DC296090DD29709053
:10734000DE2980910128882309F4DCC14092742849
:1073500050927528609276287092772810920128B2
:107360006091722870917328C550DF4F68837983CC
:10737000CB5FD040C550DF4FE880F980CB5FD04075
:10738000E0921C2AF0921D2A8091DB28811104C012
:107390008091FB28882339F080910628882319F0F2
:1073A00081E0809320298091E028882391F08091CA
:1073B0007A2890917B28019680937A2890937B2855
:1073C00081E0809304281092E0281092DB2810922C
:1073D000FB2880917A2890917B2802970CF45AC060
:1073E00010927A2810927B2820911C2930911D2917
:1073F00040911E2950911F296091252970912629BD
:1074000080912729909128290E945E480E942B494B
:107410009B0177FF04C022273327261B370BB901B6
:10742000330F880B990B0E94FE4620E030E040E8C5
:107430005EE30E94F84687FF2AC080912F29909131
:107440003029892B79F08091DB28882359F08091AD
:107450001A2A90911B2A892B09F4E7C11092142A49
:107460001092152A80912D2990912E29892B79F03F
:107470008091FB28882359F080911A2A90911B2A29
:10748000892B09F4D9C11092122A1092132A81E093
:10749000809306288091C228882339F0809105289E
:1074A000882319F081E0809313298091862888230E
:1074B00059F08091782890917928019680937828C6
:1074C0009093792810928628809178289091792835
:1074D00002970CF447C010927828109279282091D6
:1074E0000F29309110294091112950911229609152
:1074F00018297091192980911A2990911B290E94AD
:107500005E480E942B499B0177FF04C02227332746
:10751000261B370BB901330F880B990B0E94FE46CF
:1075200020E030E048EC51E40E94F84687FF17C0A5
:1075300080912B2990912C29892B89F080912929E0
:1075400090912A29892B59F08091182A9091192A13
:10755000892B09F478C11092162A1092172A81E01B
:1075600080930528C65FDE4FCDBFDEBFDF91CF9190
:107570001F910F91FF90EF90DF90CF90BF90AF9051
:107580009F908F907F906F905F904F903F902F9043
:1075900008958FB7F894F0922D0A8FBF8091010A59
:1075A00080648093010A3ECE10927C2810927D2840
:1075B00081E090E08093DF299093E02961E087E00B
:1075C0000E943A0674CE30909F29209016282110F0
:1075D00002C0332031F180910028882311F10E94EC
:1075E000F8098B019C0160936228109363288093B3
:1075F00064283093652810926628109267281092AC
:107600006828109269281092002880916028909133
:1076100061288093202A9093212A892B09F066C043
:1076200088CE4090592950905A2960905B297090DB
:107630005C290E94F8094B015C012091622830917D
:107640006328409164285091652860916628709164
:10765000672880916828909169282856354C4F4FAB
:107660005F4F6F4F7F4F8F4F9F4FC753DF4F288321
:10767000C95CD040CF52DF4F3883C15DD040B42FBA
:10768000A52FF62FE72F8C019401A50160E070E093
:1076900080E090E0C753DF4FA880C95CD040CF5254
:1076A000DF4FB880C15DD040CB2EDA2EEF2EFE2EFC
:1076B0000E94274A09F008F4A8CF80910028811180
:1076C000A4CF81E080930028211003C0332009F467
:1076D0009CCFC301B2010E942B49161617066CF00D
:1076E00081E090E0809360289093612881E090E0B1
:1076F0008093202A9093212A1CCE10926028109209
:10770000612813CE20E030E0A901C301B2010E943C
:10771000F846181654F420E030E048EC52E4C30177
:10772000B2010E949A4987FD10C081E08093012830
:1077300081E090E08093722890937328C550DF4FCA
:1077400088839983CB5FD04015CE0E94F8094B0106
:107750005C0120916A2830916B2840916C285091EF
:107760006D2860916E2870916F288091702890919B
:107770007128205C3848444E5F4F6F4F7F4F8F4FCA
:107780009F4F1901B42FA52FF62FE72F8C019401DD
:10779000A50160E070E080E090E05101CB2EDA2E90
:1077A000EF2EFE2E0E94274AA9F1A0F10E94F809AF
:1077B0008B019C0160936A2810936B2880936C283E
:1077C00030936D2810926E2810926F2810927028B6
:1077D0001092712881E080930128209174283091C3
:1077E00075284091762850917728C301B2010E94F4
:1077F000F8468111BFCD81E090E08093722890938C
:107800007328A1E0B0E0C550DF4FA883B983CB5FF8
:10781000D040B0CDE0917228F0917328C550DF4F71
:10782000E883F983CB5FD040A5CD81E090E08093E1
:10783000142A9093152A16CE81E090E08093122AA4
:107840009093132A24CE81E090E08093162A90939F
:10785000172A85CE0330110511F00C942D23809149
:107860000D2890910E28EF2811F00C94A824019770
:1078700011F00C946B2460E080E00E943A061092B4
:107880000D2810920E288091D72A9091D82AA09185
:10789000D92AB091DA2A805E9C4FAF4FBF4F0C942B
:1078A00063241F920F920FB60F9211242F933F93D0
:1078B0004F935F936F937F938F939F93AF93BF93F8
:1078C000EF93FF9386ED9CE20E94C404FF91EF9139
:1078D000BF91AF919F918F917F916F915F914F91E8
:1078E0003F912F910F900FBE0F901F9018951F92F0
:1078F0000F920FB60F9211242F933F934F935F93E4
:107900006F937F938F939F93AF93BF93EF93FF9367
:1079100086ED9CE20E941504FF91EF91BF91AF911B
:107920009F918F917F916F915F914F913F912F9197
:107930000F900FBE0F901F9018951F920F920FB6C9
:107940000F9211242F933F934F935F936F937F93E5
:107950008F939F93AF93BF93EF93FF9383E79DE242
:107960000E94C404FF91EF91BF91AF919F918F91BD
:107970007F916F915F914F913F912F910F900FBE2B
:107980000F901F9018951F920F920FB60F9211240F
:107990002F933F934F935F936F937F938F939F9317
:1079A000AF93BF93EF93FF9383E79DE20E9415048B
:1079B000FF91EF91BF91AF919F918F917F916F91C7
:1079C0005F914F913F912F910F900FBE0F901F909D
:1079D00018951F920F920FB60F9211248F939F93B9
:1079E000AF93BF938091732A9091742AA091752AC6
:1079F000B091762A0196A11DB11D8093732A9093B0
:107A0000742AA093752AB093762A81E08093A60AFF
:107A1000BF91AF919F918F910F900FBE0F901F90CC
:107A200018951F920F920FB60F9211242F933F9328
:107A30004F935F936F937F938F939F93AF93BF9376
:107A4000EF93FF9385E00E94040AFF91EF91BF91AD
:107A5000AF919F918F917F916F915F914F913F91E6
:107A60002F910F900FBE0F901F9018951F920F929D
:107A70000FB60F9211242F933F934F935F936F9301
:107A80007F938F939F93AF93BF93EF93FF9384E084
:107A90000E94040AFF91EF91BF91AF919F918F9146
:107AA0007F916F915F914F913F912F910F900FBEFA
:107AB0000F901F9018951F920F920FB60F921124DE
:107AC0002F933F934F935F936F937F938F939F93E6
:107AD000AF93BF93EF93FF9383E00E94040AFF915B
:107AE000EF91BF91AF919F918F917F916F915F9136
:107AF0004F913F912F910F900FBE0F901F901895AF
:107B00001F920F920FB60F9211242F933F934F9312
:107B10005F936F937F938F939F93AF93BF93EF93F5
:107B2000FF9382E00E94040AFF91EF91BF91AF9111
:107B30009F918F917F916F915F914F913F912F9185
:107B40000F900FBE0F901F9018951F920F920FB6B7
:107B50000F9211242F933F934F935F936F937F93D3
:107B60008F939F93AF93BF93EF93FF9381E00E9416
:107B7000040AFF91EF91BF91AF919F918F917F91F7
:107B80006F915F914F913F912F910F900FBE0F908A
:107B90001F9018951F920F920FB60F9211242F93DA
:107BA0003F934F935F936F937F938F939F93AF9385
:107BB000BF93EF93FF9380E00E94040AFF91EF913F
:107BC000BF91AF919F918F917F916F915F914F91F5
:107BD0003F912F910F900FBE0F901F9018951F92FD
:107BE0000F920FB60F9211242F933F934F935F93F1
:107BF0006F937F938F939F93AF93BF93CF93EF93A5
:107C0000FF93C091AB08C2FF0AC010922A2A1092BB
:107C1000292A1092282A84E00E94F50B12C0C6FF80
:107C20002DC08091272A813041F480912A2A90E04A
:107C3000F0E0E0E009951092272AC0FF14C00E94EE
:107C4000020CFF91EF91CF91BF91AF919F918F91D6
:107C50007F916F915F914F913F912F910F900FBE48
:107C60000F901F90189580E48093AB0881E00E94EC
:107C7000F50B8091AB0885FFE4CFE1CFC7FF50C083
:107C8000C3FF08C010922A2A1092292A1092282A8B
:107C900083E0C2CF8091A90880668093A908809173
:107CA000AB0881FF26C08091292A882349F0809162
:107CB000AB0884FF05C082E08093AA0881E0ACCFC6
:107CC0009091292A8091282A981778F4E091292AFE
:107CD000F0E080818093AD088091292A8F5F8093A6
:107CE000292A83E08093AA08ACCF82E08093AA0877
:107CF00093CF90912A2A8091262A981760F4809138
:107D0000AD08E0912A2AF0E0808380912A2A8F5FD3
:107D100080932A2AE6CF86E08093AA0882E07CCF6F
:107D200085E07ACF1F920F920FB60F9211242F93F6
:107D30003F938F939F93EF93FF938091A508982F84
:107D40009C70C9F08091A50894E082FF93E0909325
:107D5000E82A8093A50881E08093EE2A1092ED2A0C
:107D6000FF91EF919F918F913F912F910F900FBEB7
:107D70000F901F90189586FF4CC020912E2A90914D
:107D80002D2A8091A50884FF10C080912C2A882379
:107D900051F083E08093A40885E08093E82A109254
:107DA000ED2A81E031C081E0F5CF8091E92A821788
:107DB00090F4E091E92A80912F2A9091302AE80FDF
:107DC000F92FF11D80818093A8088091E92A8F5FA7
:107DD0008093E92AC5CF8091EA2A891748F484E084
:107DE0008093EE2A80912B2A81608093A708B8CFD8
:107DF00080912C2A882359F083E08093A40881E0A5
:107E00008093E82A1092ED2A8093EE2AA9CF81E090
:107E1000F4CF87FF3DC09091EA2A80912D2A9817D0
:107E2000D8F48091A808E091EA2A2091312A309173
:107E3000322AE20FF32FF11D80838091EA2A8F5FAF
:107E40008093EA2A90912D2A8091EA2A8917C0F41A
:107E500082E08093A40884CF80912C2A882371F03B
:107E600087E08093A40882E08093E82A1092ED2AAC
:107E700081E08093EE2A10922D2A72CF85E0F1CF17
:107E800080912C2A882311F087E0B7CF85E0B5CF09
:107E900086E083CFCF93E6EDFCE21282138288EE78
:107EA00093E0A0E0B0E084839583A683B78342E4A7
:107EB00059ED4083518320E238E0248735872FE055
:107EC00026872EE02787108A23E1218B22E1228B4F
:107ED00034E0338B148A158A168A178A108E118E15
:107EE0006BE1628F138E148EE3E7FDE21282138240
:107EF00084839583A683B7834083518340E058E011
:107F000044875587C1E0C6871786108A45E0418BB4
:107F1000328BC38B148A158A168A178A108E118E9B
:107F2000228F138E148EE0E1FEE21282138284838C
:107F30009583A683B78380E699ED80839183E1E5FD
:107F4000FEE21486158616861786108A118A148218
:107F50001582168217821082118212821382E6E441
:107F6000FEE212821082118213821482158216821E
:107F7000178210861186128663EE79ED80E49EE208
:107F80000E940A1363EE79ED8AE39EE20E940A13CF
:107F900063EE79ED84E39EE20E940A1363EE79EDCD
:107FA0008EE29EE20E940A1363EE79ED88E29EE281
:107FB0000E940A1364ED79ED82E29EE20E940A13A8
:107FC0006AED79ED8CE19EE20E940A1360E08DE09B
:107FD0000E94A605EAE7FEE280E2808388E294E060
:107FE00081839283138615861486128611861086E5
:107FF00017821682158214821382A3E6BEE255967A
:108000001D921C92569711961C9211971996ED93FA
:10801000FC931A9717961C92179718961C9218970C
:108020001C9289E013968C9313971496CC93149713
:108030001596CC9315971696CC93CF910895CF9320
:10804000DF93CDB7DEB76797CDBFDEBF91E088ED98
:1080500084BF909361008091020685608093020640
:1080600080910006816080930006809102068F7CDB
:108070008065809302061092E20582E08093E40519
:108080009093030A8EEF8093270A8093260A80E854
:1080900080932D0A80932B0A8093290A80932C0ABF
:1080A00080932A0A8093280A89E08093000A87E057
:1080B0008093E505E0E8FAE037E02EEF90E885E010
:1080C00031832487958780837096E03C4AE0F407EB
:1080D000B9F71092A10A8FE39FE18093AC0A9093C5
:1080E000AD0A8091A50A81608093A50A1092A00A2A
:1080F0008091A00A81608093A00A789440E052ECBD
:1081000061E070E086ED9CE20E942F0F8091E30514
:108110008F7C80628093E3050E9468131092E62AA8
:108120001092E72AA89518EDA89514BF8091000138
:10813000807F8093000168EE73E080E090E00E9411
:10814000CB09A89580914000809140008860809381
:108150004000A89514BF109100011B60109300010E
:108160001091010111FDFCCF61E088E00E94A6059D
:1081700061E087E00E94A60561E086E00E94A60516
:1081800061E085E00E94A60561E083E00E94A6050B
:1081900061E084E00E94A60561E086E20E94A605F7
:1081A00061E087E20E94A60561E080E00E94A605EA
:1081B00061E081E00E94A60561E082E00E94A605E0
:1081C00061E08BE00E94A60561E08CE00E94A605BC
:1081D00060E088E00E943A0660E087E00E943A068C
:1081E00060E086E00E943A0660E085E00E943A0680
:1081F00060E083E00E943A0660E084E00E943A0674
:1082000061E086E20E943A0661E087E20E943A0657
:1082100061E080E00E943A0661E081E00E943A0657
:1082200061E082E00E943A0660E088E10E94A605D3
:1082300060E081E20E94A60560E08DE10E94A60553
:1082400060E08FE10E94A60560E080E20E94A60542
:1082500060E08EE10E94A60560E086E10E94A6052E
:1082600061E08EE10E943A0661E086E10E943A06F2
:1082700061E08CE10E94A60561E08BE10E94A60509
:1082800086ED93E08093AB2A9093AC2A80917204A0
:10829000887F80937204809172048260809372045C
:1082A00078940E94F8098B019C016093DE2A109358
:1082B000DF2A8093E02A3093E12A1092E22A10927A
:1082C000E32A1092E42A1092E52A80915D2E909183
:1082D0005E2E009711F00E94F24A86E090E00E9424
:1082E000564A7C0180E4F701808380E19EE281832D
:1082F0009283138280E290E08483958301E51EE2FD
:10830000E0925D2EF0925E2E0E94DA05DD24D39479
:10831000F701D382C7010E94D60B882309F4D3C08A
:108320008EE1898380915D2E90915E2EFC012481E7
:108330003581232B09F4C7C020812093302B109264
:10834000EF2A1092312B21E041E050E0BE016F5F37
:108350007F4F0E94B90B882309F4B5C06FE070E02D
:1083600080E090E00E94CB0980915D2E90915E2E7E
:10837000188A198A1A8A1B8A89839A831B821C820B
:10838000DA868AE090E08F8398871B8684E089876D
:1083900044E0BE016C5E7F4FCE0101960E945910F1
:1083A000F82E882309F48FC08C899D899827892706
:1083B0009827B0E0A0E0BA2FA92F982F88272F89FF
:1083C000822BBA2FA92F982F8827288D822B892BB3
:1083D0008A2B8B2B09F477C087E090E00E94564AE5
:1083E000FC0184E399ED8083918381ED91E38383A4
:1083F000948305831683E093612EF093622E87E0C9
:1084000090E00E94564AFC0186E299ED80839183B8
:1084100080ED91E38383948305831683E0935F2E3D
:10842000F093602E1092D52A1092D62AF092DD2A6F
:1084300042E050E061EE79ED86ED9CE20E94E003BF
:108440008EE10E940C07182F81E090E0112311F0BB
:1084500090E080E08093DB2A9093DC2A86E10E9402
:108460000C0711110AC061E088E00E943A0681E021
:1084700090E0809317289093182887E69BE2A0E06D
:10848000B0E08093D72A9093D82AA093D92AB093AA
:10849000DA2A88E893E1A0E0B0E08093492E909337
:1084A0004A2EA0934B2EB0934C2E80E39DE08093F8
:1084B000462E9093472E81E08093482E0E944E18BE
:1084C0000E947905FBCF81E090E08093D52A9093BC
:1084D000D62AF12CABCF8CE19EE20E94461182E2BB
:1084E0009EE20E94461188E29EE20E9446118EE2C0
:1084F0009EE20E94461184E39EE20E9446118AE3B6
:108500009EE20E94461180E49EE20E944611809104
:108510005F2E9091602E009739F0DC01ED91FC9177
:108520000280F381E02D09958091612E9091622E59
:10853000009739F0DC01ED91FC910280F381E02D90
:1085400009940895EF920F931F93CF93DF93E8015F
:1085500034E047FD34E1042E000C550B57FF03C0F7
:10856000519541955109E32E022F242FAE0197D04A
:10857000CE01DF91CF911F910F91EF900895662763
:108580007727E9C11F93FC0199278827BC01E8944C
:1085900011911032E9F3193010F01E30C8F31B327C
:1085A00049F01D3241F4689405C02AD0610F711D55
:1085B000811D911D119110531A30B8F33EF490951E
:1085C0008095709561957F4F8F4F9F4F1F910895B4
:1085D000BB274A3031F4992322F4BDE2909581956E
:1085E0009F4F45C0BB272A3051F4992342F4BDE286
:1085F00090958095709561957F4F8F4F9F4F16C0D6
:10860000592F482F372F262F660F771F881F991F46
:10861000660F771F881F991F620F731F841F951F96
:10862000660F771F881F991F0895BB27FA01A62F91
:108630006217710581059105330B30FB66F0AA279F
:10864000660F771F881F991FAA1FA21710F0A21B81
:1086500063953850A9F7A05DAA3308F0A95DA193EE
:1086600036F7B111B1931082CA01B2C3BB27FB0127
:108670005527AA27880F991FAA1FA41710F0A41B1B
:1086800083955051B9F7A05DAA3308F0A95DA19375
:10869000009779F7B111B1931192CB0199C3A9E079
:1086A000B0E0E4E5F3E4D0C46A01F22EB02E102F5E
:1086B000FBE3AF2EA01608F41BE31F5F012F27E09A
:1086C000AE014F5F5F4F8CD2BC018981982F9970AA
:1086D000913009F43EC09BE2E1FC04C09E2D9170F4
:1086E000E0FC39C05E2D5071E82FE87083FF45C073
:1086F00084E0911101C083E0EF2DE81B8F1508F095
:10870000E0E0D6018E2F20E2552349F1992329F08C
:10871000D6019C93C60101966C0196012D5F3F4FD7
:10872000E2FE23C08EE4D6018C9391E411969C93D3
:10873000119712968C93D9018E2F90E281111AC055
:10874000E20FF32FF11D10828EEF9FEF2996ECE0E0
:1087500094C49DE2C7CF90E2C5CF2D938150811183
:10876000FCCFCE0ED11CE0E0D1CF8EE6D6018C93AB
:1087700091E6DCCF9D938150E1CF482F447082FF7A
:108780003DC084E0911101C083E08F1510F4EF2DFE
:10879000E81BD6018E2F20E2552309F1992329F0F9
:1087A000D6019C93C60101966C0196012D5F3F4F47
:1087B000E2FE1BC089E4D6018C938EE411968C9363
:1087C000119786E412968C93D9018E2F90E288231C
:1087D00009F4B6CF9D938150FACF2D93815081112A
:1087E000FCCFCE0ED11CE0E0D9CF89E6D6018C9328
:1087F0008EE611968C93119786E6E4CF9B0177FF66
:1088000002C030E020E0A1E0B0E0911102C0B0E091
:10881000A0E0F9013196AE0FBF1F8B2C912CBB202D
:1088200009F461C05401EFEFAE1ABE0AAA0DBB1DD8
:10883000FA161B0619F014F04F2D4A1B511188C06F
:10884000E3FC59C07601A42FB0E2A1114FC0C40EC1
:10885000D11C992309F45BC040E0D6011196F601C2
:1088600090836D01552309F448C0012F060F9A81AA
:10887000582F507184FF03C0913309F40150101632
:108880000CF047C0093008F008E0EEE2FE2E5B0174
:10889000A01AB10885019194819491082F3F320765
:1088A00029F4D601FC92F60131966F016217730725
:1088B00094F1021713077CF5DB01A21BB30BAA246A
:1088C000A394B12CAC0EBD1EAA0DBB1D11968C91AC
:1088D00021503109D601119628153905F4F0F60119
:1088E00080836D01DBCFB12CA12CA0CFF701B19318
:1088F0007F01A150AACF9111B0CFD601942F50E3A0
:1089000002C05D9391509111FCCFC40ED11C40E088
:10891000ACCF01E0BACF80E3DBCF6217730731F44D
:10892000963388F4953311F4552369F0F60180836A
:10893000FD01842F90E2811108C0A40FB11D1C928B
:1089400090E080E003CF81E3F1CF91938150F3CFAA
:10895000911183CF8ACFB0E0A0E0E0EBF4E474C3E0
:108960005C017B016115710519F0DB018D939C930E
:1089700085010F5F1F4FF501D0818D2F90E008D248
:108980006C01892BA9F5DD32A9F50F5F1F4FD501C9
:108990001196DC91C1E05801F1E0AF1AB10843E053
:1089A00050E068EA72E0C501FBD1892B61F56801EE
:1089B00082E0C80ED11C45E050E063EA72E0C601D7
:1089C000EFD1892B21F4680197E0C90ED11CE11485
:1089D000F10419F0D701CD92DC9260E070E080E8FC
:1089E0009FEFC111F9C060E070E080E89FE7F4C03C
:1089F0005801BECFDB3229F485010E5F1F4FF50110
:108A0000D181C0E0C8CF43E050E060EA72E0C50128
:108A1000C7D1892BE9F0F80110E000E020E030E058
:108A2000A9015F01B0ED8B2E8D0E89E08815C0F194
:108A30009C2E689491F88C2F8870C2FF16C081110B
:108A400002C00F5F1F4F3196D501DC91C92DE9CFD0
:108A5000E114F10429F00E5F1F4FF7010083118329
:108A600060E070E080EC9FE7B7C0882311F0015010
:108A70001109A5E0B0E0D8D29B01AC01220F331F51
:108A8000441F551F280D311D411D511D283999E9DD
:108A90003907490799E15907B0F2C6609C2ED3CF38
:108AA000AEEF8A1206C0C3FD3CC09C2E689493F8BA
:108AB000CACFDF7DD534A9F580818D3239F4C0610C
:108AC000DF011296818162E070E006C0DF018B3227
:108AD000C1F3119661E070E080535D01A61AB70AF8
:108AE0008A30F8F4E0E8CE16ECE0DE065CF4B6017D
:108AF000660F771F660F771FC60ED71ECC0CDD1CC6
:108B0000C80ED11C5D01FFEFAF1ABF0A8C918053D4
:108B10008A3098F1C4FF03C0D194C194D1080C0DE0
:108B20001D1DC1FF09C0E114F10431F081E0A81A54
:108B3000B108D701AD92BC92CA01B9015DD1C37031
:108B4000C33009F490584B015C0120E030E0A901EA
:108B50004FD1882309F43EC0C7EDD2E017FF05C00E
:108B6000119501951109CFEBD2E06E01B8E1CB1A56
:108B7000D10880E2E82EF12C0EC0D501B3CFFE0162
:108B800025913591459154910E191F09C501B401E4
:108B900094D14B015C01D501C4010E151F057CF772
:108BA0002497F594E794CC16DD06A9F78A2F880F51
:108BB0008B2F881F8F3F41F020E030E0A901C501D5
:108BC000B40116D1811106C082E290E08093882E14
:108BD0009093892EC501B401CDB7DEB7ECE04DC24C
:108BE000283008F027E03327DA01990F311D87FD7F
:108BF000916000966105710539F432602E5F3D93F6
:108C000030E32A95E1F708959F3F30F080387105F1
:108C1000610509F03C5F3C5F3D93913008F080684E
:108C2000911DDF93CF931F930F93FF92EF92192F14
:108C3000987F9695E92F96959695E90FFF27EB5C1F
:108C4000FC4F99273327EE24FF24A701E701059065
:108C50000894079428F4360FE71EF81E491F511D8B
:108C6000660F771F881F991F0694A1F70590079438
:108C700028F4E70EF81E491F561FC11D770F881FE5
:108C8000991F661F0694A1F70590079428F4F80E23
:108C9000491F561FC71FD11D880F991F661F771FB9
:108CA0000694A1F70590079420F4490F561FC71F9B
:108CB000D81F990F661F771F881F0694A9F7849104
:108CC0001095177041F0D695C79557954795F7942D
:108CD000E7941A95C1F7EBEDF2E0689415901591C1
:108CE00035916591959105907FE27395E118F10AB0
:108CF000430B560BC90BD009C0F7E10CF11E431F03
:108D0000561FC91FD01D7EF4703311F48A95E6CF2B
:108D1000E894015030F0080F0AF40027021708F415
:108D2000202F2395022F7A3328F079E37D932A951B
:108D3000E9F710C07D932A9589F606949795679573
:108D4000379517951794E118F10A430B560BC90B89
:108D5000D00998F023957E9173957A3308F070E3EB
:108D60007C932013B8F77E9170617D9330F08395EA
:108D700071E37D9370E32A95E1F71124EF90FF9062
:108D80000F911F91CF91DF91992787FD90950895BD
:108D90009111F6C0803219F089508550D0F70895AE
:108DA000FB01DC014150504088F08D9181341CF072
:108DB0008B350CF4805E659161341CF06B350CF4DE
:108DC000605E861B611171F3990B0895881BFCCFBF
:108DD000DC01FC01672F71917723E1F7329704C022
:108DE0007C916D9370836291AE17BF07C8F30895AD
:108DF00040D008F481E00895E89409C097FB3EF460
:108E000090958095709561957F4F8F4F9F4F9923D7
:108E1000A9F0F92F96E9BB279395F6958795779555
:108E20006795B795F111F8CFFAF4BB0F11F460FF15
:108E30001BC06F5F7F4F8F4F9F4F16C0882311F06D
:108E400096E911C0772321F09EE8872F762F05C081
:108E5000662371F096E8862F70E060E02AF09A951C
:108E6000660F771F881FDAF7880F9695879597F911
:108E70000895990F0008550FAA0BE0E8FEEF1616AB
:108E80001706E807F907C0F012161306E407F507FE
:108E900098F0621B730B840B950B39F40A2661F072
:108EA000232B242B252B21F408950A2609F4A14015
:108EB000A6958FEF811D811D08950BD07BC06CD0CE
:108EC00028F071D018F0952309F05DC062C011241C
:108ED000A5C081D0A0F3959FD1F3950F50E0551F09
:108EE000629FF001729FBB27F00DB11D639FAA27FF
:108EF000F00DB11DAA1F649F6627B00DA11D661F4E
:108F0000829F2227B00DA11D621F739FB00DA11D6E
:108F1000621F839FA00D611D221F749F3327A00D28
:108F2000611D231F849F600D211D822F762F6A2FC4
:108F300011249F5750408AF0E1F088234AF0EE0F49
:108F4000FF1FBB1F661F771F881F91505040A9F756
:108F50009E3F510570F017C061C05F3FECF3983E33
:108F6000DCF3869577956795B795F795E7959F5FBD
:108F7000C1F7FE2B880F911D9695879597F9089557
:108F800099278827089597F99F6780E870E060E047
:108F900008959FEF80EC089500240A941616170692
:108FA00018060906089500240A94121613061406DA
:108FB00005060895092E0394000C11F4882352F03D
:108FC000BB0F40F4BF2B11F460FF04C06F5F7F4FF5
:108FD0008F4F9F4F089557FD9058440F551F59F0DC
:108FE0005F3F71F04795880F97FB991F61F09F3F96
:108FF00079F087950895121613061406551FF2CFBF
:109000004695F1DF08C0161617061806991FF1CF0E
:1090100086957105610508940895E894BB27662735
:109020007727CB0197F908953AD0A59F900DB49F6B
:10903000900DA49F800D911D112408952F923F92B1
:109040004F925F926F927F928F929F92AF92BF9258
:10905000CF92DF92EF92FF920F931F93CF93DF9304
:10906000CDB7DEB7CA1BDB0BCDBFDEBF09942A88A4
:10907000398848885F846E847D848C849B84AA842C
:10908000B984C884DF80EE80FD800C811B81AA81B9
:10909000B981CE0FD11DCDBFDEBFED010895A29FD6
:1090A000B001B39FC001A39F700D811D1124911DBC
:1090B000B29F700D811D1124911D08955058BB273A
:1090C000AA270ED077CF68DF30F06DDF20F031F4C3
:1090D0009F3F11F41EF45DCF0EF4E095E7FB53CFF4
:1090E000E92F79DF80F3BA176207730784079507C2
:1090F00018F071F49EF591CF0EF4E0950B2EBA2F77
:10910000A02D0B01B90190010C01CA01A00111248D
:10911000FF27591B99F0593F50F4503E68F11A1639
:10912000F040A22F232F342F4427585FF3CF4695CA
:1091300037952795A795F0405395C9F77EF41F16EC
:10914000BA0B620B730B840BBAF09150A1F0FF0FB6
:10915000BB1F661F771F881FC2F70EC0BA0F621FA2
:10916000731F841F48F4879577956795B795F79592
:109170009E3F08F0B3CF9395880F08F09927EE0F24
:109180009795879508950CD015CF0DDF40F004DF3B
:1091900030F021F45F3F19F0F6CE51113FCFF9CEF8
:1091A0001ADF98F39923C9F35523B1F3951B550B97
:1091B000BB27AA2762177307840738F09F5F5F4FAA
:1091C000220F331F441FAA1FA9F333D00E2E3AF0EB
:1091D000E0E830D091505040E695001CCAF729D005
:1091E000FE2F27D0660F771F881FBB1F2617370754
:1091F0004807AB07B0E809F0BB0B802DBF01FF2784
:1092000093585F4F2AF09E3F510568F0BCCE06CFC1
:109210005F3FECF3983EDCF3869577956795B795BD
:10922000F7959F5FC9F7880F911D9695879597F9D8
:109230000895E1E0660F771F881FBB1F6217730751
:109240008407BA0720F0621B730B840BBA0BEE1F66
:1092500088F7E095089504D06894B111DFCE0895A1
:10926000C2DE88F09F5790F0B92F9927B751A0F030
:10927000D1F0660F771F881F991F1AF0BA95C9F7AA
:1092800012C0B13081F0C9DEB1E00895C6CE672FBB
:10929000782F8827B85F39F0B93FCCF3869577955A
:1092A0006795B395D9F73EF4909580957095619543
:1092B0007F4F8F4F9F4F0895E894F92F96EBFF2330
:1092C00081F0121613061406440B9395F6958795B4
:1092D0007795679557954040FF23B9F71BC09927AD
:1092E0000895882351F49850D2F7872B762F652F55
:1092F000542F432F322F20E0B1F312161306140619
:10930000440B88233AF09A95440F551F661F771F28
:10931000881FCAF755234AF4440F551F11F460FF04
:1093200004C06F5F7F4F8F4F9F4F880F9695879533
:1093300097F908959EDD08F48FEF089597FB072EA7
:1093400016F4009406D077FD08D096D007FC05D01F
:109350003EF4909581959F4F0895709561957F4F4C
:109360000895A1E21A2EAA1BBB1BFD010DC0AA1F66
:10937000BB1FEE1FFF1FA217B307E407F50720F07E
:10938000A21BB30BE40BF50B661F771F881F991FF9
:109390001A9469F760957095809590959B01AC0142
:1093A000BD01CF010895052E97FB16F400940FD050
:1093B00057FD05D0D6DF07FC02D046F408C0509513
:1093C0004095309521953F4F4F4F5F4F08959095B1
:1093D0008095709561957F4F8F4F9F4F0895B7FF90
:1093E00023CE22DE821B930B089597FD1094002E4E
:1093F000083098F00850232F342F452F562F672F11
:10940000782F892F912DF4CF15949795879577957F
:10941000679557954795379527950A95AAF711248B
:10942000002D08952A0D3B1D4C1D5D1D6E1D7F1DD9
:10943000801F911F08950024A7FD00942A0F301D5E
:10944000401D501D601D701D801D901D08952A1522
:109450003B054C055D056E057F0580079107089566
:109460000024A7FD00942A1730054005500560052B
:109470007005800590050895AA1BBB1B51E107C02C
:10948000AA1FBB1FA617B70710F0A61BB70B881F94
:10949000991F5A95A9F780959095BC01CD01089523
:1094A000EE0FFF1F0590F491E02D09940F931F9389
:1094B000CF93DF938230910510F482E090E0E09149
:1094C0008C2EF0918D2E30E020E0B0E0A0E03097BF
:1094D00099F42115310509F44AC0281B390B2430B1
:1094E0003105D8F58A819B816115710589F1FB01F0
:1094F00082839383FE0111C04081518102811381D7
:1095000048175907E0F04817590799F4109761F088
:1095100012960C93129713961C933296CF01DF91FB
:10952000CF911F910F91089500938C2E10938D2E43
:10953000F4CF2115310551F04217530738F0A90136
:10954000DB019A01BD01DF01F801C1CFEF01F9CFC5
:1095500080938C2E90938D2ECDCFFE01E20FF31FC2
:10956000819391932250310928833983D7CF209159
:109570008A2E30918B2E232B41F420911C28309180
:109580001D2820938A2E30938B2E20911A283091FB
:109590001B282115310541F42DB73EB740911E28F7
:1095A00050911F28241B350BE0918A2EF0918B2EB1
:1095B000E217F307A0F42E1B3F0B2817390778F0AA
:1095C000AC014E5F5F4F2417350748F04E0F5F1F09
:1095D00040938A2E50938B2E819391939FCFF0E0EE
:1095E000E0E09CCFCF93DF930097E9F0FC01329746
:1095F00012821382A0918C2EB0918D2EED0130E05D
:1096000020E01097A1F420813181820F931F2091D7
:109610008A2E30918B2E2817390709F061C0E0930C
:109620008A2EF0938B2EDF91CF910895EA01CE1709
:10963000DF07E8F54A815B819E0141155105B1F7CD
:10964000E901EA83FB8349915991C40FD51FEC17B7
:10965000FD0761F4808191810296840F951FE901D5
:1096600088839983828193818A839B83F0E0E0E001
:1096700012968D919C9113970097B9F52D913C917D
:109680001197CD010296820F931F20918A2E30915F
:109690008B2E2817390739F6309751F510928C2EFA
:1096A00010928D2EA0938A2EB0938B2EBCCFC283A6
:1096B000D38340815181840F951FC817D90761F466
:1096C0004E5F5F4F88819981480F591F40835183B6
:1096D0008A819B81828393832115310509F0B0CF64
:1096E000E0938C2EF0938D2E9ECFFD01DC01C0CF38
:1096F00012821382D7CFB0E0A0E0E0E8FBE4A0CC78
:109700008C01009741F4CB01D1DE8C01C801CDB7AB
:10971000DEB7E0E1AECCFC01E60FF71F9C01225062
:109720003109E217F30708F499C0D901CD91DC9112
:109730001197C617D70790F0C530D10538F3CE0181
:1097400004978617970710F3C61BD70B2297C19370
:10975000D1936D937C93CF0145DFD8CF5B01AC1AD9
:10976000BD0A4C018C0E9D1EA0918C2EB0918D2EA9
:10977000512C412CF12CE12C109731F580918A2E3F
:1097800090918B2E8815990509F05CC046165706F6
:1097900008F058C080911A2890911B28009741F436
:1097A0008DB79EB740911E2850911F28841B950BA2
:1097B000E817F90708F052C0E0938A2EF0938B2E39
:1097C000F90160837183A2CF8D919C9111971296BC
:1097D0006C90129713967C901397A815B90559F5BC
:1097E0006C0142E0C40ED11CCA14DB0420F1AC01B0
:1097F0004A195B09DA011296159780F0628273822A
:1098000040835183D9016D937C93E114F10471F08D
:10981000D7011296ED93FC93139778CF22968C0F75
:109820009D1FF90180839183F301EFCFE0938C2E8C
:10983000F0938D2E6BCF4816590608F42C017D014C
:10984000D3019ACFCB0132DE7C01009739F0AE0113
:10985000B80107D0C801C6DE870158CF10E000E08C
:1098600055CFFB01DC0102C001900D9241505040E8
:10987000D8F70895FB01DC018D910190801901104A
:10988000D9F3990B0895FB01DC0101900D920020A2
:10989000E1F70895FB01DC014150504048F0019090
:1098A0000D920020C9F701C01D9241505040E0F7D1
:1098B000089511E0CCEFD1E003C0FE01F1DD219667
:1098C000CD3FD107D1F7F894FFCF5E00BC00770100
:1098D0000000000000000000000000000005010181
:1098E0000101010100000000000000000000000074
:1098F000000000000000020300000102030405064E
:109900000700010203040500010203040506070025
:10991000010203040506070001020300010203041B
:10992000050600000000FA0A32114E0B3D1883169E
:1099300000000000FA0A4B114E0B4618D216000028
:1099400000000805E0032E0458055F043D0451049F
:10995000A10496042F0F81067D04A40500000000D9
:109960006E0C490C890C1F0C420C2F0C200C0000B3
:1099700000000000000001010101010102020202D9
:1099800002020202030303030303030304040404A7
:1099900005050505050505010204081020408001A4
:1099A0000204081020010204081020408001020473
:1099B0000810204080010204080102040810204021
:1099C0002C004854553331445F54004854553331CA
:1099D000445F480038382C39380039392C31303957
:1099E000000D0A0001010101010101010101000155
:1099F0000001000100010050000101010001000010
:109A00008E2E8000FFFFFFFFFFFFFFFFFFFFFFFF26
:109A1000FFFFFFFFFFFFFFFFFFFFFFFFFFFFFFFF56
:109A2000FFFFFFFFFFFFFFFFFFFFFFFFFFFFFFFF46
:109A3000FFFFFFFFFFFFFFFFFFFFFFFFFFFFFFFF36
:109A4000FFFFFFFFFFFFFFFFFFFFFFFFFFFFFFFF26
:109A5000FFFFFFFFFFFFFFFFFFFFFFFFFFFFFFFF16
:109A6000FFFFFFFFFFFFFFFFFFFFFFFFFFFFFFFF06
:109A7000FFFFFFFFFFFFFFFFFFFFFFFFFFFFFFFFF6
:109A8000FFFFFFFFFFFFFFFFFFFFFFFFFFFFFFFFE6
:109A9000FFFFFFFFFFFFFFFFFFFFFFFFFFFFFFFFD6
:109AA000FFFFFFFFFFFFFFFFFFFFFFFFFFFFFFFFC6
:109AB000FFFFFFFFFFFFFFFFFFFFFFFFFFFFFFFFB6
:109AC000FFFFFFFFFFFFFFFFFFFFFFFFFFFFFFFFA6
:109AD000FFFFFFFFFFFFFFFFFFFFFFFFFFFFFFFF96
:109AE000FFFFFFFFFFFFFFFFFFFFFFFFFFFFFFFF86
:109AF000FFFFFFFFFFFFFFFFFFFFFFFFFFFFFFFF76
:109B0000FFFFFFFFFFFFFFFFFFFFFFFFFFFFFFFF65
:109B1000FFFFFFFFFFFFFFFFFFFFFFFFFFFFFFFF55
:109B2000FFFFFFFFFFFFFFFFFFFFFFFFFFFFFFFF45
:109B3000FFFFFFFFFFFFFFFFFFFFFFFFFFFFFFFF35
:109B4000FFFFFFFFFFFFFFFFFFFFFFFFFFFFFFFF25
:109B5000FFFFFFFFFFFFFFFFFFFFFFFFFFFFFFFF15
:109B6000FFFFFFFFFFFFFFFFFFFFFFFFFFFFFFFF05
:109B7000FFFFFFFFFFFFFFFFFFFFFFFFFFFFFFFFF5
:109B8000FFFFFFFFFFFFFFFFFFFFFFFFFFFFFFFFE5
:109B9000FFFFFFFFFFFFFFFFFFFFFFFFFFFFFFFFD5
:109BA000FFFFFFFFFFFFFFFFFFFFFFFFFFFFFFFFC5
:109BB000FFFFFFFFFFFFFFFFFFFFFFFFFFFFFFFFB5
:109BC000FFFFFFFFFFFFFFFFFFFFFFFFFFFFFFFFA5
:109BD000FFFFFFFFFFFFFFFFFFFFFFFFFFFFFFFF95
:109BE000FFFFFFFFFFFFFFFFFFFFFFFFFFFFFFFF85
:109BF000FFFFFFFFFFFFFFFFFFFFFFFFFFFFFFFF75
:109C0000FFFFFFFFFFFFFFFFFFFFFFFFFFFFFFFF64
:109C1000FFFFFFFFFFFFFFFFFFFFFFFFFFFFFFFF54
:109C2000FFFFFFFFFFFFFFFFFFFFFFFFFFFFFFFF44
:109C3000FFFFFFFFFFFFFFFFFFFFFFFFFFFFFFFF34
:109C4000FFFFFFFFFFFFFFFFFFFFFFFFFFFFFFFF24
:109C5000FFFFFFFFFFFFFFFFFFFFFFFFFFFFFFFF14
:109C6000FFFFFFFFFFFFFFFFFFFFFFFFFFFFFFFF04
:109C7000FFFFFFFFFFFFFFFFFFFFFFFFFFFFFFFFF4
:109C8000FFFFFFFFFFFFFFFFFFFFFFFFFFFFFFFFE4
:109C9000FFFFFFFFFFFFFFFFFFFFFFFFFFFFFFFFD4
:109CA000FFFFFFFFFFFFFFFFFFFFFFFFFFFFFFFFC4
:109CB000FFFFFFFFFFFFFFFFFFFFFFFFFFFFFFFFB4
:109CC000FFFFFFFFFFFFFFFFFFFFFFFFFFFFFFFFA4
:109CD000FFFFFFFFFFFFFFFFFFFFFFFFFFFFFFFF94
:109CE000FFFFFFFFFFFFFFFFFFFFFFFFFFFFFFFF84
:109CF000FFFFFFFFFFFFFFFFFFFFFFFFFFFFFFFF74
:109D0000FFFFFFFFFFFFFFFFFFFFFFFFFFFFFFFF63
:109D1000FFFFFFFFFFFFFFFFFFFFFFFFFFFFFFFF53
:109D2000FFFFFFFFFFFFFFFFFFFFFFFFFFFFFFFF43
:109D3000FFFFFFFFFFFFFFFFFFFFFFFFFFFFFFFF33
:109D4000FFFFFFFFFFFFFFFFFFFFFFFFFFFFFFFF23
:109D5000FFFFFFFFFFFFFFFFFFFFFFFFFFFFFFFF13
:109D6000FFFFFFFFFFFFFFFFFFFFFFFFFFFFFFFF03
:109D7000FFFFFFFFFFFFFFFFFFFFFFFFFFFFFFFFF3
:109D8000FFFFFFFFFFFFFFFFFFFFFFFFFFFFFFFFE3
:109D9000FFFFFFFFFFFFFFFFFFFFFFFFFFFFFFFFD3
:109DA000FFFFFFFFFFFFFFFFFFFFFFFFFFFFFFFFC3
:109DB000FFFFFFFFFFFFFFFFFFFFFFFFFFFFFFFFB3
:109DC000FFFFFFFFFFFFFFFFFFFFFFFFFFFFFFFFA3
:109DD000FFFFFFFFFFFFFFFFFFFFFFFFFFFFFFFF93
:109DE000FFFFFFFFFFFFFFFFFFFFFFFFFFFFFFFF83
:109DF000FFFFFFFFFFFFFFFFFFFFFFFFFFFFFFFF73
:109E0000FFFFFFFFFFFFFFFFFFFFFFFFFFFFFFFF62
:109E1000FFFFFFFFFFFFFFFFFFFFFFFFFFFFFFFF52
:109E2000FFFFFFFFFFFFFFFFFFFFFFFFFFFFFFFF42
:109E3000FFFFFFFFFFFFFFFFFFFFFFFFFFFFFFFF32
:109E4000FFFFFFFFFFFFFFFFFFFFFFFFFFFFFFFF22
:109E5000FFFFFFFFFFFFFFFFFFFFFFFFFFFFFFFF12
:109E6000FFFFFFFFFFFFFFFFFFFFFFFFFFFFFFFF02
:109E7000FFFFFFFFFFFFFFFFFFFFFFFFFFFFFFFFF2
:109E8000FFFFFFFFFFFFFFFFFFFFFFFFFFFFFFFFE2
:109E9000FFFFFFFFFFFFFFFFFFFFFFFFFFFFFFFFD2
:109EA000FFFFFFFFFFFFFFFFFFFFFFFFFFFFFFFFC2
:109EB000FFFFFFFFFFFFFFFFFFFFFFFFFFFFFFFFB2
:109EC000FFFFFFFFFFFFFFFFFFFFFFFFFFFFFFFFA2
:109ED000FFFFFFFFFFFFFFFFFFFFFFFFFFFFFFFF92
:109EE000FFFFFFFFFFFFFFFFFFFFFFFFFFFFFFFF82
:109EF000FFFFFFFFFFFFFFFFFFFFFFFFFFFFFFFF72
:109F0000FFFFFFFFFFFFFFFFFFFFFFFFFFFFFFFF61
:109F1000FFFFFFFFFFFFFFFFFFFFFFFFFFFFFFFF51
:109F2000FFFFFFFFFFFFFFFFFFFFFFFFFFFFFFFF41
:109F3000FFFFFFFFFFFFFFFFFFFFFFFFFFFFFFFF31
:109F4000FFFFFFFFFFFFFFFFFFFFFFFFFFFFFFFF21
:109F5000FFFFFFFFFFFFFFFFFFFFFFFFFFFFFFFF11
:109F6000FFFFFFFFFFFFFFFFFFFFFFFFFFFFFFFF01
:109F7000FFFFFFFFFFFFFFFFFFFFFFFFFFFFFFFFF1
:109F8000FFFFFFFFFFFFFFFFFFFFFFFFFFFFFFFFE1
:109F9000FFFFFFFFFFFFFFFFFFFFFFFFFFFFFFFFD1
:109FA000FFFFFFFFFFFFFFFFFFFFFFFFFFFFFFFFC1
:109FB000FFFFFFFFFFFFFFFFFFFFFFFFFFFFFFFFB1
:109FC000FFFFFFFFFFFFFFFFFFFFFFFFFFFFFFFFA1
:109FD000FFFFFFFFFFFFFFFFFFFFFFFFFFFFFFFF91
:109FE000FFFFFFFFFFFFFFFFFFFFFFFFFFFFFFFF81
:109FF000FFFFFFFFFFFFFFFFFFFFFFFFFFFFFFFF71
:10A00000FFFFFFFFFFFFFFFFFFFFFFFFFFFFFFFF60
:10A01000FFFFFFFFFFFFFFFFFFFFFFFFFFFFFFFF50
:10A02000FFFFFFFFFFFFFFFFFFFFFFFFFFFFFFFF40
:10A03000FFFFFFFFFFFFFFFFFFFFFFFFFFFFFFFF30
:10A04000FFFFFFFFFFFFFFFFFFFFFFFFFFFFFFFF20
:10A05000FFFFFFFFFFFFFFFFFFFFFFFFFFFFFFFF10
:10A06000FFFFFFFFFFFFFFFFFFFFFFFFFFFFFFFF00
:10A07000FFFFFFFFFFFFFFFFFFFFFFFFFFFFFFFFF0
:10A08000FFFFFFFFFFFFFFFFFFFFFFFFFFFFFFFFE0
:10A09000FFFFFFFFFFFFFFFFFFFFFFFFFFFFFFFFD0
:10A0A000FFFFFFFFFFFFFFFFFFFFFFFFFFFFFFFFC0
:10A0B000FFFFFFFFFFFFFFFFFFFFFFFFFFFFFFFFB0
:10A0C000FFFFFFFFFFFFFFFFFFFFFFFFFFFFFFFFA0
:10A0D000FFFFFFFFFFFFFFFFFFFFFFFFFFFFFFFF90
:10A0E000FFFFFFFFFFFFFFFFFFFFFFFFFFFFFFFF80
:10A0F000FFFFFFFFFFFFFFFFFFFFFFFFFFFFFFFF70
:10A10000FFFFFFFFFFFFFFFFFFFFFFFFFFFFFFFF5F
:10A11000FFFFFFFFFFFFFFFFFFFFFFFFFFFFFFFF4F
:10A12000FFFFFFFFFFFFFFFFFFFFFFFFFFFFFFFF3F
:10A13000FFFFFFFFFFFFFFFFFFFFFFFFFFFFFFFF2F
:10A14000FFFFFFFFFFFFFFFFFFFFFFFFFFFFFFFF1F
:10A15000FFFFFFFFFFFFFFFFFFFFFFFFFFFFFFFF0F
:10A16000FFFFFFFFFFFFFFFFFFFFFFFFFFFFFFFFFF
:10A17000FFFFFFFFFFFFFFFFFFFFFFFFFFFFFFFFEF
:10A18000FFFFFFFFFFFFFFFFFFFFFFFFFFFFFFFFDF
:10A19000FFFFFFFFFFFFFFFFFFFFFFFFFFFFFFFFCF
:10A1A000FFFFFFFFFFFFFFFFFFFFFFFFFFFFFFFFBF
:10A1B000FFFFFFFFFFFFFFFFFFFFFFFFFFFFFFFFAF
:10A1C000FFFFFFFFFFFFFFFFFFFFFFFFFFFFFFFF9F
:10A1D000FFFFFFFFFFFFFFFFFFFFFFFFFFFFFFFF8F
:10A1E000FFFFFFFFFFFFFFFFFFFFFFFFFFFFFFFF7F
:10A1F000FFFFFFFFFFFFFFFFFFFFFFFFFFFFFFFF6F
:10A20000FFFFFFFFFFFFFFFFFFFFFFFFFFFFFFFF5E
:10A21000FFFFFFFFFFFFFFFFFFFFFFFFFFFFFFFF4E
:10A22000FFFFFFFFFFFFFFFFFFFFFFFFFFFFFFFF3E
:10A23000FFFFFFFFFFFFFFFFFFFFFFFFFFFFFFFF2E
:10A24000FFFFFFFFFFFFFFFFFFFFFFFFFFFFFFFF1E
:10A25000FFFFFFFFFFFFFFFFFFFFFFFFFFFFFFFF0E
:10A26000FFFFFFFFFFFFFFFFFFFFFFFFFFFFFFFFFE
:10A27000FFFFFFFFFFFFFFFFFFFFFFFFFFFFFFFFEE
:10A28000FFFFFFFFFFFFFFFFFFFFFFFFFFFFFFFFDE
:10A29000FFFFFFFFFFFFFFFFFFFFFFFFFFFFFFFFCE
:10A2A000FFFFFFFFFFFFFFFFFFFFFFFFFFFFFFFFBE
:10A2B000FFFFFFFFFFFFFFFFFFFFFFFFFFFFFFFFAE
:10A2C000FFFFFFFFFFFFFFFFFFFFFFFFFFFFFFFF9E
:10A2D000FFFFFFFFFFFFFFFFFFFFFFFFFFFFFFFF8E
:10A2E000FFFFFFFFFFFFFFFFFFFFFFFFFFFFFFFF7E
:10A2F000FFFFFFFFFFFFFFFFFFFFFFFFFFFFFFFF6E
:10A30000FFFFFFFFFFFFFFFFFFFFFFFFFFFFFFFF5D
:10A31000FFFFFFFFFFFFFFFFFFFFFFFFFFFFFFFF4D
:10A32000FFFFFFFFFFFFFFFFFFFFFFFFFFFFFFFF3D
:10A33000FFFFFFFFFFFFFFFFFFFFFFFFFFFFFFFF2D
:10A34000FFFFFFFFFFFFFFFFFFFFFFFFFFFFFFFF1D
:10A35000FFFFFFFFFFFFFFFFFFFFFFFFFFFFFFFF0D
:10A36000FFFFFFFFFFFFFFFFFFFFFFFFFFFFFFFFFD
:10A37000FFFFFFFFFFFFFFFFFFFFFFFFFFFFFFFFED
:10A38000FFFFFFFFFFFFFFFFFFFFFFFFFFFFFFFFDD
:10A39000FFFFFFFFFFFFFFFFFFFFFFFFFFFFFFFFCD
:10A3A000FFFFFFFFFFFFFFFFFFFFFFFFFFFFFFFFBD
:10A3B000FFFFFFFFFFFFFFFFFFFFFFFFFFFFFFFFAD
:10A3C000FFFFFFFFFFFFFFFFFFFFFFFFFFFFFFFF9D
:10A3D000FFFFFFFFFFFFFFFFFFFFFFFFFFFFFFFF8D
:10A3E000FFFFFFFFFFFFFFFFFFFFFFFFFFFFFFFF7D
:10A3F000FFFFFFFFFFFFFFFFFFFFFFFFFFFFFFFF6D
:10A40000FFFFFFFFFFFFFFFFFFFFFFFFFFFFFFFF5C
:10A41000FFFFFFFFFFFFFFFFFFFFFFFFFFFFFFFF4C
:10A42000FFFFFFFFFFFFFFFFFFFFFFFFFFFFFFFF3C
:10A43000FFFFFFFFFFFFFFFFFFFFFFFFFFFFFFFF2C
:10A44000FFFFFFFFFFFFFFFFFFFFFFFFFFFFFFFF1C
:10A45000FFFFFFFFFFFFFFFFFFFFFFFFFFFFFFFF0C
:10A46000FFFFFFFFFFFFFFFFFFFFFFFFFFFFFFFFFC
:10A47000FFFFFFFFFFFFFFFFFFFFFFFFFFFFFFFFEC
:10A48000FFFFFFFFFFFFFFFFFFFFFFFFFFFFFFFFDC
:10A49000FFFFFFFFFFFFFFFFFFFFFFFFFFFFFFFFCC
:10A4A000FFFFFFFFFFFFFFFFFFFFFFFFFFFFFFFFBC
:10A4B000FFFFFFFFFFFFFFFFFFFFFFFFFFFFFFFFAC
:10A4C000FFFFFFFFFFFFFFFFFFFFFFFFFFFFFFFF9C
:10A4D000FFFFFFFFFFFFFFFFFFFFFFFFFFFFFFFF8C
:10A4E000FFFFFFFFFFFFFFFFFFFFFFFFFFFFFFFF7C
:10A4F000FFFFFFFFFFFFFFFFFFFFFFFFFFFFFFFF6C
:10A50000FFFFFFFFFFFFFFFFFFFFFFFFFFFFFFFF5B
:10A51000FFFFFFFFFFFFFFFFFFFFFFFFFFFFFFFF4B
:10A52000FFFFFFFFFFFFFFFFFFFFFFFFFFFFFFFF3B
:10A53000FFFFFFFFFFFFFFFFFFFFFFFFFFFFFFFF2B
:10A54000FFFFFFFFFFFFFFFFFFFFFFFFFFFFFFFF1B
:10A55000FFFFFFFFFFFFFFFFFFFFFFFFFFFFFFFF0B
:10A56000FFFFFFFFFFFFFFFFFFFFFFFFFFFFFFFFFB
:10A57000FFFFFFFFFFFFFFFFFFFFFFFFFFFFFFFFEB
:10A58000FFFFFFFFFFFFFFFFFFFFFFFFFFFFFFFFDB
:10A59000FFFFFFFFFFFFFFFFFFFFFFFFFFFFFFFFCB
:10A5A000FFFFFFFFFFFFFFFFFFFFFFFFFFFFFFFFBB
:10A5B000FFFFFFFFFFFFFFFFFFFFFFFFFFFFFFFFAB
:10A5C000FFFFFFFFFFFFFFFFFFFFFFFFFFFFFFFF9B
:10A5D000FFFFFFFFFFFFFFFFFFFFFFFFFFFFFFFF8B
:10A5E000FFFFFFFFFFFFFFFFFFFFFFFFFFFFFFFF7B
:10A5F000FFFFFFFFFFFFFFFFFFFFFFFFFFFFFFFF6B
:10A60000FFFFFFFFFFFFFFFFFFFFFFFFFFFFFFFF5A
:10A61000FFFFFFFFFFFFFFFFFFFFFFFFFFFFFFFF4A
:10A62000FFFFFFFFFFFFFFFFFFFFFFFFFFFFFFFF3A
:10A63000FFFFFFFFFFFFFFFFFFFFFFFFFFFFFFFF2A
:10A64000FFFFFFFFFFFFFFFFFFFFFFFFFFFFFFFF1A
:10A65000FFFFFFFFFFFFFFFFFFFFFFFFFFFFFFFF0A
:10A66000FFFFFFFFFFFFFFFFFFFFFFFFFFFFFFFFFA
:10A67000FFFFFFFFFFFFFFFFFFFFFFFFFFFFFFFFEA
:10A68000FFFFFFFFFFFFFFFFFFFFFFFFFFFFFFFFDA
:10A69000FFFFFFFFFFFFFFFFFFFFFFFFFFFFFFFFCA
:10A6A000FFFFFFFFFFFFFFFFFFFFFFFFFFFFFFFFBA
:10A6B000FFFFFFFFFFFFFFFFFFFFFFFFFFFFFFFFAA
:10A6C000FFFFFFFFFFFFFFFFFFFFFFFFFFFFFFFF9A
:10A6D000FFFFFFFFFFFFFFFFFFFFFFFFFFFFFFFF8A
:10A6E000FFFFFFFFFFFFFFFFFFFFFFFFFFFFFFFF7A
:10A6F000FFFFFFFFFFFFFFFFFFFFFFFFFFFFFFFF6A
:10A70000FFFFFFFFFFFFFFFFFFFFFFFFFFFFFFFF59
:10A71000FFFFFFFFFFFFFFFFFFFFFFFFFFFFFFFF49
:10A72000FFFFFFFFFFFFFFFFFFFFFFFFFFFFFFFF39
:10A73000FFFFFFFFFFFFFFFFFFFFFFFFFFFFFFFF29
:10A74000FFFFFFFFFFFFFFFFFFFFFFFFFFFFFFFF19
:10A75000FFFFFFFFFFFFFFFFFFFFFFFFFFFFFFFF09
:10A76000FFFFFFFFFFFFFFFFFFFFFFFFFFFFFFFFF9
:10A77000FFFFFFFFFFFFFFFFFFFFFFFFFFFFFFFFE9
:10A78000FFFFFFFFFFFFFFFFFFFFFFFFFFFFFFFFD9
:10A79000FFFFFFFFFFFFFFFFFFFFFFFFFFFFFFFFC9
:10A7A000FFFFFFFFFFFFFFFFFFFFFFFFFFFFFFFFB9
:10A7B000FFFFFFFFFFFFFFFFFFFFFFFFFFFFFFFFA9
:10A7C000FFFFFFFFFFFFFFFFFFFFFFFFFFFFFFFF99
:10A7D000FFFFFFFFFFFFFFFFFFFFFFFFFFFFFFFF89
:10A7E000FFFFFFFFFFFFFFFFFFFFFFFFFFFFFFFF79
:10A7F000FFFFFFFFFFFFFFFFFFFFFFFFFFFFFFFF69
:10A80000FFFFFFFFFFFFFFFFFFFFFFFFFFFFFFFF58
:10A81000FFFFFFFFFFFFFFFFFFFFFFFFFFFFFFFF48
:10A82000FFFFFFFFFFFFFFFFFFFFFFFFFFFFFFFF38
:10A83000FFFFFFFFFFFFFFFFFFFFFFFFFFFFFFFF28
:10A84000FFFFFFFFFFFFFFFFFFFFFFFFFFFFFFFF18
:10A85000FFFFFFFFFFFFFFFFFFFFFFFFFFFFFFFF08
:10A86000FFFFFFFFFFFFFFFFFFFFFFFFFFFFFFFFF8
:10A87000FFFFFFFFFFFFFFFFFFFFFFFFFFFFFFFFE8
:10A88000FFFFFFFFFFFFFFFFFFFFFFFFFFFFFFFFD8
:10A89000FFFFFFFFFFFFFFFFFFFFFFFFFFFFFFFFC8
:10A8A000FFFFFFFFFFFFFFFFFFFFFFFFFFFFFFFFB8
:10A8B000FFFFFFFFFFFFFFFFFFFFFFFFFFFFFFFFA8
:10A8C000FFFFFFFFFFFFFFFFFFFFFFFFFFFFFFFF98
:10A8D000FFFFFFFFFFFFFFFFFFFFFFFFFFFFFFFF88
:10A8E000FFFFFFFFFFFFFFFFFFFFFFFFFFFFFFFF78
:10A8F000FFFFFFFFFFFFFFFFFFFFFFFFFFFFFFFF68
:10A90000FFFFFFFFFFFFFFFFFFFFFFFFFFFFFFFF57
:10A91000FFFFFFFFFFFFFFFFFFFFFFFFFFFFFFFF47
:10A92000FFFFFFFFFFFFFFFFFFFFFFFFFFFFFFFF37
:10A93000FFFFFFFFFFFFFFFFFFFFFFFFFFFFFFFF27
:10A94000FFFFFFFFFFFFFFFFFFFFFFFFFFFFFFFF17
:10A95000FFFFFFFFFFFFFFFFFFFFFFFFFFFFFFFF07
:10A96000FFFFFFFFFFFFFFFFFFFFFFFFFFFFFFFFF7
:10A97000FFFFFFFFFFFFFFFFFFFFFFFFFFFFFFFFE7
:10A98000FFFFFFFFFFFFFFFFFFFFFFFFFFFFFFFFD7
:10A99000FFFFFFFFFFFFFFFFFFFFFFFFFFFFFFFFC7
:10A9A000FFFFFFFFFFFFFFFFFFFFFFFFFFFFFFFFB7
:10A9B000FFFFFFFFFFFFFFFFFFFFFFFFFFFFFFFFA7
:10A9C000FFFFFFFFFFFFFFFFFFFFFFFFFFFFFFFF97
:10A9D000FFFFFFFFFFFFFFFFFFFFFFFFFFFFFFFF87
:10A9E000FFFFFFFFFFFFFFFFFFFFFFFFFFFFFFFF77
:10A9F000FFFFFFFFFFFFFFFFFFFFFFFFFFFFFFFF67
:10AA0000FFFFFFFFFFFFFFFFFFFFFFFFFFFFFFFF56
:10AA1000FFFFFFFFFFFFFFFFFFFFFFFFFFFFFFFF46
:10AA2000FFFFFFFFFFFFFFFFFFFFFFFFFFFFFFFF36
:10AA3000FFFFFFFFFFFFFFFFFFFFFFFFFFFFFFFF26
:10AA4000FFFFFFFFFFFFFFFFFFFFFFFFFFFFFFFF16
:10AA5000FFFFFFFFFFFFFFFFFFFFFFFFFFFFFFFF06
:10AA6000FFFFFFFFFFFFFFFFFFFFFFFFFFFFFFFFF6
:10AA7000FFFFFFFFFFFFFFFFFFFFFFFFFFFFFFFFE6
:10AA8000FFFFFFFFFFFFFFFFFFFFFFFFFFFFFFFFD6
:10AA9000FFFFFFFFFFFFFFFFFFFFFFFFFFFFFFFFC6
:10AAA000FFFFFFFFFFFFFFFFFFFFFFFFFFFFFFFFB6
:10AAB000FFFFFFFFFFFFFFFFFFFFFFFFFFFFFFFFA6
:10AAC000FFFFFFFFFFFFFFFFFFFFFFFFFFFFFFFF96
:10AAD000FFFFFFFFFFFFFFFFFFFFFFFFFFFFFFFF86
:10AAE000FFFFFFFFFFFFFFFFFFFFFFFFFFFFFFFF76
:10AAF000FFFFFFFFFFFFFFFFFFFFFFFFFFFFFFFF66
:10AB0000FFFFFFFFFFFFFFFFFFFFFFFFFFFFFFFF55
:10AB1000FFFFFFFFFFFFFFFFFFFFFFFFFFFFFFFF45
:10AB2000FFFFFFFFFFFFFFFFFFFFFFFFFFFFFFFF35
:10AB3000FFFFFFFFFFFFFFFFFFFFFFFFFFFFFFFF25
:10AB4000FFFFFFFFFFFFFFFFFFFFFFFFFFFFFFFF15
:10AB5000FFFFFFFFFFFFFFFFFFFFFFFFFFFFFFFF05
:10AB6000FFFFFFFFFFFFFFFFFFFFFFFFFFFFFFFFF5
:10AB7000FFFFFFFFFFFFFFFFFFFFFFFFFFFFFFFFE5
:10AB8000FFFFFFFFFFFFFFFFFFFFFFFFFFFFFFFFD5
:10AB9000FFFFFFFFFFFFFFFFFFFFFFFFFFFFFFFFC5
:10ABA000FFFFFFFFFFFFFFFFFFFFFFFFFFFFFFFFB5
:10ABB000FFFFFFFFFFFFFFFFFFFFFFFFFFFFFFFFA5
:10ABC000FFFFFFFFFFFFFFFFFFFFFFFFFFFFFFFF95
:10ABD000FFFFFFFFFFFFFFFFFFFFFFFFFFFFFFFF85
:10ABE000FFFFFFFFFFFFFFFFFFFFFFFFFFFFFFFF75
:10ABF000FFFFFFFFFFFFFFFFFFFFFFFFFFFFFFFF65
:10AC0000FFFFFFFFFFFFFFFFFFFFFFFFFFFFFFFF54
:10AC1000FFFFFFFFFFFFFFFFFFFFFFFFFFFFFFFF44
:10AC2000FFFFFFFFFFFFFFFFFFFFFFFFFFFFFFFF34
:10AC3000FFFFFFFFFFFFFFFFFFFFFFFFFFFFFFFF24
:10AC4000FFFFFFFFFFFFFFFFFFFFFFFFFFFFFFFF14
:10AC5000FFFFFFFFFFFFFFFFFFFFFFFFFFFFFFFF04
:10AC6000FFFFFFFFFFFFFFFFFFFFFFFFFFFFFFFFF4
:10AC7000FFFFFFFFFFFFFFFFFFFFFFFFFFFFFFFFE4
:10AC8000FFFFFFFFFFFFFFFFFFFFFFFFFFFFFFFFD4
:10AC9000FFFFFFFFFFFFFFFFFFFFFFFFFFFFFFFFC4
:10ACA000FFFFFFFFFFFFFFFFFFFFFFFFFFFFFFFFB4
:10ACB000FFFFFFFFFFFFFFFFFFFFFFFFFFFFFFFFA4
:10ACC000FFFFFFFFFFFFFFFFFFFFFFFFFFFFFFFF94
:10ACD000FFFFFFFFFFFFFFFFFFFFFFFFFFFFFFFF84
:10ACE000FFFFFFFFFFFFFFFFFFFFFFFFFFFFFFFF74
:10ACF000FFFFFFFFFFFFFFFFFFFFFFFFFFFFFFFF64
:10AD0000FFFFFFFFFFFFFFFFFFFFFFFFFFFFFFFF53
:10AD1000FFFFFFFFFFFFFFFFFFFFFFFFFFFFFFFF43
:10AD2000FFFFFFFFFFFFFFFFFFFFFFFFFFFFFFFF33
:10AD3000FFFFFFFFFFFFFFFFFFFFFFFFFFFFFFFF23
:10AD4000FFFFFFFFFFFFFFFFFFFFFFFFFFFFFFFF13
:10AD5000FFFFFFFFFFFFFFFFFFFFFFFFFFFFFFFF03
:10AD6000FFFFFFFFFFFFFFFFFFFFFFFFFFFFFFFFF3
:10AD7000FFFFFFFFFFFFFFFFFFFFFFFFFFFFFFFFE3
:10AD8000FFFFFFFFFFFFFFFFFFFFFFFFFFFFFFFFD3
:10AD9000FFFFFFFFFFFFFFFFFFFFFFFFFFFFFFFFC3
:10ADA000FFFFFFFFFFFFFFFFFFFFFFFFFFFFFFFFB3
:10ADB000FFFFFFFFFFFFFFFFFFFFFFFFFFFFFFFFA3
:10ADC000FFFFFFFFFFFFFFFFFFFFFFFFFFFFFFFF93
:10ADD000FFFFFFFFFFFFFFFFFFFFFFFFFFFFFFFF83
:10ADE000FFFFFFFFFFFFFFFFFFFFFFFFFFFFFFFF73
:10ADF000FFFFFFFFFFFFFFFFFFFFFFFFFFFFFFFF63
:10AE0000FFFFFFFFFFFFFFFFFFFFFFFFFFFFFFFF52
:10AE1000FFFFFFFFFFFFFFFFFFFFFFFFFFFFFFFF42
:10AE2000FFFFFFFFFFFFFFFFFFFFFFFFFFFFFFFF32
:10AE3000FFFFFFFFFFFFFFFFFFFFFFFFFFFFFFFF22
:10AE4000FFFFFFFFFFFFFFFFFFFFFFFFFFFFFFFF12
:10AE5000FFFFFFFFFFFFFFFFFFFFFFFFFFFFFFFF02
:10AE6000FFFFFFFFFFFFFFFFFFFFFFFFFFFFFFFFF2
:10AE7000FFFFFFFFFFFFFFFFFFFFFFFFFFFFFFFFE2
:10AE8000FFFFFFFFFFFFFFFFFFFFFFFFFFFFFFFFD2
:10AE9000FFFFFFFFFFFFFFFFFFFFFFFFFFFFFFFFC2
:10AEA000FFFFFFFFFFFFFFFFFFFFFFFFFFFFFFFFB2
:10AEB000FFFFFFFFFFFFFFFFFFFFFFFFFFFFFFFFA2
:10AEC000FFFFFFFFFFFFFFFFFFFFFFFFFFFFFFFF92
:10AED000FFFFFFFFFFFFFFFFFFFFFFFFFFFFFFFF82
:10AEE000FFFFFFFFFFFFFFFFFFFFFFFFFFFFFFFF72
:10AEF000FFFFFFFFFFFFFFFFFFFFFFFFFFFFFFFF62
:10AF0000FFFFFFFFFFFFFFFFFFFFFFFFFFFFFFFF51
:10AF1000FFFFFFFFFFFFFFFFFFFFFFFFFFFFFFFF41
:10AF2000FFFFFFFFFFFFFFFFFFFFFFFFFFFFFFFF31
:10AF3000FFFFFFFFFFFFFFFFFFFFFFFFFFFFFFFF21
:10AF4000FFFFFFFFFFFFFFFFFFFFFFFFFFFFFFFF11
:10AF5000FFFFFFFFFFFFFFFFFFFFFFFFFFFFFFFF01
:10AF6000FFFFFFFFFFFFFFFFFFFFFFFFFFFFFFFFF1
:10AF7000FFFFFFFFFFFFFFFFFFFFFFFFFFFFFFFFE1
:10AF8000FFFFFFFFFFFFFFFFFFFFFFFFFFFFFFFFD1
:10AF9000FFFFFFFFFFFFFFFFFFFFFFFFFFFFFFFFC1
:10AFA000FFFFFFFFFFFFFFFFFFFFFFFFFFFFFFFFB1
:10AFB000FFFFFFFFFFFFFFFFFFFFFFFFFFFFFFFFA1
:10AFC000FFFFFFFFFFFFFFFFFFFFFFFFFFFFFFFF91
:10AFD000FFFFFFFFFFFFFFFFFFFFFFFFFFFFFFFF81
:10AFE000FFFFFFFFFFFFFFFFFFFFFFFFFFFFFFFF71
:10AFF000FFFFFFFFFFFFFFFFFFFFFFFFFFFFFFFF61
:10B00000FFFFFFFFFFFFFFFFFFFFFFFFFFFFFFFF50
:10B01000FFFFFFFFFFFFFFFFFFFFFFFFFFFFFFFF40
:10B02000FFFFFFFFFFFFFFFFFFFFFFFFFFFFFFFF30
:10B03000FFFFFFFFFFFFFFFFFFFFFFFFFFFFFFFF20
:10B04000FFFFFFFFFFFFFFFFFFFFFFFFFFFFFFFF10
:10B05000FFFFFFFFFFFFFFFFFFFFFFFFFFFFFFFF00
:10B06000FFFFFFFFFFFFFFFFFFFFFFFFFFFFFFFFF0
:10B07000FFFFFFFFFFFFFFFFFFFFFFFFFFFFFFFFE0
:10B08000FFFFFFFFFFFFFFFFFFFFFFFFFFFFFFFFD0
:10B09000FFFFFFFFFFFFFFFFFFFFFFFFFFFFFFFFC0
:10B0A000FFFFFFFFFFFFFFFFFFFFFFFFFFFFFFFFB0
:10B0B000FFFFFFFFFFFFFFFFFFFFFFFFFFFFFFFFA0
:10B0C000FFFFFFFFFFFFFFFFFFFFFFFFFFFFFFFF90
:10B0D000FFFFFFFFFFFFFFFFFFFFFFFFFFFFFFFF80
:10B0E000FFFFFFFFFFFFFFFFFFFFFFFFFFFFFFFF70
:10B0F000FFFFFFFFFFFFFFFFFFFFFFFFFFFFFFFF60
:10B10000FFFFFFFFFFFFFFFFFFFFFFFFFFFFFFFF4F
:10B11000FFFFFFFFFFFFFFFFFFFFFFFFFFFFFFFF3F
:10B12000FFFFFFFFFFFFFFFFFFFFFFFFFFFFFFFF2F
:10B13000FFFFFFFFFFFFFFFFFFFFFFFFFFFFFFFF1F
:10B14000FFFFFFFFFFFFFFFFFFFFFFFFFFFFFFFF0F
:10B15000FFFFFFFFFFFFFFFFFFFFFFFFFFFFFFFFFF
:10B16000FFFFFFFFFFFFFFFFFFFFFFFFFFFFFFFFEF
:10B17000FFFFFFFFFFFFFFFFFFFFFFFFFFFFFFFFDF
:10B18000FFFFFFFFFFFFFFFFFFFFFFFFFFFFFFFFCF
:10B19000FFFFFFFFFFFFFFFFFFFFFFFFFFFFFFFFBF
:10B1A000FFFFFFFFFFFFFFFFFFFFFFFFFFFFFFFFAF
:10B1B000FFFFFFFFFFFFFFFFFFFFFFFFFFFFFFFF9F
:10B1C000FFFFFFFFFFFFFFFFFFFFFFFFFFFFFFFF8F
:10B1D000FFFFFFFFFFFFFFFFFFFFFFFFFFFFFFFF7F
:10B1E000FFFFFFFFFFFFFFFFFFFFFFFFFFFFFFFF6F
:10B1F000FFFFFFFFFFFFFFFFFFFFFFFFFFFFFFFF5F
:10B20000FFFFFFFFFFFFFFFFFFFFFFFFFFFFFFFF4E
:10B21000FFFFFFFFFFFFFFFFFFFFFFFFFFFFFFFF3E
:10B22000FFFFFFFFFFFFFFFFFFFFFFFFFFFFFFFF2E
:10B23000FFFFFFFFFFFFFFFFFFFFFFFFFFFFFFFF1E
:10B24000FFFFFFFFFFFFFFFFFFFFFFFFFFFFFFFF0E
:10B25000FFFFFFFFFFFFFFFFFFFFFFFFFFFFFFFFFE
:10B26000FFFFFFFFFFFFFFFFFFFFFFFFFFFFFFFFEE
:10B27000FFFFFFFFFFFFFFFFFFFFFFFFFFFFFFFFDE
:10B28000FFFFFFFFFFFFFFFFFFFFFFFFFFFFFFFFCE
:10B29000FFFFFFFFFFFFFFFFFFFFFFFFFFFFFFFFBE
:10B2A000FFFFFFFFFFFFFFFFFFFFFFFFFFFFFFFFAE
:10B2B000FFFFFFFFFFFFFFFFFFFFFFFFFFFFFFFF9E
:10B2C000FFFFFFFFFFFFFFFFFFFFFFFFFFFFFFFF8E
:10B2D000FFFFFFFFFFFFFFFFFFFFFFFFFFFFFFFF7E
:10B2E000FFFFFFFFFFFFFFFFFFFFFFFFFFFFFFFF6E
:10B2F000FFFFFFFFFFFFFFFFFFFFFFFFFFFFFFFF5E
:10B30000FFFFFFFFFFFFFFFFFFFFFFFFFFFFFFFF4D
:10B31000FFFFFFFFFFFFFFFFFFFFFFFFFFFFFFFF3D
:10B32000FFFFFFFFFFFFFFFFFFFFFFFFFFFFFFFF2D
:10B33000FFFFFFFFFFFFFFFFFFFFFFFFFFFFFFFF1D
:10B34000FFFFFFFFFFFFFFFFFFFFFFFFFFFFFFFF0D
:10B35000FFFFFFFFFFFFFFFFFFFFFFFFFFFFFFFFFD
:10B36000FFFFFFFFFFFFFFFFFFFFFFFFFFFFFFFFED
:10B37000FFFFFFFFFFFFFFFFFFFFFFFFFFFFFFFFDD
:10B38000FFFFFFFFFFFFFFFFFFFFFFFFFFFFFFFFCD
:10B39000FFFFFFFFFFFFFFFFFFFFFFFFFFFFFFFFBD
:10B3A000FFFFFFFFFFFFFFFFFFFFFFFFFFFFFFFFAD
:10B3B000FFFFFFFFFFFFFFFFFFFFFFFFFFFFFFFF9D
:10B3C000FFFFFFFFFFFFFFFFFFFFFFFFFFFFFFFF8D
:10B3D000FFFFFFFFFFFFFFFFFFFFFFFFFFFFFFFF7D
:10B3E000FFFFFFFFFFFFFFFFFFFFFFFFFFFFFFFF6D
:10B3F000FFFFFFFFFFFFFFFFFFFFFFFFFFFFFFFF5D
:10B40000FFFFFFFFFFFFFFFFFFFFFFFFFFFFFFFF4C
:10B41000FFFFFFFFFFFFFFFFFFFFFFFFFFFFFFFF3C
:10B42000FFFFFFFFFFFFFFFFFFFFFFFFFFFFFFFF2C
:10B43000FFFFFFFFFFFFFFFFFFFFFFFFFFFFFFFF1C
:10B44000FFFFFFFFFFFFFFFFFFFFFFFFFFFFFFFF0C
:10B45000FFFFFFFFFFFFFFFFFFFFFFFFFFFFFFFFFC
:10B46000FFFFFFFFFFFFFFFFFFFFFFFFFFFFFFFFEC
:10B47000FFFFFFFFFFFFFFFFFFFFFFFFFFFFFFFFDC
:10B48000FFFFFFFFFFFFFFFFFFFFFFFFFFFFFFFFCC
:10B49000FFFFFFFFFFFFFFFFFFFFFFFFFFFFFFFFBC
:10B4A000FFFFFFFFFFFFFFFFFFFFFFFFFFFFFFFFAC
:10B4B000FFFFFFFFFFFFFFFFFFFFFFFFFFFFFFFF9C
:10B4C000FFFFFFFFFFFFFFFFFFFFFFFFFFFFFFFF8C
:10B4D000FFFFFFFFFFFFFFFFFFFFFFFFFFFFFFFF7C
:10B4E000FFFFFFFFFFFFFFFFFFFFFFFFFFFFFFFF6C
:10B4F000FFFFFFFFFFFFFFFFFFFFFFFFFFFFFFFF5C
:10B50000FFFFFFFFFFFFFFFFFFFFFFFFFFFFFFFF4B
:10B51000FFFFFFFFFFFFFFFFFFFFFFFFFFFFFFFF3B
:10B52000FFFFFFFFFFFFFFFFFFFFFFFFFFFFFFFF2B
:10B53000FFFFFFFFFFFFFFFFFFFFFFFFFFFFFFFF1B
:10B54000FFFFFFFFFFFFFFFFFFFFFFFFFFFFFFFF0B
:10B55000FFFFFFFFFFFFFFFFFFFFFFFFFFFFFFFFFB
:10B56000FFFFFFFFFFFFFFFFFFFFFFFFFFFFFFFFEB
:10B57000FFFFFFFFFFFFFFFFFFFFFFFFFFFFFFFFDB
:10B58000FFFFFFFFFFFFFFFFFFFFFFFFFFFFFFFFCB
:10B59000FFFFFFFFFFFFFFFFFFFFFFFFFFFFFFFFBB
:10B5A000FFFFFFFFFFFFFFFFFFFFFFFFFFFFFFFFAB
:10B5B000FFFFFFFFFFFFFFFFFFFFFFFFFFFFFFFF9B
:10B5C000FFFFFFFFFFFFFFFFFFFFFFFFFFFFFFFF8B
:10B5D000FFFFFFFFFFFFFFFFFFFFFFFFFFFFFFFF7B
:10B5E000FFFFFFFFFFFFFFFFFFFFFFFFFFFFFFFF6B
:10B5F000FFFFFFFFFFFFFFFFFFFFFFFFFFFFFFFF5B
:10B60000FFFFFFFFFFFFFFFFFFFFFFFFFFFFFFFF4A
:10B61000FFFFFFFFFFFFFFFFFFFFFFFFFFFFFFFF3A
:10B62000FFFFFFFFFFFFFFFFFFFFFFFFFFFFFFFF2A
:10B63000FFFFFFFFFFFFFFFFFFFFFFFFFFFFFFFF1A
:10B64000FFFFFFFFFFFFFFFFFFFFFFFFFFFFFFFF0A
:10B65000FFFFFFFFFFFFFFFFFFFFFFFFFFFFFFFFFA
:10B66000FFFFFFFFFFFFFFFFFFFFFFFFFFFFFFFFEA
:10B67000FFFFFFFFFFFFFFFFFFFFFFFFFFFFFFFFDA
:10B68000FFFFFFFFFFFFFFFFFFFFFFFFFFFFFFFFCA
:10B69000FFFFFFFFFFFFFFFFFFFFFFFFFFFFFFFFBA
:10B6A000FFFFFFFFFFFFFFFFFFFFFFFFFFFFFFFFAA
:10B6B000FFFFFFFFFFFFFFFFFFFFFFFFFFFFFFFF9A
:10B6C000FFFFFFFFFFFFFFFFFFFFFFFFFFFFFFFF8A
:10B6D000FFFFFFFFFFFFFFFFFFFFFFFFFFFFFFFF7A
:10B6E000FFFFFFFFFFFFFFFFFFFFFFFFFFFFFFFF6A
:10B6F000FFFFFFFFFFFFFFFFFFFFFFFFFFFFFFFF5A
:10B70000FFFFFFFFFFFFFFFFFFFFFFFFFFFFFFFF49
:10B71000FFFFFFFFFFFFFFFFFFFFFFFFFFFFFFFF39
:10B72000FFFFFFFFFFFFFFFFFFFFFFFFFFFFFFFF29
:10B73000FFFFFFFFFFFFFFFFFFFFFFFFFFFFFFFF19
:10B74000FFFFFFFFFFFFFFFFFFFFFFFFFFFFFFFF09
:10B75000FFFFFFFFFFFFFFFFFFFFFFFFFFFFFFFFF9
:10B76000FFFFFFFFFFFFFFFFFFFFFFFFFFFFFFFFE9
:10B77000FFFFFFFFFFFFFFFFFFFFFFFFFFFFFFFFD9
:10B78000FFFFFFFFFFFFFFFFFFFFFFFFFFFFFFFFC9
:10B79000FFFFFFFFFFFFFFFFFFFFFFFFFFFFFFFFB9
:10B7A000FFFFFFFFFFFFFFFFFFFFFFFFFFFFFFFFA9
:10B7B000FFFFFFFFFFFFFFFFFFFFFFFFFFFFFFFF99
:10B7C000FFFFFFFFFFFFFFFFFFFFFFFFFFFFFFFF89
:10B7D000FFFFFFFFFFFFFFFFFFFFFFFFFFFFFFFF79
:10B7E000FFFFFFFFFFFFFFFFFFFFFFFFFFFFFFFF69
:10B7F000FFFFFFFFFFFFFFFFFFFFFFFFFFFFFFFF59
:10B80000FFFFFFFFFFFFFFFFFFFFFFFFFFFFFFFF48
:10B81000FFFFFFFFFFFFFFFFFFFFFFFFFFFFFFFF38
:10B82000FFFFFFFFFFFFFFFFFFFFFFFFFFFFFFFF28
:10B83000FFFFFFFFFFFFFFFFFFFFFFFFFFFFFFFF18
:10B84000FFFFFFFFFFFFFFFFFFFFFFFFFFFFFFFF08
:10B85000FFFFFFFFFFFFFFFFFFFFFFFFFFFFFFFFF8
:10B86000FFFFFFFFFFFFFFFFFFFFFFFFFFFFFFFFE8
:10B87000FFFFFFFFFFFFFFFFFFFFFFFFFFFFFFFFD8
:10B88000FFFFFFFFFFFFFFFFFFFFFFFFFFFFFFFFC8
:10B89000FFFFFFFFFFFFFFFFFFFFFFFFFFFFFFFFB8
:10B8A000FFFFFFFFFFFFFFFFFFFFFFFFFFFFFFFFA8
:10B8B000FFFFFFFFFFFFFFFFFFFFFFFFFFFFFFFF98
:10B8C000FFFFFFFFFFFFFFFFFFFFFFFFFFFFFFFF88
:10B8D000FFFFFFFFFFFFFFFFFFFFFFFFFFFFFFFF78
:10B8E000FFFFFFFFFFFFFFFFFFFFFFFFFFFFFFFF68
:10B8F000FFFFFFFFFFFFFFFFFFFFFFFFFFFFFFFF58
:10B90000FFFFFFFFFFFFFFFFFFFFFFFFFFFFFFFF47
:10B91000FFFFFFFFFFFFFFFFFFFFFFFFFFFFFFFF37
:10B92000FFFFFFFFFFFFFFFFFFFFFFFFFFFFFFFF27
:10B93000FFFFFFFFFFFFFFFFFFFFFFFFFFFFFFFF17
:10B94000FFFFFFFFFFFFFFFFFFFFFFFFFFFFFFFF07
:10B95000FFFFFFFFFFFFFFFFFFFFFFFFFFFFFFFFF7
:10B96000FFFFFFFFFFFFFFFFFFFFFFFFFFFFFFFFE7
:10B97000FFFFFFFFFFFFFFFFFFFFFFFFFFFFFFFFD7
:10B98000FFFFFFFFFFFFFFFFFFFFFFFFFFFFFFFFC7
:10B99000FFFFFFFFFFFFFFFFFFFFFFFFFFFFFFFFB7
:10B9A000FFFFFFFFFFFFFFFFFFFFFFFFFFFFFFFFA7
:10B9B000FFFFFFFFFFFFFFFFFFFFFFFFFFFFFFFF97
:10B9C000FFFFFFFFFFFFFFFFFFFFFFFFFFFFFFFF87
:10B9D000FFFFFFFFFFFFFFFFFFFFFFFFFFFFFFFF77
:10B9E000FFFFFFFFFFFFFFFFFFFFFFFFFFFFFFFF67
:10B9F000FFFFFFFFFFFFFFFFFFFFFFFFFFFFFFFF57
:10BA0000FFFFFFFFFFFFFFFFFFFFFFFFFFFFFFFF46
:10BA1000FFFFFFFFFFFFFFFFFFFFFFFFFFFFFFFF36
:10BA2000FFFFFFFFFFFFFFFFFFFFFFFFFFFFFFFF26
:10BA3000FFFFFFFFFFFFFFFFFFFFFFFFFFFFFFFF16
:10BA4000FFFFFFFFFFFFFFFFFFFFFFFFFFFFFFFF06
:10BA5000FFFFFFFFFFFFFFFFFFFFFFFFFFFFFFFFF6
:10BA6000FFFFFFFFFFFFFFFFFFFFFFFFFFFFFFFFE6
:10BA7000FFFFFFFFFFFFFFFFFFFFFFFFFFFFFFFFD6
:10BA8000FFFFFFFFFFFFFFFFFFFFFFFFFFFFFFFFC6
:10BA9000FFFFFFFFFFFFFFFFFFFFFFFFFFFFFFFFB6
:10BAA000FFFFFFFFFFFFFFFFFFFFFFFFFFFFFFFFA6
:10BAB000FFFFFFFFFFFFFFFFFFFFFFFFFFFFFFFF96
:10BAC000FFFFFFFFFFFFFFFFFFFFFFFFFFFFFFFF86
:10BAD000FFFFFFFFFFFFFFFFFFFFFFFFFFFFFFFF76
:10BAE000FFFFFFFFFFFFFFFFFFFFFFFFFFFFFFFF66
:10BAF000FFFFFFFFFFFFFFFFFFFFFFFFFFFFFFFF56
:10BB0000FFFFFFFFFFFFFFFFFFFFFFFFFFFFFFFF45
:10BB1000FFFFFFFFFFFFFFFFFFFFFFFFFFFFFFFF35
:10BB2000FFFFFFFFFFFFFFFFFFFFFFFFFFFFFFFF25
:10BB3000FFFFFFFFFFFFFFFFFFFFFFFFFFFFFFFF15
:10BB4000FFFFFFFFFFFFFFFFFFFFFFFFFFFFFFFF05
:10BB5000FFFFFFFFFFFFFFFFFFFFFFFFFFFFFFFFF5
:10BB6000FFFFFFFFFFFFFFFFFFFFFFFFFFFFFFFFE5
:10BB7000FFFFFFFFFFFFFFFFFFFFFFFFFFFFFFFFD5
:10BB8000FFFFFFFFFFFFFFFFFFFFFFFFFFFFFFFFC5
:10BB9000FFFFFFFFFFFFFFFFFFFFFFFFFFFFFFFFB5
:10BBA000FFFFFFFFFFFFFFFFFFFFFFFFFFFFFFFFA5
:10BBB000FFFFFFFFFFFFFFFFFFFFFFFFFFFFFFFF95
:10BBC000FFFFFFFFFFFFFFFFFFFFFFFFFFFFFFFF85
:10BBD000FFFFFFFFFFFFFFFFFFFFFFFFFFFFFFFF75
:10BBE000FFFFFFFFFFFFFFFFFFFFFFFFFFFFFFFF65
:10BBF000FFFFFFFFFFFFFFFFFFFFFFFFFFFFFFFF55
:10BC0000FFFFFFFFFFFFFFFFFFFFFFFFFFFFFFFF44
:10BC1000FFFFFFFFFFFFFFFFFFFFFFFFFFFFFFFF34
:10BC2000FFFFFFFFFFFFFFFFFFFFFFFFFFFFFFFF24
:10BC3000FFFFFFFFFFFFFFFFFFFFFFFFFFFFFFFF14
:10BC4000FFFFFFFFFFFFFFFFFFFFFFFFFFFFFFFF04
:10BC5000FFFFFFFFFFFFFFFFFFFFFFFFFFFFFFFFF4
:10BC6000FFFFFFFFFFFFFFFFFFFFFFFFFFFFFFFFE4
:10BC7000FFFFFFFFFFFFFFFFFFFFFFFFFFFFFFFFD4
:10BC8000FFFFFFFFFFFFFFFFFFFFFFFFFFFFFFFFC4
:10BC9000FFFFFFFFFFFFFFFFFFFFFFFFFFFFFFFFB4
:10BCA000FFFFFFFFFFFFFFFFFFFFFFFFFFFFFFFFA4
:10BCB000FFFFFFFFFFFFFFFFFFFFFFFFFFFFFFFF94
:10BCC000FFFFFFFFFFFFFFFFFFFFFFFFFFFFFFFF84
:10BCD000FFFFFFFFFFFFFFFFFFFFFFFFFFFFFFFF74
:10BCE000FFFFFFFFFFFFFFFFFFFFFFFFFFFFFFFF64
:10BCF000FFFFFFFFFFFFFFFFFFFFFFFFFFFFFFFF54
:10BD0000FFFFFFFFFFFFFFFFFFFFFFFFFFFFFFFF43
:10BD1000FFFFFFFFFFFFFFFFFFFFFFFFFFFFFFFF33
:10BD2000FFFFFFFFFFFFFFFFFFFFFFFFFFFFFFFF23
:10BD3000FFFFFFFFFFFFFFFFFFFFFFFFFFFFFFFF13
:10BD4000FFFFFFFFFFFFFFFFFFFFFFFFFFFFFFFF03
:10BD5000FFFFFFFFFFFFFFFFFFFFFFFFFFFFFFFFF3
:10BD6000FFFFFFFFFFFFFFFFFFFFFFFFFFFFFFFFE3
:10BD7000FFFFFFFFFFFFFFFFFFFFFFFFFFFFFFFFD3
:10BD8000FFFFFFFFFFFFFFFFFFFFFFFFFFFFFFFFC3
:10BD9000FFFFFFFFFFFFFFFFFFFFFFFFFFFFFFFFB3
:10BDA000FFFFFFFFFFFFFFFFFFFFFFFFFFFFFFFFA3
:10BDB000FFFFFFFFFFFFFFFFFFFFFFFFFFFFFFFF93
:10BDC000FFFFFFFFFFFFFFFFFFFFFFFFFFFFFFFF83
:10BDD000FFFFFFFFFFFFFFFFFFFFFFFFFFFFFFFF73
:10BDE000FFFFFFFFFFFFFFFFFFFFFFFFFFFFFFFF63
:10BDF000FFFFFFFFFFFFFFFFFFFFFFFFFFFFFFFF53
:10BE0000FFFFFFFFFFFFFFFFFFFFFFFFFFFFFFFF42
:10BE1000FFFFFFFFFFFFFFFFFFFFFFFFFFFFFFFF32
:10BE2000FFFFFFFFFFFFFFFFFFFFFFFFFFFFFFFF22
:10BE3000FFFFFFFFFFFFFFFFFFFFFFFFFFFFFFFF12
:10BE4000FFFFFFFFFFFFFFFFFFFFFFFFFFFFFFFF02
:10BE5000FFFFFFFFFFFFFFFFFFFFFFFFFFFFFFFFF2
:10BE6000FFFFFFFFFFFFFFFFFFFFFFFFFFFFFFFFE2
:10BE7000FFFFFFFFFFFFFFFFFFFFFFFFFFFFFFFFD2
:10BE8000FFFFFFFFFFFFFFFFFFFFFFFFFFFFFFFFC2
:10BE9000FFFFFFFFFFFFFFFFFFFFFFFFFFFFFFFFB2
:10BEA000FFFFFFFFFFFFFFFFFFFFFFFFFFFFFFFFA2
:10BEB000FFFFFFFFFFFFFFFFFFFFFFFFFFFFFFFF92
:10BEC000FFFFFFFFFFFFFFFFFFFFFFFFFFFFFFFF82
:10BED000FFFFFFFFFFFFFFFFFFFFFFFFFFFFFFFF72
:10BEE000FFFFFFFFFFFFFFFFFFFFFFFFFFFFFFFF62
:10BEF000FFFFFFFFFFFFFFFFFFFFFFFFFFFFFFFF52
:10BF0000FFFFFFFFFFFFFFFFFFFFFFFFFFFFFFFF41
:10BF1000FFFFFFFFFFFFFFFFFFFFFFFFFFFFFFFF31
:10BF2000FFFFFFFFFFFFFFFFFFFFFFFFFFFFFFFF21
:10BF3000FFFFFFFFFFFFFFFFFFFFFFFFFFFFFFFF11
:10BF4000FFFFFFFFFFFFFFFFFFFFFFFFFFFFFFFF01
:10BF5000FFFFFFFFFFFFFFFFFFFFFFFFFFFFFFFFF1
:10BF6000FFFFFFFFFFFFFFFFFFFFFFFFFFFFFFFFE1
:10BF7000FFFFFFFFFFFFFFFFFFFFFFFFFFFFFFFFD1
:10BF8000FFFFFFFFFFFFFFFFFFFFFFFFFFFFFFFFC1
:10BF9000FFFFFFFFFFFFFFFFFFFFFFFFFFFFFFFFB1
:10BFA000FFFFFFFFFFFFFFFFFFFFFFFFFFFFFFFFA1
:10BFB000FFFFFFFFFFFFFFFFFFFFFFFFFFFFFFFF91
:10BFC000FFFFFFFFFFFFFFFFFFFFFFFFFFFFFFFF81
:10BFD000FFFFFFFFFFFFFFFFFFFFFFFFFFFFFFFF71
:10BFE000FFFFFFFFFFFFFFFFFFFFFFFFFFFFFFFF61
:10BFF000FFFFFFFFFFFFFFFFFFFFFFFFFFFFFFFF51
:00000001FF
