:020000040000FA
:1000000001C0D8C0112480914000882369F0282FB6
:1000100030E083FD03C02C7F232B31F4809340001C
:100020008CBB80E0AFD0ECC0A895409A489A109263
:10003000E205809182128370813029F58CE590E091
:10004000809328089093290881E080932B0883E00F
:10005000809327081092250880EC8093260888E07A
:1000600091D0079A87E0815089F4A8950DE983E043
:10007000D82E7CD08134F1F479D0182F8CD012385E
:1000800089F480E013C083E790E0DACF179A2EEC72
:1000900036E5A8959091240897FDE8CF21503109C5
:1000A000C1F7E1CF89E0113809F083E058D080E151
:1000B00056D0DFCF823419F484E175D0F8CF85347F
:1000C00011F485E0FACF853531F450D0C82F4ED0E9
:1000D000D82F61D0ECCF863519F484E064D0D1CF2D
:1000E0008436B9F443D042D0182F40D0863479F406
:1000F000D05C3CD0888321961150D9F74CD004BFF6
:10010000D0920010809102108370E1F7D0CFDC5EB6
:10011000F0CF843791F42AD029D0182F27D0F82E89
:100120003AD086E4F81207C0D05C8881219617D0B7
:100130001150D9F7BCCFDC5EF8CF853751F42BD006
:10014000809100110CD08091011109D08091021191
:10015000ADCF813509F0BDCF81E014D0BACF9091F9
:10016000240895FFFCCF80932208089580912408ED
:1001700087FFFCCF909121088091200892FD01C05B
:10018000A89508959091010190FDFCCF98ED94BF42
:10019000809300010895EADF803219F081E0F2DFF8
:1001A000FFCF84E1DCCFCF93C82FE0DFC150E9F768
:1001B000CF91F1CF683048F48DE984BF609300108F
:1001C000809102108370E1F70895FC014083089547
:1001FE000009FCC0000022C1000020C100001EC189
:10020E0000001CC100001AC100000C943B3916C13D
:10021E00000014C1000012C1000010C100000EC188
:10022E0000000CC100000AC100000C9460390C944F
:10023E00033A04C100000C9434380C940E38FEC0FE
:10024E0000000C94CC38FAC00000F8C00000F6C0D4
:10025E0000000C94F1380C945A380C94E8370C9436
:10026E00C237ECC000000C948238E8C00000E6C033
:10027E000000E4C00000E2C000000C9416390C949B
:10028E00A738DCC00000DAC00000D8C00000D6C01D
:10029E0000004E414E494E495459494E46CDCCCCA4
:1002AE003D0AD7233C17B7D13877CC2B329595E63C
:1002BE00241FB14F0A000020410000C84200401C1C
:1002CE004620BCBE4CCA1B0E5AAEC59D7400407A69
:1002DE0010F35A00A0724E18090010A5D4E80000C1
:1002EE00E87648170000E40B54020000CA9A3B005F
:1002FE000000E1F505000080969800000040420FD6
:10030E00000000A08601000000102700000000E899
:10031E0003000000006400000000000A000000005E
:10032E00000100000000002C76D888DC674F0823FF
:10033E00DFC1DFAE59E1B1B796E5E3E453C63AE665
:10034E0051997696E8E6C28426EB898C9B62ED4045
:10035E007C6FFCEFBC9C9F40F2BAA56FA5F4900594
:10036E005A2AF75C936B6CF9676DC11BFCE0E40DC8
:10037E0047FEF520E6B500D0ED902E0300943577BC
:10038E00050080841E080000204E0A000000C80CE4
:10039E00333333330F986E12831141EF8D2114894D
:1003AE003BE65516CFFEE6DB18D1844B381BF77CA7
:1003BE001D901DA4BBE424203284725E228100C9EC
:1003CE00F124ECA1E53D27005EBCE2613FDD83C276
:1003DE009C7E20A3FD1F41009D23BE46DB65F88C4D
:1003EE0011AF32CA57E97400BB3ADC3D11241FBE6F
:1003FE00CFEFCDBFDFE3DEBF2EE2A0E2B8E201C059
:10040E001D92A73BB207E1F718E2A0E0B8E2EAE4DA
:10041E00F0E902C005900D92A032B107D9F711E0B4
:10042E00CCEFD1E004C02197FE010E948345CB3F63
:10043E00D107C9F70E94903B0C948C47DACE2F92CD
:10044E003F924F925F926F927F928F929F92AF9256
:10045E00BF92CF92DF92EF92FF920F931F93CF93A3
:10046E00DF93CDB7DEB72897CDBFDEBF8C01CB01B2
:10047E00BA0120E030E048EC51E40E94CF4320E581
:10048E003DE847E95CE30E94CE4220E030E040E8E0
:10049E005FE30E94D0434B015C010B831C832FE66C
:1004AE003BE229833A83EB80FC8036E9E30EF11CB4
:1004BE000FE61BE2EB81FC8161917191EB83FC8372
:1004CE00072E000C880B990B0E946F4220E030E043
:1004DE0040E85AE30E94CE4220E030E44CE955E475
:1004EE000E94CE4220E030E04AE754E40E94CE4221
:1004FE0020E030E04DE454E40E94344420E030E04B
:10050E0048E453E40E943444A50194010E9434440B
:10051E00F80161937193819391938F012B813C81AB
:10052E00E216F30639F660916B2B70916C2B80916D
:10053E006D2B90916E2B2FE6222E2BE2322EF10197
:10054E0021913191419151911F010E94D043FBE9BC
:10055E002F16FCE23F0699F720E030E046E952E420
:10056E000E9434442B013C01C090672BD090682B25
:10057E00E090692BF0906A2B2091652B3091662BC1
:10058E002B833C830FE61BE2F80181909190A190A2
:10059E00B1908F01A5019401C301B2010E94CD4417
:1005AE00181674F4A5019401C701B6010E94D04338
:1005BE006B017C012B813C812F5F3F4F2B833C8352
:1005CE002016310609F7EB81FC81BF01FF0F880B66
:1005DE00990B0E946F429B01AC01C701B6010E94AC
:1005EE0034446B837C838D839E83C090612BD0902B
:1005FE00622BE090632BF090642B20915F2B309157
:10060E00602B2F83388707E31CE2E981FA81819002
:10061E009190A190B190E983FA83A50194016B8129
:10062E007C818D819E810E94694287FF16C0A50143
:10063E009401C301B2010E94CD44181674F4A501B1
:10064E009401C701B6010E94D0436B017C012F813A
:10065E0038852F5F3F4F2F83388789819A810817FE
:10066E00190799F610925F2B1092602B1092652B42
:10067E001092662B10926B2B10926C2B10926D2B8E
:10068E0010926E2B1092672B1092682B1092692B82
:10069E0010926A2B1092612B1092622B1092632B88
:1006AE001092642BEF81F885BF01FF0F880B990B19
:1006BE000E946F429B01AC01C701B6010E943444F7
:1006CE0020E030E04AE754E40E94CE426B017C0108
:1006DE0020E030E048E453E40E94CD4418160CF5B7
:1006EE0020E030E048EC52E4C701B6010E94CF434F
:1006FE000E949C44CB012896CDBFDEBFDF91CF91E7
:10070E001F910F91FF90EF90DF90CF90BF90AF9021
:10071E009F908F907F906F905F904F903F902F9013
:10072E000895C701B601E4CFFB01808100008093DC
:10073E00C4088091C30887FFFCCF8091C408FB01D9
:10074E008083089580913A2890913B28019680935A
:10075E003A2890933B280895AF92BF92CF92DF92A2
:10076E00EF92FF920F931F93CF93DF936C017B0158
:10077E008B01040F151FEB015E01AE18BF08C017E9
:10078E00D10759F06991D601ED91FC910190F0815C
:10079E00E02DC6010995892B79F7C501DF91CF911F
:1007AE001F910F91FF90EF90DF90CF90BF90AF9081
:1007BE000895FC0144815581608171818FEF9CE227
:1007CE00CBCFFC01A485B58511968C91119781FD37
:1007DE000FC09C9186898F5F8F732789281749F0E8
:1007EE00A689AE0FBF2FB11D5D969C93868B089583
:1007FE008C910895FC01508D418D252F30E0842F72
:10080E0090E0821B930B541710F0CF96089501972A
:10081E000895FC0196898789981761F0A789AE0F14
:10082E00BF2FB11D5D968C9197899F5F9F73978B9C
:10083E0090E008958FEF9FEF0895FC0196898789C8
:10084E00981731F08789E80FF11D858D90E0089596
:10085E008FEF9FEF0895FC0196892789892F90E0ED
:10086E00805C9F4F821B91098F73992708958FEF9C
:10087E009CE2F1DF21E0892B09F420E0822F08951C
:10088E008CE99DE2E8DF21E0892B09F420E0822F3C
:10089E000895CF93DF93EC01E881F9810680F7810B
:1008AE00E02D0995EC85FD8586818F738683EC8519
:1008BE00FD8585818F7585838F898E8B1D8ADF914E
:1008CE00CF910895FC01613019F4648B81E0089595
:1008DE00148A6623D9F380E00895DC0154961C92A5
:1008EE00549754968C9154978230A0F4282F30E070
:1008FE00F901EE0FFF1FE20FF31FEA0FFB1F9785A3
:10090E00961303C09685941749F08F5F54968C9377
:10091E005497E7CF54961C9280E0089581E0089595
:10092E00CF93DF93FC01908D818DC485D58598136F
:10093E0006C08D818F7D8D83DF91CF910895A18D1E
:10094E00AE0FBF2FB11DA35ABF4F2C91818D90E0DA
:10095E0001968F739927818F80E48C83A485B5854A
:10096E0012962C93908D818D9813E6CFA485B58524
:10097E0015968C9115978F7D15968C93838D882364
:10098E00D9F2848D80931301138ED6CFDC011C9681
:10099E00ED91FC910FB607FE03C0258125FD03C026
:1009AE00248125FDBDCF0895EF92FF920F931F93E3
:1009BE00CF93DF93EC0181E08D8B988D898D981309
:1009CE001CC0AC85BD8514968C91149785FF15C0FF
:1009DE0012966C93AC85BD8580E414968C93EC8551
:1009EE00FD8585818F7D858381E090E0DF91CF91BC
:1009FE001F910F91FF90EF9008958091110180FF4C
:100A0E0008C0809113018C8F8A8D8093130181E031
:100A1E008B8FF62E088D10E00F5F1F4F0F7311276F
:100A2E00E02E898D8E1103C0CE01B0DFFACFE88D96
:100A3E00EC0FFD2FF11DE35AFF4FF082088FEC856E
:100A4E00FD8585818062CFCFCF93DF93FC01258911
:100A5E002223C1F0EC018091110180FF08C080912A
:100A6E001301848F828D8093130181E0838FEC8537
:100A7E00FD85858185FD03C0848186FD03C0CE0181
:100A8E0085DFF5CFDF91CF91089580E090E0892B3F
:100A9E0021F0F6DE81110E94000080E090E0892BAB
:100AAE0021F0E5DE81110E94000080E090E0892BAC
:100ABE0049F080E090E0892B29F00E94000081111E
:100ACE000E94000080E090E0892B49F080E090E0E9
:100ADE00892B29F00E94000081110C9400000895CA
:100AEE0081E00895CF93DF9390E0FC01E350F04353
:100AFE0020812F3F69F0FC01EC52F043A08130E2DF
:100B0E00A39FD0011124BC5F613029F411962C9360
:100B1E00DF91CF910895815A9043EC01E881EF3F28
:100B2E0081F0CD014096E80FF92FF11D9FB7F89493
:100B3E0012962C938081623039F4886080839FBF37
:100B4E00E7CFF0E0E0E0F2CF877FF8CF1092192BDD
:100B5E001092182B10921C2B10925E2B80911B2B37
:100B6E0081111DC08091E3058073D1F462E082E0B3
:100B7E00B9DF62E083E0B6DF81E080931B2B109239
:100B8E00172B1092162B10921A2B1092152B91ECEC
:100B9E009093A3089FE19093A6088093A5080895CB
:100BAE008091E3058073803239F762E080E19ADF4D
:100BBE0062E081E1E0CF90E0FC01EA5CF043E0818D
:100BCE00EE2319F1E13021F000F1E630A8F008959E
:100BDE00815A9043FC012081233008F02F5F309121
:100BEE00010A81E090E001C0880F2A95EAF780950E
:100BFE0083238093010A089580E1E89FF001112478
:100C0E00E05AF54F81818F7E818308950F931F9354
:100C1E00CF93DF93082F10E0F801E350F043D0811B
:100C2E00DF3F99F0C62F893208F4C5DFF801EC5288
:100C3E00F043E08180E2E89FF0011124FC5F8081A7
:100C4E008D2371F0C11106C0D683DF91CF911F9114
:100C5E000F910895C43011F4D783F7CFD583F5CF14
:100C6E00D801A15AB0438C91309771F08F3F61F04B
:100C7E007096E80FF11D9FB7F8948081C11107C0DF
:100C8E00877F80839FBFE1CFF0E0E0E0F4CF886004
:100C9E00F8CF893208F4BACF0895AF92BF92CF92AF
:100CAE00DF92EF92FF920F931F93CF93DF93EC019E
:100CBE006A017B01A22E8D89882339F0E881F981A2
:100CCE000688F789E02DCE0109950C8910E0BFB694
:100CDE00F89460E070E980ED93E0A70196010E9420
:100CEE00E44469017A018FEFC81AD80AE80AF80AB3
:100CFE00F694E794D794C794EC85FD8586818D7F15
:100D0E008683EC85FD85868186831D8AA0912311BD
:100D1E000A2E000CBB0BA70196010E94224520E073
:100D2E0034E040E050E00E940645EC85FD85C20EA1
:100D3E00D31EE41EF51EC086D186EC85FD85A782E6
:100D4E00EC85FD858681806C8683EC85FD858581AD
:100D5E00806885839091E2058B898095892378013F
:100D6E00EE0CFF1CF701E00FF11FEC0FFD1F908939
:100D7E00892B8093E2058685893210F462E0B2DE1B
:100D8E000E0D1F1DC00FD11F61E08F8582DF8F8575
:100D9E00893210F461E0A6DEBFBEDF91CF911F91C4
:100DAE000F91FF90EF90DF90CF90BF90AF9008958E
:100DBE000F931F93CF93082F10E0F801E350F043E9
:100DCE00C081CF3F71F0F7DEF801EC52F043E081C5
:100DDE0080E2E89FF0011124FC5F8085C82381E04A
:100DEE0009F480E0CF911F910F9108958330910502
:100DFE0028F0880F991F04970197F1F708959F9295
:100E0E00AF92BF92CF92DF92EF92FF920F931F930A
:100E1E00CF93DF93EC016B018885998511E0892BC7
:100E2E0009F010E8F601A0808A2D8123992493946D
:100E3E008111912C2C813D814E815F8160E271EA9E
:100E4E0087E090E00E94E444022FB12CE22EF12CB8
:100E5E00002311F0C701CADF8A858D7F09F04EC0CD
:100E6E008D858F3F89F09A2D912381E009F480E0E2
:100E7E00891551F0EF85F8898F899923C9F19081F1
:100E8E00892B808399249394E989FA898081998D9D
:100E9E00892B8083002311F0C701A8DF8E858F3F39
:100EAE0039F0EB89FC898081988D892309F0B12A6C
:100EBE00E989FA899081898D8095892380838E8531
:100ECE008F3F11F0F601B08288859985892B09F044
:100EDE0043C0110F1111BCCFDF91CF911F910F9114
:100EEE00FF90EF90DF90CF90BF90AF909F900895BE
:100EFE009081809589238083912CC6CFE989FA89C8
:100F0E008081998D892B8083002311F0C7016EDFBC
:100F1E008D858F3F49F0EF85F8898F899A2D912322
:100F2E00B9F09081892B8083E989FA899081898D26
:100F3E008095892380838E858F3F09F4C0CFEB89FE
:100F4E00FC898081988D892309F4B9CFB12AB7CF56
:100F5E00908180958923E7CF1695BCCF2F923F9233
:100F6E004F925F926F927F928F929F92AF92BF92AB
:100F7E00CF92DF92EF92FF920F931F93CF93DF9357
:100F8E00CDB7DEB72897CDBFDEBF7C016E837F83E2
:100F9E004A835B83B22EA32E0C831D83DC01CD907E
:100FAE00DC901197C114D10491F01296ED91FC9141
:100FBE001081B181B887F6018681882319F081FFEF
:100FCE0031C0F8941093C008B885B093C108F701EA
:100FDE0083858F3F11F060E05CDECE80DF806A801B
:100FEE007B806C0C7D1C6C147D0409F0AFC0CB2C87
:100FFE00DA2C4C805D804C0C5D1C1FEF4C145D0494
:10100E0009F4B8C01983D7018D919C91BE016F5F11
:10101E007F4F009709F4ABC087DB8981F60181937E
:10102E006F01ECCF80FFCECF4085518562857385F1
:10103E001A012B01612C712C4301E0E09101A201F8
:10104E00B301C401A0E00E946345B1F1217030E00C
:10105E0040E050E060E070E080E090E00E94634588
:10106E00F1F090E080E0E03370F48E2F8695869557
:10107E008695B0E28B9FC0011124805F9B4F2E2F6F
:10108E002770820F911DDC014C9196012E0F311DA0
:10109E00D90150964C93DC012C91287F2C93910111
:1010AE00A201B301C40101E00E942A4519012A01DF
:1010BE003B014C01EF5FC2CFF60144855585668535
:1010CE0077851A012B01612C712C4301E0E291010D
:1010DE00A201B301C401A0E00E94634509F472CFDE
:1010EE00217030E040E050E060E070E080E090E0A1
:1010FE000E946345F1F090E080E0E03370F48E2FB3
:10110E00869586958695F0E28F9FC0011124805FAB
:10111E009B4F2E2F2770820F911DDC014C91960153
:10112E002E0F311DD90150964C93DC012C91287F46
:10113E002C939101A201B301C40101E00E942A4542
:10114E0019012A013B014C01EF5FC1CFD6018D91F0
:10115E006D018983F70180819181BE016F5F7F4FA1
:10116E00009711F0E1DA3FCFC70149DE3CCFC7014E
:10117E0046DE53CFD7011B968C918F3F11F061E065
:10118E0088DDD701ED91FC91309731F0868188236F
:10119E0019F081FF18C0789481E02896CDBFDEBF8C
:1011AE00DF91CF911F910F91FF90EF90DF90CF9035
:1011BE00BF90AF909F908F907F906F905F904F9069
:1011CE003F902F90089580FFE7CF80849184A28472
:1011DE00B384C12CD12C760110E09401A501B60187
:1011EE00C701A0E00E946345A1F1217030E040E00C
:1011FE0050E060E070E080E090E00E946345E1F036
:10120E0090E080E0103370F4812F86958695869558
:10121E00B0E28B9FC0011124805F9B4F212F27705E
:10122E00820F911D9F01210F311DD90150962C91D6
:10123E00DC013C91232B2C939401A501B601C7012F
:10124E0001E00E942A4549015A016B017C011F5F92
:10125E00C4CF84849584A684B784C12CD12C760106
:10126E0010E29401A501B601C701A0E00E946345FA
:10127E0009F492CF217030E040E050E060E070E081
:10128E0080E090E00E946345E1F090E080E0103352
:10129E0070F4812F869586958695B0E28B9FC0015E
:1012AE001124805F9B4F212F2770820F911D9F016C
:1012BE00210F311DD90150962C91DC013C91232B2D
:1012CE002C939401A501B601C70101E00E942A45A5
:1012DE0049015A016B017C011F5FC3CF8FB7F89490
:1012EE002091A02A3091A12A4091A22A5091A32A9E
:1012FE00E091AA0AF091AB0A9091A60A90FF08C05D
:10130E002F5F3F4F4F4F5F4FE091AA0AF091AB0A0C
:10131E008FBFA8EEB3E00E94854323E0F695E795D4
:10132E002A95E1F76E0F7F1F811D911D08958F92F3
:10133E009F92AF92BF92CF92DF92EF92FF924B01AC
:10134E005C01CCDF6B017C01A8EEB3E0A50194013A
:10135E000E948543C60ED71EE81EF91EC616D70676
:10136E00E806F90610F4BADFF9CFB8DF6C157D0583
:10137E008E059F05D0F3FF90EF90DF90CF90BF903A
:10138E00AF909F908F9008952FB7F8946091A02AF8
:10139E007091A12A8091A22A9091A32A2FBF08951D
:1013AE00EF92FF920F931F93CF93DF9390E2899F5B
:1013BE00E0011124DC5FE984082F000F000F000FFD
:1013CE00FF24F39410E08E2D8F2179F0E02FE10FA2
:1013DE00F0E0EE0FFF1FEC55F54D80819181892BCA
:1013EE0021F00190F081E02D09951F5FFF0C183060
:1013FE0051F7E986DF91CF911F910F91FF90EF90FA
:10140E000895DC0180E0615090F09D919827E92FBE
:10141E00EF70F0E0EB52FC4F2491E92FE295EF7064
:10142E00F0E0EB51FC4FE491822F8E27ECCF089524
:10143E00CF93DF93FC019081A181B281F894FD01DD
:10144E0038978081892B8083ED0124972881392F4D
:10145E00309523232883C2E0D0E02197F1F78081D5
:10146E0083238083E0E1F0E03197F1F78C9178945B
:10147E00E6E6F0E03197F1F7982381E009F480E099
:10148E00DF91CF910895FC019081A181B281292F26
:10149E002095FD013497189760FF14C0F894808151
:1014AE00822380838C91892B8C93A0E1B0E01197DD
:1014BE00F1F78081982B908378948AE690E00197DB
:1014CE00F1F70895F8948081822380838C91892B83
:1014DE008C93AEE7B0E01197F1F78081982B908353
:1014EE00789486E090E0EBCFDF92EF92FF920F932D
:1014FE001F93CF93DF93EC01D62EE42E08E010E07D
:10150E00FF24F39461E08D2D8F2109F460E0CE016C
:10151E00BADFFF0C01501109A9F7E11012C0F894BF
:10152E00E981FA813897908188818095892380831B
:10153E00E981FA813497908188818095892380830F
:10154E007894DF91CF911F910F91FF90EF90DF90E4
:10155E000895EF92FF920F931F93CF93DF938C0119
:10156E007B0140E065E5C0DFE70188E0E80EF11C95
:10157E00699140E0C801B8DFCE15DF05C9F7DF91EC
:10158E00CF911F910F91FF90EF90089508954F9274
:10159E005F926F927F928F929F92AF92BF92CF92F5
:1015AE00DF92EF92FF92B0E0A0E0BA2FA92F982F12
:1015BE00882720E130E0C12C40E8D42EEE24EA94B6
:1015CE00F12C812C912C50E8A52EB12C40E050E846
:1015DE0068E970E024013501482259226A227B22F3
:1015EE0045284628472851F02A013B014C205D2012
:1015FE006E207F2084259525A625B725B694A79421
:10160E0097948794F694E794D794C79476956795B4
:10161E005795479521503109E9F6FF90EF90DF90ED
:10162E00CF90BF90AF909F908F907F906F905F9074
:10163E004F90089508950F9391E090931A2B109266
:10164E00152B60935C2A70935D2A40935B2A20933E
:10165E005A2A1092162B1092172B0093592A880F84
:10166E008093582A93E024E080915B2A882331F0FE
:10167E0090931B2B8091582A8E7F09C080915A2AF5
:10168E00882341F020931B2B8091582A81608093F0
:10169E00A70808C080915B2A811104C080915A2A44
:1016AE00882331F38091152B8823E1F38091152B3C
:1016BE008330D1F280915A2A882321F08091172B02
:1016CE000F9108959091152B81E09130C9F780E02C
:1016DE00F7CF0F9390911B2B913099F490911A2B79
:1016EE00911111C0082F20E040915E2B6DE17BE23D
:1016FE0080915D2BA0DF10921C2B10925E2B0F9110
:10170E00089580E0F8CF81E0F6CF1F93CF93DF935B
:10171E00EA01122FDC0111968D919C91DC01ED9165
:10172E00FC910280F381E02D0995C817D90721F4A9
:10173E00812FCFDF91E0811190E0892FDF91CF9142
:10174E001F910895CF93DF93EC018B81882381F055
:10175E00888180935D2B10921C2B10925E2B81E062
:10176E00B8DF91E0811190E0892FDF91CF9108953C
:10177E00EDD981E08B83CE01E5DF982F8111E8CF83
:10178E00F3CFE0EAF8E091859066918792E090932E
:10179E001B2B8093522A1092512A089581E0809338
:1017AE00512A1092522A93E09093AA089091AB0876
:1017BE0091FF0BC01092562AF0E0E0E0099580935D
:1017CE00552A85E080931B2B08951092572A8093FB
:1017DE00542A86E0F7CF0895E091192B8091182BAB
:1017EE00E81730F4F0E0E05AF54D808190E008956E
:1017FE008FEF9FEF08959091192B8091182B2FEF5B
:10180E003FEF981748F4E92FF0E0E05AF54D2081AC
:10181E0030E09F5F9093192BC90108958091182B8A
:10182E009091192B891B990B0895CF92DF92EF920D
:10183E00FF920F931F93CF93DF937C018A01EB01ED
:10184E006B01C40ED51ECC15DD0551F06991D70183
:10185E00ED91FC910190F081E02DC7010995F3CF38
:10186E00C801DF91CF911F910F91FF90EF90DF9004
:10187E00CF90089520915E2B203440F021E030E08F
:10188E00FC012283338390E080E0089580911C2B2D
:10189E00E82FF0E0E35EF44D60838F5F80931C2BA6
:1018AE0080935E2B81E090E0089590E080E00895B3
:1018BE00FC01FF2790FD12C080E094E1E82BF92B8C
:1018CE0060838FB7F8949DE923E094BF20930010B6
:1018DE008FBF8091021081FDFCCF089580E093E1CF
:1018EE00EDCFCF92DF92EF92FF920F931F93CF9394
:1018FE00DF938C016B01FB01E480F5806E2DD8DF48
:10190E00D0E0C0E0FF240F5F1F4FCE15DF05B4F40B
:10191E00F60184819581C817D90770F48081918171
:10192E00009751F08C0F9D1FFC016081C8018C0F38
:10193E009D1FBEDF2196E9CF60E0F8CFDF91CF91FA
:10194E001F910F91FF90EF90DF90CF900895FC01C3
:10195E00FF2790FD06C080E094E1E82BF92B8081F3
:10196E00089580E093E1F9CF2F923F924F925F92CC
:10197E006F927F928F929F92AF92BF92CF92DF9291
:10198E00EF92FF920F931F93CF93DF9300D000D06F
:10199E00CDB7DEB72091492A30914A2A40914B2A81
:1019AE0050914C2A60914D2A70914E2A80914F2A67
:1019BE009091502AA5E00E944E452093492A3093DB
:1019CE004A2A40934B2A50934C2A60934D2A709387
:1019DE004E2A80934F2A9093502A8091472A9091B5
:1019EE00482A892B09F45FC18091452A9091462A95
:1019FE00892B09F058C14091412A5091422A609199
:101A0E00432A7091442AA090392AB0903A2AC09065
:101A1E003B2AD0903C2AE0903D2AF0903E2A00913D
:101A2E003F2A1091402A8091492A898380914A2A1F
:101A3E008A8380914B2A8C8380914C2A8B83B09120
:101A4E004D2AA0914E2AF0914F2AE091502A9A01E8
:101A5E00AB0160E070E080E090E00E944545A98017
:101A6E00BA80CC80DB80EB2EFA2E0F2F1E2F0E9419
:101A7E005A4508F0A3C080911628882309F49EC009
:101A8E0060E088E0C3D81092172810921828709141
:101A9E00492A60914A2A50914B2A40914C2A309102
:101AAE004D2A20914E2A90914F2A8091502A709360
:101ABE00312A6093322A5093332A4093342A30933A
:101ACE00352A2093362A9093372A8093382A1092FB
:101ADE00162881E08093302A2091492A30914A2A93
:101AEE0040914B2A50914C2A60914D2A70914E2A6A
:101AFE0080914F2A9091502AA7E20E94634509F0E7
:101B0E0008F446C081E080932B2A8091292A909177
:101B1E002A2A892BB9F58091452A9091462A892B3C
:101B2E0089F58091272A9091282A892B59F5809141
:101B3E00252A9091262A892B29F58091022B9091A6
:101B4E00032B892BF9F48091232A9091242A892B37
:101B5E00C9F48091212A9091222A892B99F480919F
:101B6E001F2A9091202A892B69F480911D2A909129
:101B7E001E2A892B39F480911B2A90911C2A892BBD
:101B8E0009F49AC081E090E08093132B9093142B6C
:101B9E002496CDBFDEBFDF91CF911F910F91FF90A5
:101BAE00EF90DF90CF90BF90AF909F908F907F90EF
:101BBE006F905F904F903F902F90089540912C2AF8
:101BCE0050912D2A60912E2A70912F2AA090312AA1
:101BDE00B090322AC090332AD090342AE090352A21
:101BEE00F090362A0091372A1091382A8091492A8E
:101BFE00898380914A2A8A8380914B2A8C83809193
:101C0E004C2A8B83B0914D2AA0914E2AF0914F2AE7
:101C1E00E091502A9A01AB0160E070E080E090E024
:101C2E000E944545A980BA80CC80DB80EB2EFA2E2F
:101C3E000F2F1E2F0E945A4508F04ECF8091302A4A
:101C4E00882309F449CF61E088E00E940D0681E007
:101C5E0090E080931728909318287091492A6091EC
:101C6E004A2A50914B2A40914C2A30914D2A20916C
:101C7E004E2A90914F2A8091502A7093392A609360
:101C8E003A2A50933B2A40933C2A30933D2A209384
:101C9E003E2A90933F2A8093402A1092302A81E068
:101CAE008093162819CF60E088E00E940D061092EE
:101CBE0017281092182810CF1092132B1092142B55
:101CCE0067CFDC01ED91FC910488F589E02D23E0CE
:101CDE0030E00994CF93DF93FC019081A181B28112
:101CEE00F894FD0138978081292F209582238083D7
:101CFE0078943DE7315031F18C918923D9F3F894E2
:101D0E00ED0124978881822388838081892B8083AB
:101D1E007894CCEBD3E02197F1F7F894808182236D
:101D2E008083E8E8F0E03197F1F78C91982381E019
:101D3E0009F080E07894E0E3F3E03197F1F7DF917A
:101D4E00CF91089580E0FBCF6F927F928F929F92FA
:101D5E00AF92BF92CF92DF92EF92FF920F931F93AB
:101D6E00CF93DF938C01EB018091952E9091962E5F
:101D7E00B1DF882309F43BC0B8018091952E909174
:101D8E00962EE7DB40E06EEB8091952E9091962E8D
:101D9E00ABDB7E016E0189E0C80ED11C8E01A090D6
:101DAE00952EB090962E88E0882E912C712C66245C
:101DBE006394C5013DDB81117628660CE1E08E1A35
:101DCE009108B9F7F80171928F01CE16DF0639F737
:101DDE008091952E9091962E7DDF813041F4F70102
:101DEE0081917F01811105C0E017F107C1F790E0E5
:101DFE0007C068E0CE0105DB91E028852813F7CFF8
:101E0E00892FDF91CF911F910F91FF90EF90DF906F
:101E1E00CF90BF90AF909F908F907F906F900895CE
:101E2E00BF92CF92DF92EF92FF920F931F93CF93B9
:101E3E00DF93EC01B62EC72E8D85811104C0CE0125
:101E4E0049DF81110EC01B861D861C8680E0DF9146
:101E5E00CF911F910F91FF90EF90DF90CF90BF9099
:101E6E00089540E060EFCE013FDB01E0E12CD12C84
:101E7E0011E0CE01DDDAF82ECE01DADA91E0F912B8
:101E8E0018C0813099F51134F0F2DB86D11002C002
:101E9E0081E08D878B818823B1F22396EB2DFC2D6B
:101EAE00CF01089629912193E817F907D9F781E018
:101EBE00CECFEE2DF0E0F8120FC08B851817A0F4E0
:101ECE00DE01AE0FBF1F13968C91802379F4F12C97
:101EDE00193008F41C87D12EEC0FFD1F8381902F33
:101EEE009095892383830AC08113F1CFFE01EE0DF5
:101EFE00F11D8381802B8383FF24F3946F2DCE01FC
:101F0E00C2DA1F5F000F11F4E39401E087E08E1533
:101F1E0008F0AFCFB8CF3F924F925F926F927F9201
:101F2E008F929F92AF92BF92CF92DF92EF92FF92DB
:101F3E000F931F93CF93DF9300D0CDB7DEB7FC0185
:101F4E003B01042F9681878199838A83A080B1807B
:101F5E00A114B10409F48DC0418550E0D501149649
:101F6E008D919C9184179507B0F4312C832D0F9091
:101F7E000F90DF91CF911F910F91FF90EF90DF9017
:101F8E00CF90BF90AF909F908F907F906F905F900B
:101F9E004F903F900895F501808180935D2B1092B4
:101FAE001C2B10925E2B20E0BE016F5F7F4FC50190
:101FBE00ACDB382E8823C9F2E02EF12C912C812C2B
:101FCE00D50114968D919C916701C818D9088C156E
:101FDE009D0508F46C01F501808120E63AE220931C
:101FEE005E2A30935F2A90911B2B9130B9F5909118
:101FFE001A2B911135C001E097012C193D0982165B
:10200E00930608F400E02C2D31E4C316D10408F039
:10201E0020E440E070E060E00EDB1092192B80931C
:10202E00182B8C151D0409F0A0CF8301080D191D66
:10203E002801C201801B910B8C159D0598F4D501CA
:10204E0011968D919C91DC01ED91FC910284F385AA
:10205E00E02D0995F20181932F01EBCF80E0DDCFCA
:10206E0081E0DBCF8C0C9D1C8E149F0408F4A8CF4E
:10207E007DCFA281B381109709F477CF248135816A
:10208E0010E0418550E02330310571F48160898381
:10209E009A834F5F5F4F9301BE016F5F7F4FCD01FC
:1020AE000E94B507382E62CF2115310519F49068BC
:1020BE009983F1CF2230310511F49F77F9CF21307A
:1020CE00310549F7906CF4CF0C942546CF93DF93EE
:1020DE00EC0188819981009711F00E9425461882A3
:1020EE0019821C821D821A821B82DF91CF91089564
:1020FE00FC01808191810C9425460C942546FC01AF
:10210E0080819181009711F00C94303E60E070E078
:10211E00CB010895FC0180819181009711F00C9400
:10212E00333E60E070E0CB010895FC0124813581DF
:10213E00FB014481558124173507E1F4FC018081B0
:10214E009181FB01608171810097D1F0611571055C
:10215E00A1F4232BC1F0FC01808190E008C0232B59
:10216E0091F0FB01808190E091958195910921E09C
:10217E00892B09F020E0822F08950E946D47F7CF3A
:10218E006115710561F721E0F6CF0F931F93CF9381
:10219E00DF93EC0188819981009759F02A813B8168
:1021AE002617370730F081E0DF91CF911F910F9105
:1021BE0008958B016F5F7F4F0E94AE46009759F0D6
:1021CE00888399830A831B832C813D81232B59F7A6
:1021DE00FC011082E8CF80E0E7CFEF92FF920F93E1
:1021EE001F93CF93DF936115710541F480E0DF916A
:1021FE00CF911F910F91FF90EF90089541155105CA
:10220E00A9F07B01EC010C811D81040F151FB80193
:10221E00BCDF882359F3288139818C819D81B701D8
:10222E00820F931F0E9476470C831D8381E0DFCFC0
:10223E00EF92FF920F931F93CF93DF93CDB7DEB73D
:10224E006497CDBFDEBF7C01CB01BA018E010F5F5B
:10225E001F4F22E044E00E94133EFC01019000203B
:10226E00E9F73197AF01481B590BBC01C701B5DF28
:10227E00811102C0C7012ADFC7016496CDBFDEBF40
:10228E00DF91CF911F910F91FF90EF900895EF92F4
:10229E00FF920F931F93CF93DF93CDB7DEB72D979A
:1022AE00CDBFDEBF7C01CB01BA012AE08E010F5FEC
:1022BE001F4FA8010E94863EF80101900020E9F709
:1022CE003197AF01401B510BB801C70186DF811159
:1022DE0002C0C701FBDEC7012D96CDBFDEBFDF9169
:1022EE00CF911F910F91FF90EF900895EF92FF9273
:1022FE000F931F93CF93DF93CDB7DEB72897CDBF44
:10230E00DEBF7C01CB014AE08E010F5F1F4FB8018B
:10231E000E94593EF80101900020E9F73197AF0174
:10232E00401B510BB801C70158DF811102C0C70114
:10233E00CDDEC7012896CDBFDEBFDF91CF911F91B5
:10234E000F91FF90EF900895CF93DF93EC01FB0177
:10235E0001900020E9F73197AF01461B570B3DDF87
:10236E00811102C0CE01B2DECE01DF91CF91089570
:10237E00CF93DF93EC01FB01448155816081718124
:10238E002CDF811102C0CE01A1DECE01DF91CF91F3
:10239E000895EF92FF920F931F93CF93DF93EC016B
:1023AE007B018A01BA01F1DE81110AC0CE018EDEF7
:1023BE00CE01DF91CF911F910F91FF90EF90089575
:1023CE000C831D83B701888199810E947647F0CFD7
:1023DE00FB0101900020E9F73197AF01461B570B27
:1023EE00D8CFCF93DF93EC01FB018617970741F00F
:1023FE00608171816115710539F044815581C9DFA4
:10240E00CE01DF91CF91089561DEFACFFC011082EB
:10241E0011821282138214821582E3CFFC01108284
:10242E0011821282138214821582FB010190002008
:10243E00E9F73197AF01461B570BABCF6F927F92E7
:10244E008F929F92AF92BF92CF92DF92EF92FF92B6
:10245E000F931F93CF93DF93CDB7DEB74C015B0184
:10246E006DB67EB6CB0173DA082F10E0C801019667
:10247E002DB73EB7281B390B2DBF3EBF8DB79EB76C
:10248E0001966C0175015C019FEFE91AF90AC5010D
:10249E008C199D098017910734F4C70158DAF5019C
:1024AE0081935F01F1CFF601E00FF11F1082B601AB
:1024BE00C401B4DFC4016DBE7EBEDF91CF911F910A
:1024CE000F91FF90EF90DF90CF90BF90AF909F90C5
:1024DE008F907F906F9008951F93CF93DF93CDB71A
:1024EE00DEB76897CDBFDEBF90E080E030DA1CE348
:1024FE00819FC0011124092E000CAA0BBB0B8093E7
:10250E002C2A90932D2AA0932E2AB0932F2A84E062
:10251E0090E01DDA819FC0011124092E000CAA0B38
:10252E00BB0B8093412A9093422AA093432AB093E7
:10253E00442A1092312A1092322A1092332A109283
:10254E00342A1092352A1092362A1092372A109277
:10255E00382A1092392A10923A2A10923B2A109257
:10256E003C2A10923D2A10923E2A10923F2A109237
:10257E00402A8DE290E0EBD990E0B0E0A0E08093AD
:10258E00592990935A29A0935B29B0935C2981E332
:10259E0090E0DDD990E0B0E0A0E0809339299093EF
:1025AE003A29A0933B29B0933C2985E390E0CFD9FB
:1025BE00819FC0011124809345299093462989E279
:1025CE0090E0C5D990E0B0E0A0E0809320299093F0
:1025DE002129A0932229B093232985E390E0B7D92E
:1025EE00819FC00111248093EF289093F0288CE0F6
:1025FE0090E0ADD9682F70E090E080E00E946F42CD
:10260E002DEC3CEC4CEC5DE30E94CE4260936029D5
:10261E0070936129809362299093632988E090E0FA
:10262E0096D9682F70E090E080E00E946F422DEC0A
:10263E003CEC4CEC5DE30E94CE42609340297093DB
:10264E004129809342299093432980E190E07FD9DC
:10265E00682F70E090E080E00E946F422DEC3CEC21
:10266E004CEC5DE30E94CE4260932A2870932B2897
:10267E0080932C2890932D2864E170E0CE01019672
:10268E00DDDECE01019646DD072E000C880B990B80
:10269E000E946F426093672970936829809369291D
:1026AE0090936A2969E170E0CE010796C7DECE01EC
:1026BE00079630DD072E000C880B990B0E946F4297
:1026CE0060932E2870932F28809330289093312872
:1026DE006FE170E0CE010D96B1DE64E270E0CE01E6
:1026EE004396ACDECE010D960ADD609332287093D0
:1026FE0033288093342890933528CE014396FFDCFF
:10270E006093EA287093EB288093EC289093ED2841
:10271E00CE014396EDDCCE010D96EADCCE01079696
:10272E00E7DCCE010196E4DC6896CDBFDEBFDF911B
:10273E00CF911F9108958F929F92AF92BF92CF9299
:10274E00DF92EF92FF920F931F93CF93DF93EC01E3
:10275E008B01FB01C480D580D60111972FEF3FEF7F
:10276E00B12CA12C90E080E070E060E0A817B907D2
:10277E002CF1461757072CF1FC0131967F018C1571
:10278E009D0560F4F801808091808114910431F0F0
:10279E00F401E80FF91FE081EC3219F0A817B90720
:1027AE0059F46F5F7F4F5901FFEFAF1ABF0A9701C0
:1027BE00A817B90709F09C01C701D8CF46175707CC
:1027CE00D4F569012A153B0510F06501590169E43C
:1027DE0070EDCE0123DEF801E480F580CE14DF0427
:1027EE00D0F4AE14BF0408F47501F8016081718154
:1027FE00FB01EE0DFF1DB08010826C0D7D1DCE0114
:10280E0061157105B1F0E4DDF80180819181E80E6A
:10281E00F91EF701B082CE01DF91CF911F910F917A
:10282E00FF90EF90DF90CF90BF90AF909F908F90E2
:10283E0008954CDCE9CF69E470EDCE01EFDDEBCF0E
:10284E000F931F93CF93DF938C01EB0188E2FB0173
:10285E0011928A95E9F74BE050E066E270EDCE01F9
:10286E000E947D471B8681E090E0A0E0B0E08C875F
:10287E009D87AE87BF87F80183819481092E000C56
:10288E00AA0BBB0B888B998BAA8BBB8B8DE090E030
:10289E00A0E0B0E08C8B9D8BAE8BBF8B1CA21DA2DB
:1028AE001EA21FA280E090E0A0E2B2EC8C8F9D8F62
:1028BE00AE8FBF8F80E090E0AAEAB2E4888F998F46
:1028CE00AA8FBB8F8AE999E9A9E9BEE388A399A3E8
:1028DE00AAA3BBA3DF91CF911F910F9108950F93E0
:1028EE001F93CF93DF938C01EB0188E2FB011192D2
:1028FE008A95E9F74BE050E06FE270EDCE010E9451
:10290E007D471B8681E090E0A0E0B0E08C879D873C
:10291E00AE87BF87F80183819481092E000CAA0B24
:10292E00BB0B888B998BAA8BBB8B8CE090E0A0E0C5
:10293E00B0E08C8B9D8BAE8BBF8B1CA21DA21EA2FA
:10294E001FA21C8E1D8E1E8E1F8E80E090E0A8ECA6
:10295E00B2E4888F998FAA8FBB8F80E090E0A0E0C1
:10296E00B0E488A399A3AAA3BBA3DF91CF911F9133
:10297E000F9108954F925F926F927F929F92AF92B6
:10298E00BF92CF92DF92EF92FF920F931F93CF934E
:10299E00DF93CDB7DEB76A97CDBFDEBF8C017B016B
:1029AE006A010E94CB092B013C0180E48A8FD80179
:1029BE001C968D919C91FC0124813581232BA9F4C9
:1029CE00912C892D6A96CDBFDEBFDF91CF911F91DD
:1029DE000F91FF90EF90DF90CF90BF90AF909F90B0
:1029EE007F906F905F904F900895208120935D2B84
:1029FE0010921C2B10925E2B21E041E050E0BE01A4
:102A0E00665E7F4F0E948C0B8823D1F264E170E0EA
:102A1E0080E090E00E949E09F80184859585188AD1
:102A2E00198A1A8A1B8A89839A831B821C8281E0E7
:102A3E008A871F8218861B8686E0898746E0BE013C
:102A4E006C5E7F4FCE01019666DA982E882309F4CC
:102A5E00B7CFAC88BD88BA24AB24BA24C5010E9476
:102A6E00CE0A9E899813ACCFB50190E080E00E940B
:102A7E006D4220E03FEF4FE757E40E94344420E0E0
:102A8E0030E045E253E40E94CE4220E030E040E2E6
:102A9E0052E40E94CF43D8016D937D938D939C9306
:102AAE001397AF88B88CBA24AB24BA24C5010E9400
:102ABE00CE0A998D981385CFB50190E080E00E94E3
:102ACE006D4220E03FEF4FE757E40E94344420E090
:102ADE0030E048EC52E40E94CE42F80164837583E4
:102AEE0086839783C114D10481F1F601349680E276
:102AFE00DF011D928A95E9F784E290E0A0E0B0E054
:102B0E00F60180839183A283B383D8011A968D91A7
:102B1E009C91B0E0A0E084839583A683B7838DE07B
:102B2E0090E0A0E0B0E080879187A287B387408ACB
:102B3E00518A628A738AF80180819181A281B38160
:102B4E00F601848B958BA68BB78BE114F10409F4F7
:102B5E0038CFF701349680E2DF011D928A95E9F7AE
:102B6E0084E290E0A0E0B0E0F70180839183A2833D
:102B7E00B383D80118968D919C91B0E0A0E0848328
:102B8E009583A683B7838DE090E0A0E0B0E08087C8
:102B9E009187A287B387408A518A628A738AF80125
:102BAE0084819581A681B781F701848B958BA68B45
:102BBE00B78B07CFAB0170E060E0FC018581968199
:102BCE00D9DE81E0089550E040E0FC0185819681D8
:102BDE00D1DE81E008952F923F924F925F926F92D5
:102BEE007F928F929F92AF92BF92CF92DF92EF928F
:102BFE00FF920F931F93CF93DF93CDB7DEB7C650DF
:102C0E00D140CDBFDEBFA8958E010F5F1F4F1801BB
:102C1E008FEF9CE20E943204CB52DF4F8883998360
:102C2E00C55DD040892B11F40C948F258FEF9CE25B
:102C3E000E9410048C0189831A8241E050E0B10198
:102C4E0089E69EE2CADA0A30110511F720916D2E3F
:102C5E0030916E2E2093192A30931A2A6091692E84
:102C6E0070916A2E4091172A5091182A90E080E0B8
:102C7E0082179307CCF14093172A5093182A10E02D
:102C8E0000E0E090172AF090182A69E67EE20E1511
:102C9E001F050CF03DC0CE0189569F4FB7DBA80132
:102CAE00BE0169567F4FC10146DDCE0189569F4F49
:102CBE001FDAC10124DA9B01AC016091132A7091D5
:102CCE00142A8091152A9091162A0E94D04360935F
:102CDE00132A7093142A8093152A9093162AC101F1
:102CEE0007DA0F5F1F4FCDCF8217930730F4FB012A
:102CFE00E80FF91F6115710521F410922928E9E2F8
:102D0E00F8E2E081EC3211F44F5F5F4F0196B0CFE5
:102D1E00C1017CDBA701B101CE0189549F4F0BDDB0
:102D2E00C101E6D9CE0189549F4FE9D96B017C01CF
:102D3E0020E030E040E251E46091132A7091142AB1
:102D4E008091152A9091162A0E94D043A7019601D0
:102D5E000E94694281110C946A2569E67EE2C101E6
:102D6E0055DB41E050E0B101CE018F549F4FE3DCC3
:102D7E00C101BED9CE018F549F4FCCD96093112A79
:102D8E007093122A6B30710509F03DC30091472AEA
:102D9E001091482A4090B5295090B6296090B729D5
:102DAE007090B829A090B129B090B229C090B329E3
:102DBE00D090B429C753DF4FA882B982CA82DB8272
:102DCE00C95CD040C090AD29D090AE29E090AF291B
:102DDE00F090B029CB52DF4FC882D982EA82FB82B3
:102DEE00C55DD040A0908529B0908629C0908729D6
:102DFE00D0908829CF52DF4FA882B982CA82DB8257
:102E0E00C15DD040C0907929D0907A29E0907B297D
:102E1E00F0907C29C352DF4FC882D982EA82FB82AE
:102E2E00CD5DD040A0907029B0907129C0907229CC
:102E3E00D0907329C752DF4FA882B982CA82DB8233
:102E4E00C95DD040C0908329D0908429CF51DF4FE7
:102E5E00C882D982C15ED040E0908129F09082294B
:102E6E00CB51DF4FE882F982C55ED040A0907F291A
:102E7E00B0908029C751DF4FA882B982C95ED04079
:102E8E00C0907D29D0907E29C351DF4FC882D98250
:102E9E00CD5ED040E0901328F0901428CF50DF4F35
:102EAE00E882F982C15FD0408090042B9090052B70
:102EBE00A090062BB090072BC0901728D090182802
:102ECE00CB50DF4FC882D982C55FD040E090E42955
:102EDE00F090E529C750DF4FE882F982C95FD040F4
:102EEE00C0902429D0902529C350DF4FC882D982A3
:102EFE00CD5FD040E0900C29F0900D29C150DF4FEE
:102F0E00E882F982CF5FD040C0903D29D0903E2913
:102F1E00CF5FDE4FC882D982C150D140E0905D298B
:102F2E00F0905E29CD5FDE4FE882F982C350D1402A
:102F3E00C090132BD090142BCB5FDE4FC882D9825A
:102F4E00C550D140B801012E000C880B990B0E9480
:102F5E006F42A30192010E94D043C753DF4F2881D5
:102F6E0039814A815B81C95CD0400E94D043CB52EB
:102F7E00DF4F288139814A815B81C55DD0400E9437
:102F8E00D043CF52DF4F288139814A815B81C15DA9
:102F9E00D0400E94D043C352DF4F288139814A81ED
:102FAE005B81CD5DD0400E94D043C752DF4F288158
:102FBE0039814A815B81C95DD0400E94D0436B014B
:102FCE007C01CF51DF4F28813981C15ED040B901DC
:102FDE00330F880B990B0E946F429B01AC01C70106
:102FEE00B6010E94D0436B017C01CB51DF4F48816B
:102FFE005981C55ED040BA01550F880B990B0E94BE
:10300E006F429B01AC01C701B6010E94D0436B0118
:10301E007C01C751DF4FA881B981C95ED040BD0187
:10302E00BB0F880B990B0E946F429B01AC01C7012D
:10303E00B6010E94D0436B017C01C351DF4FE88182
:10304E00F981CD5ED040BF01FF0F880B990B0E9416
:10305E006F429B01AC01C701B6010E94D0436B01C8
:10306E007C01CF50DF4F28813981C15FD040B9013B
:10307E00330F880B990B0E946F429B01AC01C70165
:10308E00B6010E94D0436B017C01C501B4010E94C0
:10309E006F429B01AC01C701B6010E94D0436B0188
:1030AE007C01CB50DF4F48815981C55FD040BA01BA
:1030BE00550F880B990B0E946F429B01AC01C70103
:1030CE00B6010E94D0436B017C01C750DF4FA8812F
:1030DE00B981C95FD040BD01BB0F880B990B0E940F
:1030EE006F429B01AC01C701B6010E94D0436B0138
:1030FE007C01C350DF4FE881F981CD5FD040BF0125
:10310E00FF0F880B990B0E946F429B01AC01C70108
:10311E00B6010E94D0436B017C01C150DF4F288164
:10312E003981CF5FD040B901330F880B990B0E94C4
:10313E006F429B01AC01C701B6010E94D0436B01E7
:10314E007C01CF5FDE4F48815981C150D140BA0119
:10315E00550F880B990B0E946F429B01AC01C70162
:10316E00B6010E94D0436B017C01CD5FDE4FA8817A
:10317E00B981C350D140BD01BB0F880B990B0E9482
:10318E006F429B01AC01C701B6010E94D0436B0197
:10319E007C01CB5FDE4FE881F981C550D140BF0184
:1031AE00FF0F880B990B0E946F429B01AC01C70168
:1031BE00B6010E94D04320E030E040E251E40E948C
:1031CE00D0436B017C01C0920D2AD0920E2AE09260
:1031DE000F2AF092102A69E470EDCE0181569F4FAE
:1031EE001DD9BE0161567F4FCE0189569F4F0ED914
:1031FE00B301A201CE0189569F4F1AD868E370ED34
:10320E00A3D8B80173D868E370ED9ED8C753DF4FCB
:10321E00488159816A817B81C95CD04009D868E3B5
:10322E0070ED92D8CB52DF4F488159816A817B81F4
:10323E00C55DD0400E941F1168E370ED85D8CF5256
:10324E00DF4F488159816A817B81C15DD0400E94E8
:10325E001F1168E370ED78D8C352DF4F4881598152
:10326E006A817B81CD5DD0400E941F1168E370EDB5
:10327E006BD8C752DF4F488159816A817B81C95D06
:10328E00D0400E941F1168E370ED5ED8CF51DF4F22
:10329E0068817981C15ED04029D868E370ED54D839
:1032AE00CB51DF4F68817981C55ED0401FD868E36E
:1032BE0070ED4AD8C751DF4F68817981C95ED04021
:1032CE0015D868E370ED40D8C351DF4F688179811E
:1032DE00CD5ED0400BD868E370ED36D8CF50DF4FBF
:1032EE0068817981C15FD04001D868E370ED2CD838
:1032FE008C012AE0A101C501B4010E94633EF101D7
:10330E0001900020E9F73197AF0142195309B1013D
:10331E00C8010E94F410811103C0C8010E946D10F3
:10332E0068E370EDC80110D8CB50DF4F688179810A
:10333E00C55FD0400E947D1168E370ED05D8C7507F
:10334E00DF4F68817981C95FD0400E947D1168E3AB
:10335E0070ED0E94AB11C350DF4F68817981CD5F54
:10336E00D0400E947D1168E370ED0E94AB11C150F8
:10337E00DF4F68817981CF5FD0400E947D1168E375
:10338E0070ED0E94AB11CF5FDE4F68817981C15025
:10339E00D1400E947D1168E370ED0E94AB11CD5FAC
:1033AE00DE4F68817981C350D1400E947D1168E360
:1033BE0070ED0E94AB11CB5FDE4F68817981C550F5
:1033CE00D1400E947D1168E370ED0E94AB11B701F0
:1033DE00A6010E941F1168E370ED0E94AB116BE015
:1033EE0070E00E947D1168E470ED0E94AB110E94A6
:1033FE00E003CE0189569F4F0E947F10CE01815669
:10340E009F4F0E947F108091112A9091122A8197CE
:10341E0009F046C080E090E0A8EDB1E480930D2A5B
:10342E0090930E2AA0930F2AB093102A69E470EDA0
:10343E00CE0189569F4F0E941512BE0169567F4FCD
:10344E00C1010E940D1261E070E0C1010E947D1168
:10345E0068E370ED0E94AB1160E170E00E947D1197
:10346E0068E370ED0E94AB1140E050E068ED71E44E
:10347E000E941F1168E370ED0E94AB1161E270E0D3
:10348E000E947D1168E470ED0E94AB110E94E00372
:10349E00C1010E947F10CE0189569F4F0E947F105E
:1034AE008091112A9091122AC79709F075C2009146
:1034BE00412A1091422A2091432A3091442A409069
:1034CE002C2A50902D2A60902E2A70902F2AA09090
:1034DE004029B0904129C0904229D0904329C7532A
:1034EE00DF4FA882B982CA82DB82C95CD040C0900D
:1034FE006029D0906129E0906229F0906329CB5227
:10350E00DF4FC882D982EA82FB82C55DD040A0908F
:10351E002A28B0902B28C0902C28D0902D28CF523E
:10352E00DF4FA882B982CA82DB82C15DD040C090D3
:10353E006729D0906829E0906929F0906A29C352D2
:10354E00DF4FC882D982EA82FB82CD5DD040A09047
:10355E002E28B0902F28C0903028D0903128C752F6
:10356E00DF4FA882B982CA82DB82C95DD040C0908B
:10357E003228D0903328E0903428F0903528CF515F
:10358E00DF4FC882D982EA82FB82C15ED040A09012
:10359E00EA28B090EB28C090EC28D090ED28CB51C3
:1035AE00DF4FA882B982CA82DB82C55ED040C0904E
:1035BE002029D0902129E0902229F0902329C7516B
:1035CE00DF4FC882D982EA82FB82C95ED040A090CA
:1035DE003929B0903A29C0903B29D0903C29C3514B
:1035EE00DF4FA882B982CA82DB82CD5ED040C09006
:1035FE005929D0905A29E0905B29F0905C29CF5040
:10360E00DF4FC882D982EA82FB82C15FD0408091AF
:10361E004529909146296CE370E00E94D144CB502D
:10362E00DF4F68837983C55FD0408CE3C82ED12CE1
:10363E00E12CF12CC901B801A70196010E94E444C6
:10364E0049015A01C301B201A70196010E94E44447
:10365E00C501B401620F731F841F951F0E946D4236
:10366E00C753DF4F288139814A815B81C95CD040C5
:10367E000E94D043CB52DF4F288139814A815B8132
:10368E00C55DD0400E94D043CF52DF4F2881398193
:10369E004A815B81C15DD0400E94D043C352DF4F4F
:1036AE00288139814A815B81CD5DD0400E94D04313
:1036BE00C752DF4F288139814A815B81C95DD04075
:1036CE000E94D043CF51DF4F288139814A815B81DF
:1036DE00C15ED0400E94D043CB51DF4F288139814B
:1036EE004A815B81C55ED0400E94D0434B015C0194
:1036FE00C751DF4F688179818A819B81C95ED04035
:10370E000E946D429B01AC01C501B4010E94D043E1
:10371E004B015C01C351DF4F688179818A819B81A6
:10372E00CD5ED0400E946D429B01AC01C501B4013B
:10373E000E94D0434B015C01CF50DF4F68817981ED
:10374E008A819B81C15FD0400E946D429B01AC017A
:10375E00C501B4010E94D0434B015C01CB50DF4F39
:10376E0008811981C55FD040B801110F880B990BE4
:10377E000E946F429B01AC01C501B4010E94D0436F
:10378E0020E030E040E251E40E94D0434B015C0166
:10379E0080920D2A90920E2AA0920F2AB092102A91
:1037AE0020912C2A30912D2A40912E2A50912F2A89
:1037BE00C750DF4F288339834A835B83C95FD0406C
:1037CE004090412A5090422A6090432A7090442A99
:1037DE0069E470EDCE0189569F4F0E941512BE010D
:1037EE0069567F4FC1010E940D12C301B201A7019C
:1037FE0096010E94E444BA01A901C1010E944E1132
:10380E0068E370ED0E94AB118C01C750DF4F6881E9
:10381E0079818A819B81C95FD040A70196010E9460
:10382E00E444BA01A901C8010E944E1168E370ED8B
:10383E000E94AB11C753DF4F488159816A817B814A
:10384E00C95CD0400E941F1168E370ED0E94AB115D
:10385E00CB52DF4F488159816A817B81C55DD04053
:10386E000E941F1168E370ED0E94AB11CF52DF4F23
:10387E00488159816A817B81C15DD0400E941F11B0
:10388E0068E370ED0E94AB11C352DF4F488159813E
:10389E006A817B81CD5DD0400E941F1168E370ED7F
:1038AE000E94AB11C752DF4F488159816A817B81DB
:1038BE00C95DD0400E941F1168E370ED0E94AB11EC
:1038CE00CF51DF4F488159816A817B81C15ED040E3
:1038DE000E941F1168E370ED0E94AB11CB51DF4FB8
:1038EE00488159816A817B81C55ED0400E941F113B
:1038FE0068E370ED0E94AB11C751DF4F48815981CB
:10390E006A817B81C95ED0400E944E1168E370EDE2
:10391E000E94AB11C351DF4F488159816A817B816F
:10392E00CD5ED0400E944E1168E370ED0E94AB1147
:10393E00CF50DF4F488159816A817B81C15FD04072
:10394E000E944E1168E370ED0E94AB11CB50DF4F19
:10395E0068817981C55FD0400E947D1168E370ED6A
:10396E000E94AB11B501A4010E941F1168E370ED16
:10397E000E94AB1167E370E00E947D1168E470ED68
:10398E000E94AB110E94E003C1010E947F10CE0184
:10399E0089569F4F0E947F108091112A9091122A72
:1039AE008D34910519F4F0E0E0E009958091112A2B
:1039BE009091122A8336910509F0F8C08090452A1D
:1039CE009090462AA090292AB0902A2AC090272AA1
:1039DE00D090282AE090252AF090262A0091022BDA
:1039EE001091032B2091232A3091242AC753DF4FA5
:1039FE0028833983C95CD0404091212A5091222AD4
:103A0E00CB52DF4F48835983C55DD04060911B2A4E
:103A1E0070911C2ACF52DF4F68837983C15DD040ED
:103A2E0080911F2A9091202AC352DF4F8883998359
:103A3E00CD5DD040A0911D2AB0911E2AC752DF4FF6
:103A4E00A883B983C95DD040B4016A0D7B1D6C0D8E
:103A5E007D1D6E0D7F1D600F711F620F731F640F32
:103A6E00751FCF52DF4FE881F981C15DD0406E0FD7
:103A7E007F1F680F791F6A0F7B1F665F7F4F072EB0
:103A8E00000C880B990B0E946F422B013C01409257
:103A9E000D2A50920E2A60920F2A7092102A69E413
:103AAE0070EDCE0189569F4F0E941512BE016956C8
:103ABE007F4FC1010E940D12B401C1010E947D1100
:103ACE0068E370ED0E94AB11B5010E947D1168E3B1
:103ADE0070ED0E94AB11B6010E947D1168E370ED8E
:103AEE000E94AB11B7010E947D1168E370ED0E9438
:103AFE00AB11B8010E947D1168E370ED0E94AB110D
:103B0E00C753DF4F68817981C95CD0400E947D1117
:103B1E0068E370ED0E94AB11CB52DF4F6881798163
:103B2E00C55DD0400E947D1168E370ED0E94AB111F
:103B3E00CF52DF4F68817981C15DD0400E947D11E7
:103B4E0068E370ED0E94AB11C352DF4F688179813B
:103B5E00CD5DD0400E947D1168E370ED0E94AB11E7
:103B6E00C752DF4F68817981C95DD0400E947D11B7
:103B7E0068E370ED0E94AB11B301A2010E941F1108
:103B8E0068E370ED0E94AB1163E670E00E947D1158
:103B9E0068E470ED0E94AB110E94E003C1010E9427
:103BAE007F10CE0189569F4F0E947F108091112A5F
:103BBE009091122A892B09F0D8C169E67EE2C101E3
:103BCE000E940D1242E050E0B101CE0189569F4F86
:103BDE000E94A213C1010E947F1069E67EE2CE010F
:103BEE0081569F4F0E940D1243E050E0BE01615678
:103BFE007F4FC1010E94A213CE0181569F4F0E949A
:103C0E007F10CE0189569F4F0E9491108B016093B9
:103C1E000B2A70930C2AC1010E9491106093092AFD
:103C2E0070930A2A012B09F074C0672B09F007C2A2
:103C3E001092082A81E08093072A109215280E947C
:103C4E00CB098B019C016093FF291093002A80936E
:103C5E00012A3093022A1092032A1092042A1092FB
:103C6E00052A1092062A6093F7291093F82980935B
:103C7E00F9293093FA291092FB291092FC291092FF
:103C8E00FD291092FE296093EF291093F02980935D
:103C9E00F1293093F2291092F3291092F4291092FF
:103CAE00F5291092F6296093E7291093E82980935D
:103CBE00E9293093EA291092EB291092EC291092FF
:103CCE00ED291092EE2969E470EDCE0181569F4FD9
:103CDE000E941512BE0161567F4FCE018B559F4F2C
:103CEE000E940D126BE47EE2CE018B559F4F0E9417
:103CFE00BF1168E470ED0E94AB110E94E003CE018B
:103D0E008B559F4F0E947F10CE0181569F4F0E9470
:103D1E007F1000910B2A10910C2A01301105B9F574
:103D2E008091092A90910A2A892B09F08CC160E0B2
:103D3E0088E00E940D0610921728109218281092F3
:103D4E00E62969E470EDCE0181569F4F0E9415124F
:103D5E00BE0161567F4FCE018B559F4F0E940D12B3
:103D6E006BE47EE2CE018B559F4F0E94BF1168E43B
:103D7E0070ED0E94AB110E94E003CE018B559F4F58
:103D8E000E947F10CE0181569F4F0E947F1080911E
:103D9E000B2A90910C2A0297B9F58091092A9091DD
:103DAE000A2A892B09F05BC160E087E00E940D06AC
:103DBE001092E4291092E5291092E32969E470ED3E
:103DCE00CE0181569F4F0E941512BE0161567F4F44
:103DDE00CE018B559F4F0E940D126BE47EE2CE01F9
:103DEE008B559F4F0E94BF1168E470ED0E94AB117E
:103DFE000E94E003CE018B559F4F0E947F10CE0193
:103E0E0081569F4F0E947F1080910B2A90910C2A11
:103E1E000397A9F58091092A90910A2A892B09F016
:103E2E002BC160E083E00E940D0660E084E00E94FA
:103E3E000D0669E470EDCE0181569F4F0E9415125A
:103E4E00BE0161567F4FCE018B559F4F0E940D12C2
:103E5E006BE47EE2CE018B559F4F0E94BF1168E44A
:103E6E0070ED0E94AB110E94E003CE018B559F4F67
:103E7E000E947F10CE0181569F4F0E947F1080912D
:103E8E000B2A90910C2A049789F58091092A90911A
:103E9E000A2A60E0892B09F061E085E00E940D0698
:103EAE0069E470EDCE0181569F4F0E941512BE013E
:103EBE0061567F4FCE018B559F4F0E940D126BE4C2
:103ECE007EE2CE018B559F4F0E94BF1168E470EDCC
:103EDE000E94AB110E94E003CE018B559F4F0E94B2
:103EEE007F10CE0181569F4F0E947F1080910B2A2A
:103EFE0090910C2A059789F58091092A90910A2AAA
:103F0E0060E0892B09F061E086E00E940D0669E40D
:103F1E0070EDCE0181569F4F0E941512BE01615663
:103F2E007F4FCE018B559F4F0E940D126BE47EE2A8
:103F3E00CE018B559F4F0E94BF1168E470ED0E9419
:103F4E00AB110E94E003CE018B559F4F0E947F1054
:103F5E00CE0181569F4F0E947F10C1010E947F109B
:103F6E00CE0189569F4F0E947F10C090112AD0908B
:103F7E00122AF1E0CF16D10409F0D7C169E67EE22C
:103F8E00C1010E940D1242E050E0B101CE018956EE
:103F9E009F4F0E94A213C1010E947F1069E67EE22C
:103FAE00CE0181569F4F0E940D1243E050E0BE019C
:103FBE0061567F4FC1010E94A213CE0181569F4FC1
:103FCE000E947F10CE0189569F4F0E9491108B0147
:103FDE006093E1297093E229C1010E9491107B0147
:103FEE006093DF297093E0290115110509F04AC08D
:103FFE0060931328709314280430110509F0ABC098
:10400E0080910B2890910C28EF2809F05BC1019745
:10401E0009F004C160E081E00E940D0610920B28A9
:10402E0010920C288091042B9091052BA091062BB9
:10403E00B091072B805B9F4FAF4FBF4FE7C081E022
:10404E008093082A40CE61E088E00E940D0600931E
:10405E0017281093182881E08093E62972CE61E02C
:10406E0087E00E940D0681E090E08093E429909312
:10407E00E5298093E329A2CE61E083E00E940D063C
:10408E0061E0D4CE0F3F1105E1F5672B09F560E035
:10409E0086E20E940D0660E087E20E940D0660E057
:1040AE0080E00E940D0660E081E00E940D0660E057
:1040BE0082E00E940D068FE996E8A1E0B0E08093C1
:1040CE00042B9093052BA093062BB093072B94CF24
:1040DE0061E086E20E940D0661E087E20E940D0615
:1040EE0061E080E00E940D0661E081E00E940D0615
:1040FE0061E082E00E940D0687E69BE2A0E0B0E060
:10410E00DECF0130110509F05FC08091112890912A
:10411E001228E114F10409F040C00197E1F460E0C7
:10412E0086E20E940D06109211281092122880919C
:10413E00042B9091052BA091062BB091072B805844
:10414E00974CAE4FBF4F8093042B9093052BA093AB
:10415E00062BB093072B0530110509F05FC0809137
:10416E00092890910A28EF2809F0C6C0019709F096
:10417E0055C060E082E00E940D0610920928109250
:10418E000A288091042B9091052BA091062BB091BB
:10419E00072B0896A11DB11D39C0892BE1F661E0F0
:1041AE0086E20E940D06009311281093122880912A
:1041BE00042B9091052BA091062BB091072B8058C4
:1041CE009843A140B109BFCF0230110511F00C94F4
:1041DE009B3780910F2890911028EF2809F044C04A
:1041EE000197E1F460E087E20E940D0610920F281D
:1041FE00109210288091042B9091052BA091062BE4
:10420E00B091072B805C904EAF4FBF4F8093042B25
:10421E009093052BA093062BB093072BC1010E9400
:10422E007F10CE0189569F4F0E947F1069E470ED7A
:10423E0089E69EE20E94EF11CE018F549F4F0E949D
:10424E007F101092132A1092142A1092152A10928F
:10425E00162A1092172A1092182ACE0189549F4FAF
:10426E000E947F100C940F16892BC1F661E087E235
:10427E000E940D06C0920F28D09210288091042B18
:10428E009091052BA091062BB091072B80549F4146
:10429E00A109B109BBCF892B09F661E080E00E942C
:1042AE000D06C0920D28D0920E288091042B90916D
:1042BE00052BA091062BB091072B80529340A1099C
:1042CE00B109A4CF892B09F0A9CF61E081E00E944A
:1042DE000D0681E090E080930B2890930C2880913E
:1042EE00042B9091052BA091062BB091072B805596
:1042FE009109A109B1098ACF892B09F08FCF61E00D
:10430E0082E00E940D0681E090E080930928909350
:10431E000A288091042B9091052BA091062BB09129
:10432E00072B0897A109B10971CF02E0C016D1047D
:10433E0009F07CCF69E67EE2C1010E940D1242E0D7
:10434E0050E0B101CE0185559F4F0E94A213C101CD
:10435E000E947F10CE0185559F4F0E949110609351
:10436E00DD297093DE29672B11F40E947312809160
:10437E00DD299091DE29019709F08EC069E67EE273
:10438E00C1010E940D1243E050E0B101CE018956E9
:10439E009F4F0E94A213C1010E947F1069E67EE228
:1043AE00CE0181569F4F0E940D1244E050E0BE0197
:1043BE0061567F4FC1010E94A213CE0181569F4FBD
:1043CE000E947F10CE0189569F4F0E949110C62EDB
:1043DE00E62EF72EE092DB29F092DC29C1010E9435
:1043EE009110D62E062F172F0093D9291093DA2964
:1043FE008091D7299091D829E816F90609F050C373
:10440E008091D5299091D6290817190709F048C32C
:10441E00109208286C2D90E080E00E945F0C6D2DAC
:10442E0084E090E00E945F0CE092D729F092D829A8
:10443E000093D5291093D62969E470EDCE018156EB
:10444E009F4F0E941512BE0161567F4FCE018B55B4
:10445E009F4F0E940D126BE47EE2CE018B559F4F53
:10446E000E94BF1168E470ED0E94AB110E94E00340
:10447E00CE018B559F4F0E947F10CE0181569F4FCC
:10448E000E947F100E947312C1010E947F10CE0104
:10449E0089569F4F0E947F108091DD299091DE29D1
:1044AE00029709F0F3C069E67EE2C1010E940D1287
:1044BE0043E050E0B101CE0181569F4F0E94A213FE
:1044CE00C1010E947F1069E67EE2C1010E940D12B9
:1044DE0044E050E0B101CE0189569F4F0E94A213D5
:1044EE00C1010E947F1069E67EE2CE018B559F4F7F
:1044FE000E940D1245E050E0BE016B557F4FC10189
:10450E000E94A213CE018B559F4F0E947F10CE01A9
:10451E0081569F4F0E9486106B017C01CE018956F9
:10452E009F4F0E9486102B013C01C1010E948610F4
:10453E004B015C0120E030E040E251E4C701B601DE
:10454E000E94CE420E949C44D62EC72EE62EF72EF7
:10455E00862F9C2D8093D3299093D42920E030E090
:10456E0040E251E4C301B2010E94CE420E949C443B
:10457E00762E672E062F172F862F962D8093D129F4
:10458E009093D22920E030E040E251E4C501B4011D
:10459E000E94CE420E949C44B62EA72E262F372F65
:1045AE00862F9A2D8093CF299093D0298091CD2953
:1045BE009091CE29E816F90609F076C28091CB29A2
:1045CE009091CC290817190709F06EC28091C9295C
:1045DE009091CA292817390709F066C21092082847
:1045EE006D2D88E090E00E945F0C672D8CE090E0CE
:1045FE000E945F0C6B2D80E190E00E945F0C8D2D70
:10460E009C2D8093CD299093CE29872D962D809326
:10461E00CB299093CC298B2D9A2D8093C9299093D9
:10462E00CA2969E470EDCE018B559F4F0E94151279
:10463E00BE016B557F4FCE0183549F4F0E940D12CA
:10464E006BE47EE2CE0183549F4F0E94BF1168E45B
:10465E0070ED0E94AB110E94E003CE0183549F4F78
:10466E000E947F10CE018B559F4F0E947F100E949B
:10467E007312C1010E947F10CE0189569F4F0E9476
:10468E007F10CE0181569F4F0E947F108091DD29B1
:10469E009091DE29039709F080C069E67EE2C101A0
:1046AE000E940D1243E050E0B101CE0189569F4F9A
:1046BE000E94A213C1010E947F1069E67EE2CE0124
:1046CE0081569F4F0E940D1244E050E0BE0161568C
:1046DE007F4FC1010E94A213CE0181569F4F0E94AF
:1046EE007F1067E57EE2CE0189569F4F0E949C1097
:1046FE00882309F4DDC161E57EE2C1010E949C10B0
:10470E00882309F4D5C110920828BE0169567F4F3F
:10471E0084E190E00E94780CB10189E190E00E9462
:10472E00780CBE0169567F4F87E59EE20E94F81114
:10473E00B10181E59EE20E94F81169E470EDCE01AF
:10474E0081569F4F0E941512BE0161567F4FCE01BA
:10475E008B559F4F0E940D126BE47EE2CE018B555E
:10476E009F4F0E94BF1168E470ED0E94AB110E9432
:10477E00E003CE018B559F4F0E947F10CE018156D4
:10478E009F4F0E947F100E947312C1010E947F10E2
:10479E00CE0189569F4F0E947F108091DD29909106
:1047AE00DE29049709F07FC069E67EE2C1010E940E
:1047BE000D1243E050E0B101CE0189569F4F0E9489
:1047CE00A213C1010E947F1069E67EE2CE018156DE
:1047DE009F4F0E940D1244E050E0BE0161567F4F84
:1047EE00C1010E94A213CE0181569F4F0E947F10DD
:1047FE0063E67EE2CE0189569F4F0E949C1088236D
:10480E0039F06DE57EE2C1010E949C10811154C108
:10481E0081E080930828BE0169567F4F8FE190E0BA
:10482E000E94780CB10184E290E00E94780CBE01E7
:10483E0069567F4F83E69EE20E94F811B1018DE525
:10484E009EE20E94F81169E470EDCE0181569F4FF1
:10485E000E941512BE0161567F4FCE018B559F4FA0
:10486E000E940D126BE47EE2CE018B559F4F0E948B
:10487E00BF1168E470ED0E94AB110E94E003CE01FF
:10488E008B559F4F0E947F10CE0181569F4F0E94E5
:10489E007F100E947312C1010E947F10CE018956B3
:1048AE009F4F0E947F108091DD299091DE29059700
:1048BE0009F0F2C069E67EE2C1010E940D1243E0EA
:1048CE0050E0B101CE018B559F4F0E94A213C10142
:1048DE000E947F1069E67EE2C1010E940D1244E043
:1048EE0050E0B101CE0181569F4F0E94A213C1012B
:1048FE000E947F1069E67EE2C1010E940D1245E022
:10490E0050E0B101CE0189569F4F0E94A213C10102
:10491E000E947F1069E67EE2CE0183549F4F0E9473
:10492E000D1246E050E0BE0163547F4FC1010E945C
:10493E00A213CE0183549F4F0E947F10CE018B5540
:10494E009F4F0E949110662EA62EB72EA092C729B9
:10495E00B092C829CE0181569F4F0E949110762E9B
:10496E00C62ED72EC092C529D092C629CE01895601
:10497E009F4F0E949110862EE62EF72EE092C329AD
:10498E00F092C429C1010E949110962E062F172F66
:10499E000093C1291093C2298091BF299091C029FB
:1049AE00A816B90609F08BC08091BD299091BE2939
:1049BE00C816D90609F083C08091BB299091BC29F5
:1049CE00E816F90609F07BC08091B9299091BA29B1
:1049DE000817190709F073C010920828662D89E28E
:1049EE0090E00E945F0C672D8DE290E00E945F0CBC
:1049FE00682D81E390E00E945F0C692D85E390E0C5
:104A0E000E945F0CA092BF29B092C029C092BD290E
:104A1E00D092BE29E092BB29F092BC290093B9290D
:104A2E001093BA2969E470EDCE0183549F4F0E9412
:104A3E001512BE0163547F4FCE018D539F4F0E94BE
:104A4E000D126BE47EE2CE018D539F4F0E94BF117B
:104A5E0068E470ED0E94AB110E94E003CE018D530D
:104A6E009F4F0E947F10CE0183549F4F0E947F1054
:104A7E000E947312C1010E947F10CE0189569F4F72
:104A8E000E947F10CE0181569F4F0E947F10CE0153
:104A9E008B559F4F0E947F10CE0185559F4FC4CBE3
:104AAE0081E080930828B6CC81E08093082898CDC9
:104ABE0081E08093082829CE10920828ACCE81E0A0
:104ACE00809308288BCF69E470ED89E69EE20E9400
:104ADE00EF1169E470EDC1010E941512B101CE0112
:104AEE0089569F4F0E940D1265E47EE2CE018956D3
:104AFE009F4F0E94BF1168E470ED0E94AB110E949F
:104B0E00E003CE0189569F4F0E947F10C10197CBC3
:104B1E00E091952EF091962E1386158614861286A8
:104B2E0011861086178216821582148213821092B5
:104B3E00932E1092942E4E0117E9810E911C11E0C6
:104B4E00B4018091952E9091962E0E94170F882376
:104B5E0009F475C067E0C4010E94080AD4011796D3
:104B6E009C9117978913ECCF8091932E8F5F809332
:104B7E00932E8C91883231F008F047C0803111F0BD
:104B8E008232F1F68091942E8F5F8093942E8091D5
:104B9E008C2E811126C08091952E9091962E0E947A
:104BAE00710EB4018091952E9091962E0E94B00AAE
:104BBE0040E064EB8091952E9091962E0E947B0A98
:104BCE008091952E9091962E0E941F0A082F80910B
:104BDE00952E9091962E0E94710E011102C0109387
:104BEE008C2EF40180818031D9F0BE016F5F7F4F32
:104BFE00C4010E94AB0E882331F08D818F3391F06A
:104C0E0058F48F31C1F080E00EC08B3309F4BACF67
:104C1E00823409F095CFB6CF8F3579F08F3799F76B
:104C2E008CE001C08AE090918F2E981708F088CF03
:104C3E0080938F2E85CF89E0F6CF8BE0F4CF8091D5
:104C4E00952E9091962E0E94710E40E06CEC809104
:104C5E00952E9091962E0E947B0A40918C2E64E4A4
:104C6E008091952E9091962E0E947B0A8091902E87
:104C7E00882321F1E0918F2E8091912E882311F4BB
:104C8E000C94733280918C2E81110C9473320E948D
:104C9E00CB096B017C018091952E9091962E0E94EE
:104CAE001F0A813059F00E94CB096C197D098E09BB
:104CBE009F096E3E72408105910568F3E091952E35
:104CCE00F091962E138615861486128611861086FE
:104CDE0017821682158214821382B4018091952E4A
:104CEE009091962E0E94170F81110C949D3260E0C8
:104CFE0070E08EEF92EC6093B5297093B629809395
:104D0E00B7299093B8298EE10E94DF06182F81E013
:104D1E0090E0112311F090E080E08093082B9093A7
:104D2E00092B86E10E94DF0690E011110C94F332FC
:104D3E00892B11F40C94F53282E090E08093472A8F
:104D4E009093482A0E94CB095B016C01E12CF12C57
:104D5E008701C753DF4F6883C95CD040C653DF4F0E
:104D6E00B882CA5CD040C553DF4F8883CB5CD0403D
:104D7E00C453DF4FD882CC5CD040C353DF4FE882A0
:104D8E00CD5CD040C253DF4FF882CE5CD040C153D1
:104D9E00DF4F0883CF5CD040C053DF4F1883C05D18
:104DAE00D04020910B2B30910C2B40910D2B50911C
:104DBE000E2B60910F2B7091102B8091112B9091D7
:104DCE00122B28573C4E4F4F5F4F6F4F7F4F8F4FD9
:104DDE009F4F59016A017B018C01C753DF4F288118
:104DEE00C95CD040C653DF4F3881CA5CD040C55332
:104DFE00DF4F4881CB5CD040C453DF4F5881CC5C31
:104E0E00D04060E070E080E090E00E945A4550F1A2
:104E1E0020930B2B30930C2B40930D2B50930E2B7A
:104E2E0010920F2B1092102B1092112B1092122BFE
:104E3E0080913A2890913B2869E470E00E94D14419
:104E4E00072E000C880B990B0E946F426093362838
:104E5E0070933728809338289093392810923A28E7
:104E6E0010923B2820E030E040E451E46091362877
:104E7E007091372880913828909139280E94CE421F
:104E8E0020E030E040EF51E40E9434446093B129B9
:104E9E007093B2298093B3299093B42980910A2BF1
:104EAE00882311F40C94FF324CE358E269E879E25E
:104EBE008AE79EE20E94C114809150289091512859
:104ECE00A0915228B09153288093AD299093AE298A
:104EDE00A093AF29B093B02980919D2990919E29DE
:104EEE00A0919F29B091A02980938529909386291E
:104EFE00A0938729B093882981E20E94DF0621E0E2
:104F0E0030E0882311F030E020E0209383293093A5
:104F1E0084298DE10E94DF0621E030E0882311F024
:104F2E0030E020E020938129309382298FE10E9486
:104F3E00DF0621E030E0882311F030E020E02093FE
:104F4E007F293093802980E20E94DF0621E030E045
:104F5E00882311F030E020E020937D2930937E29C4
:104F6E008091072A882309F472C260E08CE00E94C7
:104F7E000D060E94CB095B016C012091FF29309137
:104F8E00002A4091012A5091022A6091032A7091C1
:104F9E00042A8091052A9091062A28573C4E4F4F9D
:104FAE005F4F6F4F7F4F8F4F9F4F29013A01B62FA3
:104FBE00A72FF82FE92F9501A60160E070E080E0A1
:104FCE0090E052016301EB2EFA2E0F2F1E2F0E943E
:104FDE005A4529F020F061E08BE00E940D060E94F8
:104FEE00CB095B016C012091F7293091F829409192
:104FFE00F9295091FA296091FB297091FC29809131
:10500E00FD299091FE292856354C4F4F5F4F6F4F1B
:10501E007F4F8F4F9F4F29013A01B62FA72FF82FA1
:10502E00E92F9501A60160E070E080E090E052016A
:10503E006301EB2EFA2E0F2F1E2F0E945A4509F0F8
:10504E0008F405C2C090B428D090B52840906028CE
:10505E0050906128609062287090632859E2A52EC6
:10506E00B12C63E0362E2224239430920606209231
:10507E00080680910B0680FFFCCF20911006309120
:10508E001106C6010196F601EE0FFF1FEC59F74D02
:10509E0020833183D12CC12C8832910509F06C010B
:1050AE008091642890916528209166283091672818
:1050BE00821793072CF4522F432F9C01852F942F88
:1050CE00E8E6F8E2E12CF12C870141915191CF52A3
:1050DE00DF4F48835983C15DD0404217530714F008
:1050EE000C940533A901330F660B770BE40EF51EF6
:1050FE00061F171FCF52DF4F28813981C15DD04067
:10510E00B8E2E43BFB0709F7C801B7010E946F4202
:10511E0020E030E048E152E40E94344420E030E0E8
:10512E0040EA50E40E94CE4220E030EC4FE754E4D7
:10513E000E94344420E030E040E650E40E94CE422B
:10514E002DEC3CEC4CE45EE30E94D0437B018C01E1
:10515E0020E030E0A9010E94CD441816A4F420E00E
:10516E0030E040E85FE3B701C8010E94694287FF63
:10517E000AC020E030E040E250E4B701C8010E94CE
:10518E00D0432B013C0120E030E040E85FE3B70163
:10519E00C8010E94CD441816A4F420E030E040E08F
:1051AE0050E4B701C8010E94694287FF0AC020E09F
:1051BE0030E040E250E4B701C8010E94D0432B0119
:1051CE003C0120E030E040E050E4B701C8010E940D
:1051DE00CD441816A4F420E030E040E450E4B701CA
:1051EE00C8010E94694287FF0AC020E030E040E01B
:1051FE0050E4B701C8010E94D0432B013C0120E0CE
:10520E0030E040E450E4B701C8010E94CD441816C6
:10521E00A4F420E030E040E850E4B701C8010E9459
:10522E00694287FF0AC020E030E040EC5FE3B7013F
:10523E00C8010E94D0432B013C0120E030E040E841
:10524E0050E4B701C8010E94CD441816A4F420E022
:10525E0030E040EA50E4B701C8010E94694287FF7E
:10526E000AC020E030E040E85FE3B701C8010E94C9
:10527E00D0432B013C0120E030E040EA50E4B7017E
:10528E00C8010E94CD441816A4F420E030E040EC92
:10529E0050E4B701C8010E94694287FF0AC020E0AE
:1052AE0030E040E05FE3B701C8010E94D0432B011C
:1052BE003C0120E030E040EC50E4B701C8010E9410
:1052CE00CD441816A4F420E030E040EE50E4B701CF
:1052DE00C8010E94694287FF0AC02DEC3CEC4CECE1
:1052EE005DE3B701C8010E94D0432B013C0120E0D1
:1052FE0030E040EE50E4B701C8010E94CD441816CC
:10530E0064F420E030E040E051E4B701C8010E94AF
:10531E00694287FF02C02701380120E030E040E0FB
:10532E0051E4B701C8010E94CD441816A4F420E040
:10533E0030E040E151E4B701C8010E94694287FFA5
:10534E000AC020E030E040E05FE3B701C8010E94F0
:10535E00CF432B013C0120E030E040E151E4B701A6
:10536E00C8010E94CD44181654F420E030E040E805
:10537E005FE3B701C8010E94CF432B013C01E1E07E
:10538E00AE1AB10809F071CEC092B428D092B528E9
:10539E00C201D3018093602890936128A093622864
:1053AE00B09363288093792990937A29A0937B29CF
:1053BE00B0937C2901E010E020E030E040E05FE3B4
:1053CE00B201C3010E94694287FD02C010E000E0F5
:1053DE000093232A1093242A80917829882371F030
:1053EE00C201D3018093742990937529A0937629D5
:1053FE00B093772910920728109278291092072AD5
:10540E0081E0809315280E94CB098B019C0160934B
:10541E00EF291093F0298093F1293093F2291092FD
:10542E00F3291092F4291092F5291092F62960931F
:10543E00E7291093E8298093E9293093EA291092FD
:10544E00EB291092EC291092ED291092EE29809101
:10545E001528882309F413C160E08BE00E940D0625
:10546E000E94CB095B016C012091EF293091F0294C
:10547E004091F1295091F2296091F3297091F4290C
:10548E008091F5299091F62928573C4E4F4F5F4F4A
:10549E006F4F7F4F8F4F9F4F29013A01B62FA72F86
:1054AE00F82FE92F9501A60160E070E080E090E012
:1054BE0052016301EB2EFA2E0F2F1E2F0E945A451A
:1054CE0029F020F061E08CE00E940D060E94CB09CD
:1054DE005B016C012091E7293091E8294091E9297F
:1054EE005091EA296091EB297091EC298091ED2978
:1054FE009091EE292856354C4F4F5F4F6F4F7F4F8F
:10550E008F4F9F4F29013A01B62FA72FF82FE92F62
:10551E009501A60160E070E080E090E05201630129
:10552E00EB2EFA2E0F2F1E2F0E945A4509F008F46B
:10553E00A6C0FE013196CF0144E051E0409306062D
:10554E005093080620910B0620FFFCCF20911006E9
:10555E0030911106219331938E169F0679F7209183
:10556E00252A3091262A40E050E068EC71E4232B86
:10557E0041F44091B5295091B6296091B7297091A7
:10558E00B8290E942602BC01990F880B990B0E9424
:10559E006F42609370297093712980937229909352
:1055AE0073290091472A1091482AC0907029D090F3
:1055BE007129E0907229F0907329C701B6010E94FB
:1055CE009C4490E080E0643671052CF491E080E01C
:1055DE00012B09F490E09093212A8093222A809146
:1055EE006F29882361F0C0926B29D0926C29E092CA
:1055FE006D29F0926E291092062810926F29209133
:10560E006729309168294091692950916A29C7010B
:10561E00B6010E94694287FF09C080916529909169
:10562E0066290196809365299093662981E080937F
:10563E00072A109215280E94CB098B019C016093BA
:10564E00FF291093002A8093012A3093022A109288
:10565E00032A1092042A1092052A1092062A6093A9
:10566E00F7291093F8298093F9293093FA2910928B
:10567E00FB291092FC291092FD291092FE2980918F
:10568E00082A81110C94E3330E94CB09613C744DBE
:10569E008140910508F4E9C6A0906729B090682969
:1056AE00C0906929D0906A29CF52DF4FA882B98263
:1056BE00CA82DB82C15DD040C0907029D090712922
:1056CE00E0907229F0907329C352DF4FC882D982BD
:1056DE00EA82FB82CD5DD040A7019601CF52DF4F0B
:1056EE00688179818A819B81C15DD0400E94694227
:1056FE0087FD07C080911B2A90911C2A892B09F4E3
:10570E00A1C71092652910926629109264294090C3
:10571E00792950907A2960907B2970907C2930905D
:10572E00642920916029309161294091622950911C
:10573E006329C301B2010E94CD4418160CF064C057
:10574E00311062C080910528882309F45DC08091D4
:10575E00472A9091482A892B09F456C08091232A12
:10576E009091242A892B09F04FC080911D2A909187
:10577E001E2A892B09F048C0809183299091842993
:10578E00892B09F441C0109216281092302A60E03D
:10579E0088E00E940D06109217281092182861E0DA
:1057AE0086E00E940D061092052881E08093502914
:1057BE00E091492A70914A2A60914B2A50914C2AC5
:1057CE0040914D2A30914E2A20914F2A9091502A85
:1057DE00E093512970935229609353295093542981
:1057EE004093552930935629209357299093582941
:1057FE0080935F2981E090E080935D2990935E29EC
:10580E0061E08CE10E940D06A0905129B0905229C2
:10581E00C0905329D0905429E0905529F0905629E4
:10582E0000915729109158299090492AB0914A2AEF
:10583E00A0914B2AF0914C2AE0914D2A80904E2A4D
:10584E0020914F2AC752DF4F2883C95DD040209048
:10585E00502A4091592950915A2960915B29709193
:10586E005C299A01AB0160E070E0CB01C753DF4FBA
:10587E002883C95CD040C653DF4F3883CA5CD04002
:10588E00C553DF4F4883CB5CD040C453DF4F5883A2
:10589E00CC5CD040C353DF4F6883CD5CD040C25345
:1058AE00DF4F7883CE5CD040C153DF4F8883CF5C0F
:1058BE00D040C053DF4F9883C05DD04060E070E0B1
:1058CE0080E090E00E944545A92CBB2ECA2EDF2E0B
:1058DE00EE2EF82CC752DF4F0881C95DD040122D35
:1058EE000E945A4509F020F480915029811103C07D
:1058FE00332009F47DC060E086E00E940D06109210
:10590E005D2910925E291092502911E010934F29B3
:10591E0031104EC061E088E00E940D0681E090E0FB
:10592E0080931728909318287091492A60914A2ADB
:10593E0050914B2A40914C2A30914D2A20914E2A5B
:10594E0090914F2A8091502A7093392A60933A2A67
:10595E0050933B2A40933C2A30933D2A20933E2A73
:10596E0090933F2A8093402A7091492A60914A2A47
:10597E0050914B2A40914C2A30914D2A20914E2A1B
:10598E0090914F2A8091502A7093312A6093322A37
:10599E005093332A4093342A3093352A2093362A53
:1059AE009093372A8093382A1092302A1093162813
:1059BE007091492A60914A2A50914B2A40914C2A63
:1059CE0030914D2A20914E2A90914F2A8091502A43
:1059DE0070934729609348295093492940934A2947
:1059EE0030934B2920934C2990934D2980934E2927
:1059FE002090462920914529C752DF4F2883C95D43
:105A0E00D040922C990C9908A0904729B090482923
:105A1E00C0904929D0904A29E0904B29F0904C290A
:105A2E0000914D2910914E29A091492AC753DF4F5D
:105A3E00A883C95CD040B0914A2ACF51DF4FB883BA
:105A4E00C15ED04080904B2AB0914C2AA0914D2A35
:105A5E00F0914E2AE0914F2A3091502ACB51DF4FD0
:105A6E003883C55ED040322D492D592D692D792DA3
:105A7E00892D992D0E944545C753DF4FA880C95CDB
:105A8E00D040CF51DF4FB880C15ED040C82CDB2E46
:105A9E00EA2EFF2E0E2FCB51DF4F1881C55ED04060
:105AAE000E945A4509F020F480914F29811102C0BD
:105ABE00332049F081E08093442910924F2960E011
:105ACE008CE10E940D062091402930914129409190
:105ADE00422950914329C301B2010E94694287FFB6
:105AEE0064C0311062C080910528882309F45DC01E
:105AFE008091472A9091482A892B09F456C08091AB
:105B0E00232A9091242A892B09F04FC080911F2AB5
:105B1E009091202A892B09F048C08091812990917B
:105B2E008229892B09F441C0109216281092302A2E
:105B3E0060E088E00E940D0601E010E00093172857
:105B4E001093182861E085E00E940D06109205283A
:105B5E0081E080933029E091492A70914A2A609120
:105B6E004B2A50914C2A40914D2A30914E2A209129
:105B7E004F2A9091502AE0933129709332296093E5
:105B8E003329509334294093352930933629209365
:105B9E0037299093382980933F2900933D291093FC
:105BAE003E2961E08CE10E940D06A0903129B09053
:105BBE003229C0903329D0903429E0903529F090C5
:105BCE00362900913729109138295090492A609032
:105BDE004A2A70904B2A80904C2AB0914D2AA0915F
:105BEE004E2AF0914F2AE091502A40913929509136
:105BFE003A2960913B2970913C299A01AB0160E0F2
:105C0E0070E0CB01C753DF4F2883C95CD040C65329
:105C1E00DF4F3883CA5CD040C553DF4F4883CB5C1F
:105C2E00D040C453DF4F5883CC5CD040C353DF4FBA
:105C3E006883CD5CD040C253DF4F7883CE5CD040BA
:105C4E00C153DF4F8883CF5CD040C053DF4F988362
:105C5E00C05DD04060E070E080E090E00E9445457D
:105C6E00A52CB62CC72CD82CEB2EFA2E0F2F1E2FB0
:105C7E000E945A4509F020F480913029811103C009
:105C8E00332009F47DC060E085E00E940D0610927D
:105C9E003D2910923E291092302911E010932F29A0
:105CAE0031104EC061E088E00E940D0681E090E068
:105CBE0080931728909318287091492A60914A2A48
:105CCE0050914B2A40914C2A30914D2A20914E2AC8
:105CDE0090914F2A8091502A7093392A60933A2AD4
:105CEE0050933B2A40933C2A30933D2A20933E2AE0
:105CFE0090933F2A8093402A7091492A60914A2AB4
:105D0E0050914B2A40914C2A30914D2A20914E2A87
:105D1E0090914F2A8091502A7093312A6093322AA3
:105D2E005093332A4093342A3093352A2093362ABF
:105D3E009093372A8093382A1092302A109316287F
:105D4E007091492A60914A2A50914B2A40914C2ACF
:105D5E0030914D2A20914E2A90914F2A8091502AAF
:105D6E0070932729609328295093292940932A2933
:105D7E0030932B2920932C2990932D2980932E2913
:105D8E00A0902729B0902829C0902929D0902A299F
:105D9E00E0902B29F0902C2900912D2910912E297D
:105DAE005090492A60904A2A70904B2A80904C2A33
:105DBE00B0914D2AA0914E2AF0914F2AE091502A8F
:105DCE00C752DF4F2881C95DD040322D492D592D44
:105DDE00692D792D892D992D0E944545A52CB62C1E
:105DEE00C72CD82CEB2EFA2E0F2F1E2F0E945A45A1
:105DFE0009F020F480912F29811102C0332049F03F
:105E0E0010922F2981E08093442960E08CE10E945A
:105E1E000D06C352DF4F288139814A815B81CD5DEA
:105E2E00D040CF52DF4F688179818A819B81C15DDD
:105E3E00D0400E94CD4418160CF074C08091652994
:105E4E009091662903970CF46DC0109265291092FB
:105E5E00662980910428882309F464C08091472A1A
:105E6E009091482A892B09F45DC08091212A909146
:105E7E00222A892B09F056C080911B2A90911C2A48
:105E8E00892B09F04FC080917F2990918029892B11
:105E9E0009F448C080917D2990917E29892B09F4BF
:105EAE0041C0109216281092302A60E088E00E94BD
:105EBE000D06109217281092182861E083E00E94B8
:105ECE000D061092042881E080931729E091492A4B
:105EDE0070914A2A60914B2A50914C2A40914D2A3A
:105EEE0030914E2A20914F2A9091502AE0931829F2
:105EFE007093192960931A2950931B2940931C29DA
:105F0E0030931D2920931E2990931F2980932629B3
:105F1E0081E090E0809324299093252961E08BE124
:105F2E000E940D068091202990912129A09122296D
:105F3E00B09123295C016D01E12CF12C8701C7532F
:105F4E00DF4F8883C95CD040C653DF4FB882CA5C2E
:105F5E00D040C553DF4FA883CB5CD040C453DF4F36
:105F6E00D882CC5CD040C353DF4FE882CD5CD040AA
:105F7E00C253DF4FF882CE5CD040C153DF4F08834F
:105F8E00CF5CD040C053DF4F1883C05DD040A0908F
:105F9E001829B0901929C0901A29D0901B29E09089
:105FAE001C29F0901D2900911E2910911F29609027
:105FBE00492A70904A2A80904B2A90904C2AB09190
:105FCE004D2AA0914E2AF0914F2AE091502AC753A4
:105FDE00DF4F2881C95CD040C653DF4F3881CA5C81
:105FEE00D040C553DF4F4881CB5CD040C453DF4F08
:105FFE005881CC5CD04060E070E080E090E00E9480
:10600E00454553016401EB2EFA2E0F2F1E2F0E94D1
:10601E005A4511F008F044C080911729882309F4DD
:10602E003FC01092032860E083E00E940D0610929C
:10603E002429109225298091E4299091E529892B14
:10604E0051F461E087E00E940D0681E090E08093BC
:10605E00E4299093E5297091492A60914A2A50913A
:10606E004B2A40914C2A30914D2A20914E2A9091E4
:10607E004F2A8091502A70930F29609310295093C4
:10608E0011294093122930931329209314299093A8
:10609E0015298093162981E080930E2910921729D5
:1060AE00A090492AB0904A2AC0904B2AD0904C2AF0
:1060BE00E0904D2AF0904E2A00914F2A1091502ACE
:1060CE0020910F29309110294091112950911229B8
:1060DE006091132970911429809115299091162998
:1060EE00245D3E4F4F4F5F4F6F4F7F4F8F4F9F4FF0
:1060FE000E945A4509F0D8F580910E298823B9F1EE
:10610E0060E087E00E940D061092E4291092E529C6
:10611E0061E084E00E940D0681E090E080930C29FE
:10612E0090930D297091492A60914A2A50914B2AD9
:10613E0040914C2A30914D2A20914E2A90914F2A0F
:10614E008091502A70930429609305295093062953
:10615E0040930729309308292093092990930A29FF
:10616E0080930B2981E08093032910920E29809150
:10617E000329882309F481C06090492A70904A2A25
:10618E0080904B2A90904C2AB0914D2AA0914E2A85
:10619E00F0914F2AE091502AC753DF4F2881C95CF6
:1061AE00D040C653DF4F3881CA5CD040C553DF4F55
:1061BE004881CB5CD040C453DF4F5881CC5CD0407B
:1061CE0060E070E080E090E0A0900429B090052996
:1061DE00C0900629D0900729E0900829F09009294F
:1061EE0000910A2910910B290E9445455301640123
:1061FE00EB2EFA2E0F2F1E2F0E945A4509F0E8F5AE
:10620E0060E084E00E940D0610920C2910920D2978
:10621E008091E4299091E529892B51F461E087E082
:10622E000E940D0681E090E08093E4299093E52989
:10623E007091492A60914A2A50914B2A40914C2ADA
:10624E0030914D2A20914E2A90914F2A8091502ABA
:10625E007093FB286093FC285093FD284093FE28F2
:10626E003093FF28209300299093012980930229CF
:10627E0081E08093FA28109203298091FA288823CE
:10628E0009F4AAC0A090492AB0904A2AC0904B2A7D
:10629E00D0904C2AE0904D2AF0904E2A00914F2A31
:1062AE001091502A2091FB283091FC284091FD2816
:1062BE005091FE286091FF2870910029809101294C
:1062CE0090910229245D3E4F4F4F5F4F6F4F7F4F8E
:1062DE008F4F9F4F0E945A4511F008F07DC060E02D
:1062EE0087E00E940D061092E4291092E529109283
:1062FE00FA2881E0809303288093F928E091492AB7
:10630E0070914A2A60914B2A50914C2A40914D2A05
:10631E0030914E2A20914F2A9091502AE093392A9B
:10632E0070933A2A60933B2A50933C2A40933D2A1D
:10633E0030933E2A20933F2A9093402AE091492A97
:10634E0070914A2A60914B2A50914C2A40914D2AC5
:10635E0030914E2A20914F2A9091502AE093312A63
:10636E007093322A6093332A5093342A4093352AFD
:10637E003093362A2093372A9093382A1092302A57
:10638E008093162861E088E00E940D0681E090E07F
:10639E0080931728909318287091492A60914A2A61
:1063AE0050914B2A40914C2A30914D2A20914E2AE1
:1063BE0090914F2A8091502A7093F1286093F22881
:1063CE005093F3284093F4283093F5282093F62821
:1063DE009093F7288093F828A090F128B090F22897
:1063EE00C090F328D090F428E090F528F090F6288D
:1063FE000091F7281091F8286090492A70904A2A47
:10640E0080904B2A90904C2AB0914D2AA0914E2A02
:10641E00F0914F2AE091502A3091F0282091EF28E8
:10642E00932F990F990B492F592F692F792F892F58
:10643E000E94454553016401EB2EFA2E0F2F1E2F9D
:10644E000E945A4509F088F48091F928882369F052
:10645E0081E08093EE28809304281092F928109200
:10646E00262960E08BE10E940D068091712E882313
:10647E0009F406C10E94CB096B017C018091762E36
:10648E009091772EA091782EB091792E0097A1053C
:10649E00B105A1F04091722E5091732E6091742E21
:1064AE007091752E97018601081B190B2A0B3B0B59
:1064BE00041715072607370708F4CFC0E0916F2E93
:1064CE00F091702E0995C092762ED092772EE09292
:1064DE00782EF092792ED4C0E9508EEE92E0E33011
:1064EE0038F4F0E0EE0FFF1FE05DF0438081918104
:1064FE006C01990FEE08FF0880918D2E882329F0EC
:10650E0060E080918E2E0E945006C701B6010E9457
:10651E009E0980918D2E882311F40C94652661E0DE
:10652E0080918E2E0E9450060C94652667E0C40161
:10653E000E94080AD40117969C9189130C947E260A
:10654E00BE016F5F7F4FC4010E94AB0E882311F412
:10655E000C947E266A8170E0762F6627770F770F70
:10656E00770F2981B8E02B9F90011124262B372B12
:10657E00F40180818031E1F468856623C9F070E012
:10658E008F815B01A81AB108C5019695982F8827AF
:10659E00979587950E94D144CB018097B901F3E07E
:1065AE00660F771FFA95E1F760789C01260F371F6B
:1065BE00213804EE300714F40C947E26B901330F03
:1065CE00880B990B0E946F4220E030E040E05CE3C4
:1065DE000E94CE420C948226892B21F081E090E01D
:1065EE000C94A5261092472A1092482A0C94A9269C
:1065FE0080E090E0A0E8BFE30C946B27CF52DF4F12
:10660E0068817981C15DD040861797075CF4092EA9
:10661E00000CAA0BBB0BE80EF91E0A1F1B1FCB01A9
:10662E000C948728CF52DF4FA881B981C15DD0402D
:10663E00AD01BB0F660B770BE40EF51E061F171F81
:10664E000C948728809165299091662903970CF404
:10665E005EC881E0809364295AC8C816D906EA0636
:10666E00FB0670F480959095A095B0958C199D09B8
:10667E00AE09BF0984179507A607B70708F01ECF06
:10668E006091132870911428072E000C880B990B1B
:10669E000E946F422AE037ED43E250E40E94CE4260
:1066AE000E949C44F62E062F172F61E083E10E9474
:1066BE00790560E0101611062CF40F3F11050CF44D
:1066CE00A7C061E083E10E940D06C090EA28D09039
:1066DE00EB28E090EC28F090ED28C092E628D092BE
:1066EE00E728E092E828F092E9288090B52990906A
:1066FE00B629A090B729B090B829A5019401C70179
:10670E00B6010E94694287FF25C08091252A90918B
:10671E00262A892BF9F48091272A9091282A892BF1
:10672E00C9F48091472A9091482A892B99F080913B
:10673E00172890911828892B69F48091E42890915C
:10674E00E52801968B3091050CF06DC08093E428FE
:10675E009093E52880910328882371F12DEC3CEC71
:10676E004CE45EE3C701B6010E94CF439B01AC012E
:10677E00C501B4010E94694287FD12C08091272A8B
:10678E009091282A892B61F48091472A9091482A6A
:10679E00892B31F08091172890911828892B61F060
:1067AE001092E4281092E5281092E4291092E5291F
:1067BE0060E087E00E940D0680912B2A882309F461
:1067CE0034C28091472A9091482A892BD9F510928C
:1067DE00292A10922A2A4090B5295090B629609005
:1067EE00B7297090B8298091E4299091E529892BD9
:1067FE0009F0C7C081E080930128C090D028D090C6
:10680E00D128C950DF4FC882D982C75FD040FEC0A1
:10681E008FB7F894F0922D0A8FBF8091010A806491
:10682E008093010A52CF1092E4281092E52881E05D
:10683E0090E08093E4299093E52961E087E00E943F
:10684E000D0688CF3090E62920901628211002C020
:10685E00332031F180910028882311F10E94CB0959
:10686E008B019C016093B8281093B9288093BA28A5
:10687E003093BB281092BC281092BD281092BE28CF
:10688E001092BF28109200288091B6289091B728B8
:10689E008093292A90932A2A892B09F066C09BCFD0
:1068AE004090B1295090B2296090B3297090B429CC
:1068BE000E94CB094B015C012091B8283091B92878
:1068CE004091BA285091BB286091BC287091BD2888
:1068DE008091BE289091BF282856354C4F4F5F4F60
:1068EE006F4F7F4F8F4F9F4FC753DF4F2883C95C2A
:1068FE00D040CF52DF4F3883C15DD040B42FA52F8B
:10690E00F62FE72F8C019401A50160E070E080E086
:10691E0090E0C753DF4FA880C95CD040CF52DF4F05
:10692E00B880C15DD040CB2EDA2EEF2EFE2E0E9407
:10693E005A4509F008F4A8CF809100288111A4CF00
:10694E0081E080930028211003C0332009F49CCFEE
:10695E00C301B2010E949C44161617066CF081E02A
:10696E0090E08093B6289093B72881E090E08093D2
:10697E00292A90932A2A2FCF1092B6281092B72840
:10698E0026CFE090AD29F090AE290091AF2910915D
:10699E00B029CF52DF4FE882F9820A831B83C15D93
:1069AE00D04080910128882309F456C14092CC280A
:1069BE005092CD286092CE287092CF28E092C828AF
:1069CE00F092C9280093CA281093CB281092012860
:1069DE000E94CB098B019C016093C0281093C128A3
:1069EE008093C2283093C3281092C4281092C528D1
:1069FE001092C6281092C7280091D0281091D12845
:106A0E00C950DF4F08831983C75FD040C950DF4F8D
:106A1E0008811981C75FD0400093272A1093282A36
:106A2E0080910228882309F4DEC14092DC2850921E
:106A3E00DD286092DE287092DF28109202282091C5
:106A4E00DA283091DB28CB52DF4F28833983C55D9E
:106A5E00D040CB52DF4F88819981C55DD040809365
:106A6E00252A9093262A80913F29811104C0809176
:106A7E005F29882339F080910728882319F081E057
:106A8E008093782980914429882391F08091E2287F
:106A9E009091E32801968093E2289093E32881E079
:106AAE00809305281092442910923F2910925F2955
:106ABE008091E2289091E32802970CF44EC0109238
:106ACE00E2281092E3282091742930917529409183
:106ADE007629509177296091792970917A29809140
:106AEE007B2990917C290E94CF430E949C449B015C
:106AFE0077FF04C022273327261B370BB901330F2C
:106B0E00880B990B0E946F4220E030E040E85EE374
:106B1E000E94694287FF1EC080913F29882359F049
:106B2E008091232A9091242A892B09F4E8C110928E
:106B3E001F2A1092202A80915F29882359F0809174
:106B4E00232A9091242A892B09F4E0C110921D2A40
:106B5E0010921E2A81E0809307288091262988238F
:106B6E0039F080910628882319F081E080936F29EF
:106B7E008091EE28882359F08091E0289091E128A9
:106B8E0001968093E0289093E1281092EE28809150
:106B9E00E0289091E12802970CF447C01092E0286B
:106BAE001092E12820916B2930916C2940916D292A
:106BBE0050916E296091702970917129809172297E
:106BCE00909173290E94CF430E949C449B0177FFB2
:106BDE0004C022273327261B370BB901330F880B2E
:106BEE00990B0E946F4220E030E048EC51E40E9485
:106BFE00694287FF17C080917F2990918029892B48
:106C0E0089F080917D2990917E29892B59F0809170
:106C1E00212A9091222A892B09F47FC110921B2AD6
:106C2E0010921C2A81E080930628CA5FDE4FCDBFEA
:106C3E00DEBFDF91CF911F910F91FF90EF90DF900C
:106C4E00CF90BF90AF909F908F907F906F905F90FE
:106C5E004F903F902F9008950E94CB0920912C2A9F
:106C6E0030912D2A40912E2A50912F2A5B016C01D2
:106C7E00E12CF12C8701C753DF4F6883C95CD040EC
:106C8E00C653DF4FB882CA5CD040C553DF4F8883EE
:106C9E00CB5CD040C453DF4FD882CC5CD040C353C2
:106CAE00DF4FE882CD5CD040C253DF4FF882CE5C1E
:106CBE00D040C153DF4F0883CF5CD040C053DF4F6D
:106CCE001883C05DD040A8EEB3E00E9485439B01BF
:106CDE00AC0160E070E080E090E0A090C028B09041
:106CEE00C128C090C228D090C328E090C428F0904C
:106CFE00C5280091C6281091C7280E944545590104
:106D0E006A017B018C01C753DF4F2881C95CD040DB
:106D1E00C653DF4F3881CA5CD040C553DF4F488120
:106D2E00CB5CD040C453DF4F5881CC5CD04060E088
:106D3E0070E080E090E00E945A4509F008F45DCDC5
:106D4E0081E0809301282091CC283091CD2840916C
:106D5E00CE285091CF28C301B2010E94CF436B01C0
:106D6E007C0120E030E040E05FE30E9469421816AB
:106D7E0054F420E030E040E05FEBC701B6010E9422
:106D8E00CD4487FD43CE2091C8283091C92840912B
:106D9E00CA285091CB28CF52DF4F688179818A81E2
:106DAE009B81C15DD0400E94CF4320E030E040E89F
:106DBE005FE30E94CD4418167CF41092D0281092F6
:106DCE00D128E090D028F090D128C950DF4FE8822A
:106DDE00F982C75FD0401ACE81E090E08093D02830
:106DEE009093D128EECF20E030E0A901C301B2018B
:106DFE000E946942181654F420E030E048EC52E448
:106E0E00C301B2010E94CD4487FD12C081E0809380
:106E1E00022881E090E08093DA289093DB2841E00D
:106E2E0050E0CB52DF4F48835983C55DD04011CE21
:106E3E000E94CB094B015C012091D2283091D328BE
:106E4E004091D4285091D5286091D6287091D7289A
:106E5E008091D8289091D928205C3848444E5F4FB5
:106E6E006F4F7F4F8F4F9F4F1901B42FA52FF62FC6
:106E7E00E72F8C019401A50160E070E080E090E0C6
:106E8E005101CB2EDA2EEF2EFE2E0E945A4591F195
:106E9E0088F10E94CB098B019C016093D22810933C
:106EAE00D3288093D4283093D5281092D6281092C8
:106EBE00D7281092D8281092D9282091DC2830910A
:106ECE00DD284091DE285091DF28C301B2010E94D7
:106EDE0069428111BECD81E090E08093DA289093D3
:106EEE00DB2861E070E0CB52DF4F68837983C55DAC
:106EFE00D040AFCD1092DA281092DB28AACD81E0D7
:106F0E0090E080931F2A9093202A15CE81E090E086
:106F1E0080931D2A90931E2A1DCE81E090E08093CF
:106F2E001B2A90931C2A7ECE0330110511F00C946F
:106F3E00032080910D2890910E28EF2811F00C94CB
:106F4E005221019711F00C94152160E080E00E940F
:106F5E000D0610920D2810920E288091042B909100
:106F6E00052BA091062BB091072B805E9C4FAF4F47
:106F7E00BF4F0C940D211F920F920FB60F9211243A
:106F8E002F933F934F935F936F937F938F939F9323
:106F9E00AF93BF93EF93FF938FEF9CE20E94970402
:106FAE00FF91EF91BF91AF919F918F917F916F91D3
:106FBE005F914F913F912F910F900FBE0F901F90A9
:106FCE0018951F920F920FB60F9211242F933F9385
:106FDE004F935F936F937F938F939F93AF93BF93D3
:106FEE00EF93FF938FEF9CE20E94E803FF91EF91E6
:106FFE00BF91AF919F918F917F916F915F914F91C3
:10700E003F912F910F900FBE0F901F9018951F92CA
:10701E000F920FB60F9211242F933F934F935F93BE
:10702E006F937F938F939F93AF93BF93EF93FF9342
:10703E008CE99DE20E949704FF91EF91BF91AF9171
:10704E009F918F917F916F915F914F913F912F9172
:10705E000F900FBE0F901F9018951F920F920FB6A4
:10706E000F9211242F933F934F935F936F937F93C0
:10707E008F939F93AF93BF93EF93FF938CE99DE212
:10708E000E94E803FF91EF91BF91AF919F918F9175
:10709E007F916F915F914F913F912F910F900FBE06
:1070AE000F901F9018951F920F920FB60F921124EA
:1070BE008F939F93AF93BF938091A02A9091A12A13
:1070CE00A091A22AB091A32A0196A11DB11D809371
:1070DE00A02A9093A12AA093A22AB093A32A81E07A
:1070EE008093A60ABF91AF919F918F910F900FBE83
:1070FE000F901F9018951F920F920FB60F9211249A
:10710E002F933F934F935F936F937F938F939F93A1
:10711E00AF93BF93EF93FF9385E00E94D709FF9142
:10712E00EF91BF91AF919F918F917F916F915F91F1
:10713E004F913F912F910F900FBE0F901F9018956A
:10714E001F920F920FB60F9211242F933F934F93CE
:10715E005F936F937F938F939F93AF93BF93EF93B1
:10716E00FF9384E00E94D709FF91EF91BF91AF91F9
:10717E009F918F917F916F915F914F913F912F9141
:10718E000F900FBE0F901F9018951F920F920FB673
:10719E000F9211242F933F934F935F936F937F938F
:1071AE008F939F93AF93BF93EF93FF9383E00E94D0
:1071BE00D709FF91EF91BF91AF919F918F917F91E1
:1071CE006F915F914F913F912F910F900FBE0F9046
:1071DE001F9018951F920F920FB60F9211242F9396
:1071EE003F934F935F936F937F938F939F93AF9341
:1071FE00BF93EF93FF9382E00E94D709FF91EF9127
:10720E00BF91AF919F918F917F916F915F914F91B0
:10721E003F912F910F900FBE0F901F9018951F92B8
:10722E000F920FB60F9211242F933F934F935F93AC
:10723E006F937F938F939F93AF93BF93EF93FF9330
:10724E0081E00E94D709FF91EF91BF91AF919F917D
:10725E008F917F916F915F914F913F912F910F90F1
:10726E000FBE0F901F9018951F920F920FB60F9290
:10727E0011242F933F934F935F936F937F938F932D
:10728E009F93AF93BF93EF93FF9380E00E94D70934
:10729E00FF91EF91BF91AF919F918F917F916F91E0
:1072AE005F914F913F912F910F900FBE0F901F90B6
:1072BE0018951F920F920FB60F9211242F933F9392
:1072CE004F935F936F937F938F939F93AF93BF93E0
:1072DE00CF93EF93FF93C091AB08C2FF0AC01092F9
:1072EE00572A1092562A1092552A84E00E94C80BF3
:1072FE0012C0C6FF2DC08091542A813041F4809176
:10730E00572A90E0F0E0E0E009951092542AC0FF71
:10731E0014C00E94D50BFF91EF91CF91BF91AF9109
:10732E009F918F917F916F915F914F913F912F918F
:10733E000F900FBE0F901F90189580E48093AB08AE
:10734E0081E00E94C80B8091AB0885FFE4CFE1CFAE
:10735E00C7FF50C0C3FF08C01092572A1092562A7A
:10736E001092552A83E0C2CF8091A908806680933F
:10737E00A9088091AB0881FF26C08091562A8823E8
:10738E0049F08091AB0884FF05C082E08093AA0883
:10739E0081E0ACCF9091562A8091552A981778F4B7
:1073AE00E091562AF0E080818093AD088091562AB4
:1073BE008F5F8093562A83E08093AA08ACCF82E039
:1073CE008093AA0893CF9091572A8091532A9817A9
:1073DE0060F48091AD08E091572AF0E080838091AF
:1073EE00572A8F5F8093572AE6CF86E08093AA08AC
:1073FE0082E07CCF85E07ACF1F920F920FB60F926C
:10740E0011242F933F938F939F93EF93FF9380912C
:10741E00A508982F9C70C9F08091A50894E082FF72
:10742E0093E09093152B8093A50881E080931B2BFE
:10743E0010921A2BFF91EF919F918F913F912F9167
:10744E000F900FBE0F901F90189586FF4CC0209185
:10745E005B2A90915A2A8091A50884FF10C08091D2
:10746E00592A882351F083E08093A40885E0809305
:10747E00152B10921A2B81E031C081E0F5CF80914F
:10748E00162B821790F4E091162B80915C2A909126
:10749E005D2AE80FF92FF11D80818093A808809155
:1074AE00162B8F5F8093162BC5CF8091172B8917C4
:1074BE0048F484E080931B2B8091582A816080933E
:1074CE00A708B8CF8091592A882359F083E080937A
:1074DE00A40881E08093152B10921A2B80931B2BFE
:1074EE00A9CF81E0F4CF87FF3DC09091172B8091FB
:1074FE005A2A9817D8F48091A808E091172B20915A
:10750E005E2A30915F2AE20FF32FF11D8083809166
:10751E00172B8F5F8093172B90915A2A8091172BE0
:10752E008917C0F482E08093A40884CF8091592AF1
:10753E00882371F087E08093A40882E08093152B56
:10754E0010921A2B81E080931B2B10925A2A72CF25
:10755E0085E0F1CF8091592A882311F087E0B7CFCB
:10756E0085E0B5CF86E083CFCF93EFEFFCE21282BA
:10757E00138288EE93E0A0E0B0E084839583A68327
:10758E00B78348EA5FEC4083518320E238E02487DA
:10759E0035872FE026872EE02787108A23E1218B5F
:1075AE0022E1228B34E0338B148A158A168A178ACD
:1075BE00108E118E6BE1628F138E148EECE9FDE24C
:1075CE001282138284839583A683B783408351836B
:1075DE0040E058E044875587C1E0C6871786108A79
:1075EE0045E0418B328BC38B148A158A168A178A13
:1075FE00108E118E228F138E148EE9E3FEE212820C
:10760E00138284839583A683B78386EC9FEC808355
:10761E009183EAE7FEE21486158616861786108A8F
:10762E00118A14821582168217821082118212829A
:10763E001382EFE6FEE2128210821182138214820E
:10764E0015821682178210861186128669E470EDF5
:10765E0089E69EE20E94151269E470ED83E69EE2D1
:10766E000E94151269E470ED8DE59EE20E941512DE
:10767E0069E470ED87E59EE20E94151269E470EDF3
:10768E0081E59EE20E9415126AE370ED8BE49EE2A4
:10769E000E94151260E470ED85E49EE20E941512C0
:1076AE0060E08DE00E947905E3EAFEE280E28083ED
:1076BE0088E294E08183928313861586148612865F
:1076CE001186108617821682158214821382ACE8F8
:1076DE00BEE255961D921C92569711961C921197CA
:1076EE001996ED93FC931A9717961C921797189666
:1076FE001C9218971C9289E013968C9313971496EC
:10770E00CC9314971596CC9315971696CC93CF9140
:10771E000895CF93DF93CDB7DEB76797CDBFDEBFAA
:10772E0091E088ED84BF90936100809102068560A0
:10773E0080930206809100068160809300068091FE
:10774E0002068F7C8065809302061092E20582E02D
:10775E008093E4059093030A8EEF8093270A80931B
:10776E00260A80E880932D0A80932B0A8093290A9B
:10777E0080932C0A80932A0A8093280A89E08093AA
:10778E00000A87E08093E505E0E8FAE037E02EEFA7
:10779E0090E885E031832487958780837096E03C5E
:1077AE004AE0F407B9F71092A10A8FE39FE18093A4
:1077BE00AC0A9093AD0A8091A50A81608093A50AC8
:1077CE001092A00A8091A00A81608093A00A7894FA
:1077DE0040E052EC61E070E08FEF9CE20E94680E98
:1077EE008091E3058F7C80628093E3050E94731283
:1077FE001092132B1092142BA89518EDA89514BF68
:10780E0080910001807F8093000168EE73E080E03C
:10781E0090E00E949E09A8958091400080914000C2
:10782E00886080934000A89514BF109100011B60E2
:10783E00109300011091010111FDFCCF61E088E071
:10784E000E94790561E087E00E94790561E086E09B
:10785E000E94790561E085E00E94790561E083E090
:10786E000E94790561E084E00E94790561E086E27C
:10787E000E94790561E087E20E94790561E080E06F
:10788E000E94790561E081E00E94790561E082E065
:10789E000E94790561E08BE00E94790561E08CE041
:1078AE000E94790560E088E00E940D0660E087E0A6
:1078BE000E940D0660E086E00E940D0660E085E005
:1078CE000E940D0660E083E00E940D0660E084E0F9
:1078DE000E940D0661E086E20E940D0661E087E2DD
:1078EE000E940D0661E080E00E940D0661E081E0DD
:1078FE000E940D0661E082E00E940D0660E088E1C4
:10790E000E94790560E081E20E94790560E08DE1D8
:10791E000E94790560E08FE10E94790560E080E2C7
:10792E000E94790560E08EE10E94790560E086E1B3
:10793E000E94790561E08EE10E940D0661E086E10C
:10794E000E940D0661E08CE10E94790561E08BE1F9
:10795E000E94790589EA93E08093D82A9093D92AD8
:10796E0080917204887F8093720480917204826089
:10797E008093720478940E94CB098B019C016093D2
:10798E000B2B10930C2B80930D2B30930E2B1092F0
:10799E000F2B1092102B1092112B1092122B8091F4
:1079AE00862E9091872E009711F00E94254686E034
:1079BE0090E00E9489457C0180E4F701808389E391
:1079CE009EE281839283138280E290E0848395838A
:1079DE000AE71EE2E092862EF092872E0E94AD05F7
:1079EE00DD24D394F701D382C7010E94A90B88230B
:1079FE0009F4D3C08EE189838091862E9091872ED3
:107A0E00FC0124813581232B09F4C7C020812093EA
:107A1E005D2B10921C2B10925E2B21E041E050E06A
:107A2E00BE016F5F7F4F0E948C0B882309F4B5C097
:107A3E006FE070E080E090E00E949E098091862EBB
:107A4E009091872E188A198A1A8A1B8A89839A839B
:107A5E001B821C82DA868AE090E08F8398871B86D1
:107A6E0084E0898744E0BE016C5E7F4FCE010196B3
:107A7E000E94920FF82E882309F48FC08C899D895D
:107A8E00982789279827B0E0A0E0BA2FA92F982F22
:107A9E0088272F89822BBA2FA92F982F8827288DD8
:107AAE00822B892B8A2B8B2B09F477C087E090E0F1
:107ABE000E948945FC018AE99FEC8083918381EDC8
:107ACE0091E38383948305831683E0938A2EF09348
:107ADE008B2E87E090E00E948945FC018CE89FEC9C
:107AEE008083918380ED91E3838394830583168352
:107AFE00E093882EF093892E1092022B1092032B76
:107B0E00F0920A2B42E050E067E470ED8FEF9CE2BA
:107B1E000E94B3038EE10E94DF06182F81E090E0F1
:107B2E00112311F090E080E08093082B9093092BA5
:107B3E0086E10E94DF0611110AC061E088E00E9412
:107B4E000D0681E090E0809317289093182887E621
:107B5E009BE2A0E0B0E08093042B9093052BA093C2
:107B6E00062BB093072B88E893E1A0E0B0E080935A
:107B7E00722E9093732EA093742EB093752E8BEB62
:107B8E009CE080936F2E9093702E81E08093712EE7
:107B9E000E94F2150E944C05FBCF81E090E080938D
:107BAE00022B9093032BF12CABCF85E49EE20E9427
:107BBE007F108BE49EE20E947F1081E59EE20E9480
:107BCE007F1087E59EE20E947F108DE59EE20E9467
:107BDE007F1083E69EE20E947F1089E69EE20E945D
:107BEE007F108091882E9091892E009739F0DC01BC
:107BFE00ED91FC910280F381E02D099580918A2E02
:107C0E0090918B2E009739F0DC01ED91FC91028062
:107C1E00F381E02D09940895EF920F931F93CF9364
:107C2E00DF93E80134E047FD34E1042E000C550BE0
:107C3E0057FF03C0519541955109E32E022F242F72
:107C4E00AE0197D0CE01DF91CF911F910F91EF90A2
:107C5E00089566277727E9C11F93FC019927882786
:107C6E00BC01E89411911032E9F3193010F01E3076
:107C7E00C8F31B3249F01D3241F4689405C02AD076
:107C8E00610F711D811D911D119110531A30B8F3A2
:107C9E003EF490958095709561957F4F8F4F9F4FD5
:107CAE001F910895BB274A3031F4992322F4BDE287
:107CBE00909581959F4F45C0BB272A3051F499234B
:107CCE0042F4BDE290958095709561957F4F8F4FF0
:107CDE009F4F16C0592F482F372F262F660F771F0D
:107CEE00881F991F660F771F881F991F620F731FBA
:107CFE00841F951F660F771F881F991F0895BB2736
:107D0E00FA01A62F6217710581059105330B30FB21
:107D1E0066F0AA27660F771F881F991FAA1FA21742
:107D2E0010F0A21B63953850A9F7A05DAA3308F096
:107D3E00A95DA19336F7B111B1931082CA01B2C3F6
:107D4E00BB27FB015527AA27880F991FAA1FA41727
:107D5E0010F0A41B83955051B9F7A05DAA3308F01B
:107D6E00A95DA193009779F7B111B1931192CB014F
:107D7E0099C3A9E0B0E0E5ECFEE3D0C46A01F22EAF
:107D8E00B02E102FFBE3AF2EA01608F41BE31F5FDF
:107D9E00012F27E0AE014F5F5F4F8CD2BC0189816E
:107DAE00982F9970913009F43EC09BE2E1FC04C01B
:107DBE009E2D9170E0FC39C05E2D5071E82FE87059
:107DCE0083FF45C084E0911101C083E0EF2DE81BD5
:107DDE008F1508F0E0E0D6018E2F20E2552349F1F1
:107DEE00992329F0D6019C93C60101966C01960148
:107DFE002D5F3F4FE2FE23C08EE4D6018C9391E4BB
:107E0E0011969C93119712968C93D9018E2F90E216
:107E1E0081111AC0E20FF32FF11D10828EEF9FEF2A
:107E2E002996ECE094C49DE2C7CF90E2C5CF2D9386
:107E3E0081508111FCCFCE0ED11CE0E0D1CF8EE669
:107E4E00D6018C9391E6DCCF9D938150E1CF482FE4
:107E5E00447082FF3DC084E0911101C083E08F1514
:107E6E0010F4EF2DE81BD6018E2F20E2552309F1D9
:107E7E00992329F0D6019C93C60101966C019601B7
:107E8E002D5F3F4FE2FE1BC089E4D6018C938EE43A
:107E9E0011968C93119786E412968C93D9018E2F9E
:107EAE0090E2882309F4B6CF9D938150FACF2D939B
:107EBE0081508111FCCFCE0ED11CE0E0D9CF89E6E6
:107ECE00D6018C938EE611968C93119786E6E4CFAD
:107EDE009B0177FF02C030E020E0A1E0B0E09111FD
:107EEE0002C0B0E0A0E0F9013196AE0FBF1F8B2C9F
:107EFE00912CBB2009F461C05401EFEFAE1ABE0AFB
:107F0E00AA0DBB1DFA161B0619F014F04F2D4A1BB5
:107F1E00511188C0E3FC59C07601A42FB0E2A11123
:107F2E004FC0C40ED11C992309F45BC040E0D601AA
:107F3E001196F60190836D01552309F448C0012F67
:107F4E00060F9A81582F507184FF03C0913309F4A4
:107F5E00015010160CF047C0093008F008E0EEE2B0
:107F6E00FE2E5B01A01AB1088501919481949108AF
:107F7E002F3F320729F4D601FC92F60131966F019C
:107F8E006217730794F1021713077CF5DB01A21B2E
:107F9E00B30BAA24A394B12CAC0EBD1EAA0DBB1D0F
:107FAE0011968C9121503109D6011196281539055B
:107FBE00F4F0F60180836D01DBCFB12CA12CA0CFA4
:107FCE00F701B1937F01A150AACF9111B0CFD60185
:107FDE00942F50E302C05D9391509111FCCFC40ECB
:107FEE00D11C40E0ACCF01E0BACF80E3DBCF62170B
:107FFE00730731F4963388F4953311F4552369F0F1
:10800E00F6018083FD01842F90E2811108C0A40F38
:10801E00B11D1C9290E080E003CF81E3F1CF9193EC
:10802E008150F3CF911183CF8ACFB0E0A0E0E1E28F
:10803E00F0E474C35C017B016115710519F0DB017D
:10804E008D939C9385010F5F1F4FF501D0818D2F6E
:10805E0090E008D26C01892BA9F5DD32A9F50F5FEE
:10806E001F4FD5011196DC91C1E05801F1E0AF1A16
:10807E00B10843E050E068EA72E0C501FBD1892BFC
:10808E0061F5680182E0C80ED11C45E050E063EA5C
:10809E0072E0C601EFD1892B21F4680197E0C90E79
:1080AE00D11CE114F10419F0D701CD92DC9260E0FD
:1080BE0070E080E89FEFC111F9C060E070E080E8E9
:1080CE009FE7F4C05801BECFDB3229F485010E5F65
:1080DE001F4FF501D181C0E0C8CF43E050E060EA08
:1080EE0072E0C501C7D1892BE9F0F80110E000E07C
:1080FE0020E030E0A9015F01B0ED8B2E8D0E89E0FE
:10810E008815C0F19C2E689491F88C2F8870C2FF50
:10811E0016C0811102C00F5F1F4F3196D501DC9141
:10812E00C92DE9CFE114F10429F00E5F1F4FF701BD
:10813E000083118360E070E080EC9FE7B7C0882376
:10814E0011F001501109A5E0B0E0D8D29B01AC01AD
:10815E00220F331F441F551F280D311D411D511D68
:10816E00283999E93907490799E15907B0F2C660EC
:10817E009C2ED3CFAEEF8A1206C0C3FD3CC09C2E00
:10818E00689493F8CACFDF7DD534A9F580818D32FE
:10819E0039F4C061DF011296818162E070E006C0A1
:1081AE00DF018B32C1F3119661E070E080535D0107
:1081BE00A61AB70A8A30F8F4E0E8CE16ECE0DE062E
:1081CE005CF4B601660F771F660F771FC60ED71EBB
:1081DE00CC0CDD1CC80ED11C5D01FFEFAF1ABF0A1F
:1081EE008C9180538A3098F1C4FF03C0D194C1940E
:1081FE00D1080C0D1D1DC1FF09C0E114F10431F0B1
:10820E0081E0A81AB108D701AD92BC92CA01B9019A
:10821E005DD1C370C33009F490584B015C0120E06E
:10822E0030E0A9014FD1882309F43EC0C7EDD2E05A
:10823E0017FF05C0119501951109CFEBD2E06E0124
:10824E00B8E1CB1AD10880E2E82EF12C0EC0D50190
:10825E00B3CFFE0125913591459154910E191F0909
:10826E00C501B40194D14B015C01D501C4010E15B9
:10827E001F057CF72497F594E794CC16DD06A9F735
:10828E008A2F880F8B2F881F8F3F41F020E030E020
:10829E00A901C501B40116D1811106C082E290E098
:1082AE008093B12E9093B22EC501B401CDB7DEB737
:1082BE00ECE04DC2283008F027E03327DA01990FA1
:1082CE00311D87FD916000966105710539F43260AC
:1082DE002E5F3D9330E32A95E1F708959F3F30F0EE
:1082EE0080387105610509F03C5F3C5F3D9391302C
:1082FE0008F08068911DDF93CF931F930F93FF9229
:10830E00EF92192F987F9695E92F96959695E90FEE
:10831E00FF27EB5CFC4F99273327EE24FF24A701A0
:10832E00E70105900894079428F4360FE71EF81E0F
:10833E00491F511D660F771F881F991F0694A1F7BD
:10834E000590079428F4E70EF81E491F561FC11D0D
:10835E00770F881F991F661F0694A1F70590079443
:10836E0028F4F80E491F561FC71FD11D880F991FDD
:10837E00661F771F0694A1F70590079420F4490F06
:10838E00561FC71FD81F990F661F771F881F069489
:10839E00A9F784911095177041F0D695C79557950A
:1083AE004795F794E7941A95C1F7EBEDF2E06894D0
:1083BE001590159135916591959105907FE2739584
:1083CE00E118F10A430B560BC90BD009C0F7E10CAB
:1083DE00F11E431F561FC91FD01D7EF4703311F4BA
:1083EE008A95E6CFE894015030F0080F0AF4002782
:1083FE00021708F4202F2395022F7A3328F079E301
:10840E007D932A95E9F710C07D932A9589F60694F7
:10841E0097956795379517951794E118F10A430BC1
:10842E00560BC90BD00998F023957E9173957A332C
:10843E0008F070E37C932013B8F77E9170617D9302
:10844E0030F0839571E37D9370E32A95E1F7112463
:10845E00EF90FF900F911F91CF91DF91992787FD9C
:10846E00909508959111F6C0803219F0895085507B
:10847E00D0F70895FB01DC014150504088F08D91FA
:10848E0081341CF08B350CF4805E659161341CF0E8
:10849E006B350CF4605E861B611171F3990B0895B8
:1084AE00881BFCCFDC01FC01672F71917723E1F76C
:1084BE00329704C07C916D9370836291AE17BF07A3
:1084CE00C8F3089540D008F481E00895E89409C0F7
:1084DE0097FB3EF490958095709561957F4F8F4FE9
:1084EE009F4F9923A9F0F92F96E9BB279395F695FF
:1084FE00879577956795B795F111F8CFFAF4BB0F7D
:10850E0011F460FF1BC06F5F7F4F8F4F9F4F16C0E0
:10851E00882311F096E911C0772321F09EE8872F6A
:10852E00762F05C0662371F096E8862F70E060E026
:10853E002AF09A95660F771F881FDAF7880F96959F
:10854E00879597F90895990F0008550FAA0BE0E843
:10855E00FEEF16161706E807F907C0F012161306F7
:10856E00E407F50798F0621B730B840B950B39F437
:10857E000A2661F0232B242B252B21F408950A269D
:10858E0009F4A140A6958FEF811D811D08950BD092
:10859E007BC06CD028F071D018F0952309F05DC027
:1085AE0062C01124A5C081D0A0F3959FD1F3950F81
:1085BE0050E0551F629FF001729FBB27F00DB11D59
:1085CE00639FAA27F00DB11DAA1F649F6627B00DE9
:1085DE00A11D661F829F2227B00DA11D621F739FD2
:1085EE00B00DA11D621F839FA00D611D221F749FE0
:1085FE003327A00D611D231F849F600D211D822F27
:10860E00762F6A2F11249F5750408AF0E1F088236D
:10861E004AF0EE0FFF1FBB1F661F771F881F91507A
:10862E005040A9F79E3F510570F017C061C05F3FE3
:10863E00ECF3983EDCF3869577956795B795F795AD
:10864E00E7959F5FC1F7FE2B880F911D9695879535
:10865E0097F9089599278827089597F99F6780E8D5
:10866E0070E060E008959FEF80EC089500240A9476
:10867E001616170618060906089500240A941216EF
:10868E001306140605060895092E0394000C11F422
:10869E00882352F0BB0F40F4BF2B11F460FF04C0CF
:1086AE006F5F7F4F8F4F9F4F089557FD9058440F28
:1086BE00551F59F05F3F71F04795880F97FB991F33
:1086CE0061F09F3F79F087950895121613061406F0
:1086DE00551FF2CF4695F1DF08C01616170618067D
:1086EE00991FF1CF86957105610508940895E89458
:1086FE00BB2766277727CB0197F908953AD0A59F18
:10870E00900DB49F900DA49F800D911D112408957E
:10871E002F923F924F925F926F927F928F929F9283
:10872E00AF92BF92CF92DF92EF92FF920F931F9371
:10873E00CF93DF93CDB7DEB7CA1BDB0BCDBFDEBF4A
:10874E0009942A88398848885F846E847D848C8455
:10875E009B84AA84B984C884DF80EE80FD800C815E
:10876E001B81AA81B981CE0FD11DCDBFDEBFED0118
:10877E000895A29FB001B39FC001A39F700D811DEC
:10878E001124911DB29F700D811D1124911D08950C
:10879E005058BB27AA270ED077CF68DF30F06DDF99
:1087AE0020F031F49F3F11F41EF45DCF0EF4E095EE
:1087BE00E7FB53CFE92F79DF80F3BA176207730710
:1087CE008407950718F071F49EF591CF0EF4E0959D
:1087DE000B2EBA2FA02D0B01B90190010C01CA016D
:1087EE00A0011124FF27591B99F0593F50F4503E18
:1087FE0068F11A16F040A22F232F342F4427585F0A
:10880E00F3CF469537952795A795F0405395C9F721
:10881E007EF41F16BA0B620B730B840BBAF09150D9
:10882E00A1F0FF0FBB1F661F771F881FC2F70EC078
:10883E00BA0F621F731F841F48F48795779567954B
:10884E00B795F7959E3F08F0B3CF9395880F08F034
:10885E009927EE0F9795879508950CD015CF0DDFBC
:10886E0040F004DF30F021F45F3F19F0F6CE5111E5
:10887E003FCFF9CE1ADF98F39923C9F35523B1F3FD
:10888E00951B550BBB27AA2762177307840738F071
:10889E009F5F5F4F220F331F441FAA1FA9F333D0D0
:1088AE000E2E3AF0E0E830D091505040E695001C84
:1088BE00CAF729D0FE2F27D0660F771F881FBB1F40
:1088CE00261737074807AB07B0E809F0BB0B802D1A
:1088DE00BF01FF2793585F4F2AF09E3F510568F066
:1088EE00BCCE06CF5F3FECF3983EDCF386957795D2
:1088FE006795B795F7959F5FC9F7880F911D969568
:10890E00879597F90895E1E0660F771F881FBB1FC3
:10891E00621773078407BA0720F0621B730B840B70
:10892E00BA0BEE1F88F7E095089504D06894B11144
:10893E00DFCE0895C2DE88F09F5790F0B92F9927A9
:10894E00B751A0F0D1F0660F771F881F991F1AF04C
:10895E00BA95C9F712C0B13081F0C9DEB1E0089501
:10896E00C6CE672F782F8827B85F39F0B93FCCF382
:10897E00869577956795B395D9F73EF49095809542
:10898E00709561957F4F8F4F9F4F0895DCDD08F4F2
:10899E008FEF089597FB072E16F4009406D077FDFF
:1089AE0008D096D007FC05D03EF4909581959F4F48
:1089BE000895709561957F4F0895A1E21A2EAA1B16
:1089CE00BB1BFD010DC0AA1FBB1FEE1FFF1FA21771
:1089DE00B307E407F50720F0A21BB30BE40BF50B6E
:1089EE00661F771F881F991F1A9469F760957095F7
:1089FE00809590959B01AC01BD01CF010895052E88
:108A0E0097FB16F400940FD057FD05D0D6DF07FC68
:108A1E0002D046F408C050954095309521953F4FB1
:108A2E004F4F5F4F089590958095709561957F4F4C
:108A3E008F4F9F4F0895B7FF61CE60DE821B930B61
:108A4E00089597FD1094002E083098F00850232FAB
:108A5E00342F452F562F672F782F892F912DF4CF36
:108A6E00159497958795779567955795479537956B
:108A7E0027950A95AAF71124002D08952A0D3B1D5E
:108A8E004C1D5D1D6E1D7F1D801F911F08950024BE
:108A9E00A7FD00942A0F301D401D501D601D701D36
:108AAE00801D901D08952A153B054C055D056E052C
:108ABE007F058007910708950024A7FD00942A17CB
:108ACE003005400550056005700580059005089538
:108ADE00AA1BBB1B51E107C0AA1FBB1FA617B707D6
:108AEE0010F0A61BB70B881F991F5A95A9F78095F2
:108AFE009095BC01CD010895EE0FFF1F0590F491E6
:108B0E00E02D09940F931F93CF93DF93823091053D
:108B1E0010F482E090E0E091B52EF091B62E30E0A8
:108B2E0020E0B0E0A0E0309799F42115310509F46A
:108B3E004AC0281B390B24303105D8F58A819B8118
:108B4E006115710589F1FB0182839383FE0111C0CA
:108B5E00408151810281138148175907E0F048176F
:108B6E00590799F4109761F012960C931297139679
:108B7E001C933296CF01DF91CF911F910F910895E3
:108B8E000093B52E1093B62EF4CF2115310551F06A
:108B9E004217530738F0A901DB019A01BD01DF012D
:108BAE00F801C1CFEF01F9CF8093B52E9093B62E79
:108BBE00CDCFFE01E20FF31F819391932250310925
:108BCE0028833983D7CF2091B32E3091B42E232B07
:108BDE0041F420911B2830911C282093B32E309302
:108BEE00B42E2091192830911A282115310541F4FF
:108BFE002DB73EB740911D2850911E28241B350BD2
:108C0E00E091B32EF091B42EE217F307A0F42E1BD1
:108C1E003F0B2817390778F0AC014E5F5F4F2417D2
:108C2E00350748F04E0F5F1F4093B32E5093B42E6E
:108C3E00819391939FCFF0E0E0E09CCFCF93DF93B1
:108C4E000097E9F0FC01329712821382A091B52EA3
:108C5E00B091B62EED0130E020E01097A1F4208106
:108C6E003181820F931F2091B32E3091B42E28178D
:108C7E00390709F061C0E093B32EF093B42EDF9163
:108C8E00CF910895EA01CE17DF07E8F54A815B819F
:108C9E009E0141155105B1F7E901EA83FB83499124
:108CAE005991C40FD51FEC17FD0761F48081918196
:108CBE000296840F951FE90188839983828193819F
:108CCE008A839B83F0E0E0E012968D919C9113973E
:108CDE000097B9F52D913C911197CD010296820F17
:108CEE00931F2091B32E3091B42E2817390739F6E1
:108CFE00309751F51092B52E1092B62EA093B32E3A
:108D0E00B093B42EBCCFC283D38340815181840FE4
:108D1E00951FC817D90761F44E5F5F4F88819981FF
:108D2E00480F591F408351838A819B81828393838D
:108D3E002115310509F0B0CFE093B52EF093B62E84
:108D4E009ECFFD01DC01C0CF12821382D7CFB0E0DF
:108D5E00A0E0E3EBF6E4DECC8C01009741F4CB010E
:108D6E00D1DE8C01C801CDB7DEB7E0E1ECCCFC0161
:108D7E00E60FF71F9C0122503109E217F30708F4A2
:108D8E0099C0D901CD91DC911197C617D70790F0F4
:108D9E00C530D10538F3CE0104978617970710F327
:108DAE00C61BD70B2297C193D1936D937C93CF01A2
:108DBE0045DFD8CF5B01AC1ABD0A4C018C0E9D1E4F
:108DCE00A091B52EB091B62E512C412CF12CE12C48
:108DDE00109731F58091B32E9091B42E8815990588
:108DEE0009F05CC04616570608F058C08091192845
:108DFE0090911A28009741F48DB79EB740911D2887
:108E0E0050911E28841B950BE817F90708F052C0E5
:108E1E00E093B32EF093B42EF90160837183A2CF49
:108E2E008D919C91119712966C90129713967C903F
:108E3E001397A815B90559F56C0142E0C40ED11C63
:108E4E00CA14DB0420F1AC014A195B09DA0112964F
:108E5E00159780F06282738240835183D9016D939E
:108E6E007C93E114F10471F0D7011296ED93FC930B
:108E7E00139778CF22968C0F9D1FF90180839183D3
:108E8E00F301EFCFE093B52EF093B62E6BCF4816CD
:108E9E00590608F42C017D01D3019ACFCB0132DEA5
:108EAE007C01009739F0AE01B80107D0C801C6DECB
:108EBE00870158CF10E000E055CFFB01DC0102C066
:108ECE0001900D9241505040D8F70895FB01DC01FE
:108EDE008D91019080190110D9F3990B0895FB0122
:108EEE00DC0101900D920020E1F70895FB01DC01F9
:108EFE004150504048F001900D920020C9F701C03A
:108F0E001D9241505040E0F7089511E0CCEFD1E0B2
:108F1E0003C0FE01F1DD2196CD3FD107D1F7F894C4
:108F2E00FFCF5E00BC0077010000000000000000D3
:108F3E000000000000050101010101010000000018
:108F4E00000000000000000000000000000002030E
:108F5E0000000102030405060700010203040500D8
:108F6E0001020304050607000102030405060700BB
:108F7E000102030001020304050600000000CD0AF1
:108F8E008410210BE115271400000000CD0A6B1090
:108F9E00210BEA15761400000000DB04B303010474
:108FAE002B0532041004240474046904680E54065C
:108FBE005004770500000000410C1C0C5C0CF20BF9
:108FCE00150C020CF30B0000000000000000010164
:108FDE000101010102020202020202020303030363
:108FEE000303030304040404050505050505050133
:108FFE00020408102040800102040810200102041F
:10900E000810204080010204081020408001020454
:10901E0008010204081020404854553331445F546F
:10902E00004854553331445F48002C0038382C39F1
:10903E00380039392C313039000D0A000101010197
:10904E0001010101010100010001000100010064A4
:0C905E0000010101000000B72E8000009E
:00000001FF
