:100000000C94FD000C9425010C9425010C94250101
:100010000C9425010C9425010C9400370C942501B7
:100020000C9425010C9425010C9425010C942501B8
:100030000C9425010C9425010C9425370C94C83799
:100040000C9425010C94F9350C94D3350C942501AE
:100050000C9491360C9425010C9425010C942501E7
:100060000C94B6360C941F360C94AD350C94873531
:100070000C9425010C9447360C9425010C94250111
:100080000C9425010C9425010C94DB360C946C36F1
:100090000C9425010C9425010C9425010C94250148
:1000A0004E414E494E495459494E46CDCCCC3D0A5D
:1000B000D7233C17B7D13877CC2B329595E6241F40
:1000C000B14F0A000020410000C84200401C4620F9
:1000D000BCBE4CCA1B0E5AAEC59D7400407A10F3CC
:1000E0005A00A0724E18090010A5D4E80000E87666
:1000F00048170000E40B54020000CA9A3B000000BD
:10010000E1F505000080969800000040420F0000D5
:1001100000A08601000000102700000000E8030096
:100120000000006400000000000A00000000000160
:1001300000000000002C76D888DC674F0823DFC160
:10014000DFAE59E1B1B796E5E3E453C63AE651991B
:100150007696E8E6C28426EB898C9B62ED407C6F44
:10016000FCEFBC9C9F40F2BAA56FA5F490055A2AFB
:10017000F75C936B6CF9676DC11BFCE0E40D47FE07
:10018000F520E6B500D0ED902E03009435770500FC
:1001900080841E080000204E0A000000C80C333383
:1001A00033330F986E12831141EF8D2114893BE692
:1001B0005516CFFEE6DB18D1844B381BF77C1D901B
:1001C0001DA4BBE424203284725E228100C9F12484
:1001D000ECA1E53D27005EBCE2613FDD83C29C7E71
:1001E00020A3FD1F41009D23BE46DB65F88C11AFA7
:1001F00032CA57E9740080389B3B11241FBECFEFF1
:10020000CDBFDFE3DEBF2EE2ACE1B8E201C01D925C
:10021000A03AB207E1F718E2A0E0B8E2E8E5FCE8AE
:1002200002C005900D92AC31B107D9F710E0CCEFC8
:10023000D0E004C02197FE010E948243CB3FD1074A
:10024000C9F70E9455390C9492450C9400002F92E6
:100250003F924F925F926F927F928F929F92AF9256
:10026000BF92CF92DF92EF92FF920F931F93CF93A3
:10027000DF93CDB7DEB72897CDBFDEBF8C01CB01B2
:10028000BA0120E030E048EC51E40E94B04120E5A2
:100290003DE847E95CE30E94A44020E030E040E80C
:1002A0005FE30E94B1414B015C010B831C8328E595
:1002B0003BE229833A83EB80FC8036E9E30EF11CB4
:1002C00008E51BE2EB81FC8161917191EB83FC837A
:1002D000072E000C880B990B0E94454020E030E06F
:1002E00040E85AE30E94A44020E030E44CE955E4A1
:1002F0000E94A44020E030E04AE754E40E94A44079
:1003000020E030E04DE454E40E941D4220E030E063
:1003100048E453E40E941D42A50194010E941D423D
:10032000F80161937193819391938F012B813C81AB
:10033000E216F30639F66091542B7091552B80919B
:10034000562B9091572B28E5222E2BE2322EF101CD
:1003500021913191419151911F010E94B141F4E8E5
:100360002F16FCE23F0699F720E030E046E952E420
:100370000E941D422B013C01C090502BD090512B6C
:10038000E090522BF090532B20914E2B30914F2B1D
:100390002B833C8308E51BE2F80181909190A190AA
:1003A000B1908F01A5019401C301B2010E94C54221
:1003B000181674F4A5019401C701B6010E94B14159
:1003C0006B017C012B813C812F5F3F4F2B833C8352
:1003D0002016310609F7EB81FC81BF01FF0F880B66
:1003E000990B0E9445409B01AC01C701B6010E94D8
:1003F0001D426B837C838D839E83C0904A2BD0905B
:100400004B2BE0904C2BF0904D2B2091482B3091B2
:10041000492B2F83388700E21CE2E981FA81819021
:100420009190A190B190E983FA83A50194016B8129
:100430007C818D819E810E943E4087FF16C0A50170
:100440009401C301B2010E94C542181674F4A501BB
:100450009401C701B6010E94B1416B017C012F815B
:1004600038852F5F3F4F2F83388789819A810817FE
:10047000190799F61092482B1092492B10924E2B87
:1004800010924F2B1092542B1092552B1092562BEA
:100490001092572B1092502B1092512B1092522BDE
:1004A0001092532B10924A2B10924B2B10924C2BE4
:1004B00010924D2BEF81F885BF01FF0F880B990B30
:1004C0000E9445409B01AC01C701B6010E941D423C
:1004D00020E030E04AE754E40E94A4406B017C0134
:1004E00020E030E048E453E40E94C54218160CF5C1
:1004F00020E030E048EC52E4C701B6010E94B04170
:100500000E948F42CB012896CDBFDEBFDF91CF91F5
:100510001F910F91FF90EF90DF90CF90BF90AF9021
:100520009F908F907F906F905F904F903F902F9013
:100530000895C701B601E4CFFB01808100008093DC
:10054000C4088091C30887FFFCCF8091C408FB01D9
:100550008083089580913A2890913B28019680935A
:100560003A2890933B280895AF92BF92CF92DF92A2
:10057000EF92FF920F931F93CF93DF936C017B0158
:100580008B01040F151FEB015E01AE18BF08C017E9
:10059000D10759F06991D601ED91FC910190F0815C
:1005A000E02DC6010995892B79F7C501DF91CF911F
:1005B0001F910F91FF90EF90DF90CF90BF90AF9081
:1005C0000895FC01448155816081718188EE9CE22F
:1005D0000C94B402FC01A485B58511968C911197F9
:1005E00081FD0FC09C9186898F5F8F7327892817A3
:1005F00049F0A689AE0FBF2FB11D5D969C93868BE7
:1006000008958C910895FC01508D418D252F30E087
:10061000842F90E0821B930B541710F0CF9608950F
:1006200001970895FC0196898789981761F0A78939
:10063000AE0FBF2FB11D5D968C9197899F5F9F7301
:10064000978B90E008958FEF9FEF0895FC019689B6
:100650008789981731F08789E80FF11D858D90E023
:1006600008958FEF9FEF0895FC0196892789892FC0
:1006700090E0805C9F4F821B91098F7399270895AA
:1006800088EE9CE20E94340321E0892B09F420E0EB
:10069000822F089585E89DE20E94340321E0892B92
:1006A00009F420E0822F0895CF93DF93EC01E881D5
:1006B000F9810680F781E02D0995EC85FD8586811D
:1006C0008F738683EC85FD8585818F7585838F8902
:1006D0008E8B1D8ADF91CF910895FC01613019F452
:1006E000648B81E00895148A6623D9F380E008952D
:1006F000DC0154961C92549754968C9154978230F6
:10070000A0F4282F30E0F901EE0FFF1FE20FF31FD6
:10071000EA0FFB1F9785961303C09685941749F03F
:100720008F5F54968C935497E7CF54961C9280E039
:10073000089581E00895CF93DF93FC01908D818D22
:10074000C485D585981306C08D818F7D8D83DF91FB
:10075000CF910895A18DAE0FBF2FB11DA35ABF4FEA
:100760002C91818D90E001968F739927818F80E481
:100770008C83A485B58512962C93908D818D9813CA
:10078000E6CFA485B58515968C9115978F7D159626
:100790008C93838D8823D9F2848D80931301138EDB
:1007A000D6CFDC011C96ED91FC910FB607FE03C07D
:1007B000258125FD04C0248125FD0C949B0308950B
:1007C000EF92FF920F931F93CF93DF93EC0181E0A1
:1007D0008D8B988D898D98131CC0AC85BD85149622
:1007E0008C91149785FF15C012966C93AC85BD85CE
:1007F00080E414968C93EC85FD8585818F7D8583BF
:1008000081E090E0DF91CF911F910F91FF90EF90E9
:1008100008958091110180FF08C0809113018C8F91
:100820008A8D8093130181E08B8FF62E088D10E066
:100830000F5F1F4F0F731127E02E898D8E1104C09B
:10084000CE010E94D103F9CFE88DEC0FFD2FF11DF1
:10085000E35AFF4FF082088FEC85FD858581806229
:10086000CECFCF93DF93FC0125892223C9F0EC0181
:100870008091110180FF08C080911301848F828DC7
:100880008093130181E0838FEC85FD85858185FD53
:1008900003C0848186FD04C0CE010E94D103F4CF41
:1008A000DF91CF91089580E090E0892B29F00E949C
:1008B0004A0381110E94000080E090E0892B29F01A
:1008C0000E94400381110E94000080E090E0892B8B
:1008D00049F080E090E0892B29F00E94000081110E
:1008E0000E94000080E090E0892B49F080E090E0D9
:1008F000892B29F00E94000081110C9400000895BA
:1009000081E00895CF93DF9390E0FC01E55FF3432E
:1009100020812F3F69F0FC01EE51F443A08130E2C9
:10092000A39FD0011124BC5F613029F411962C9350
:10093000DF91CF91089583599443EC01E881EF3F13
:1009400081F0CD014096E80FF92FF11D9FB7F89483
:1009500012962C938081623039F4886080839FBF27
:10096000E7CFF0E0E0E0F2CF877FF8CF1092022BE4
:100970001092012B1092052B1092472B8091042B83
:1009800081111FC08091E3058073E1F462E082E091
:100990000E94820462E083E00E94820481E08093EE
:1009A000042B1092002B1092FF2A1092032B10920E
:1009B000FE2A91EC9093A3089FE19093A608809360
:1009C000A50808958091E3058073803239F762E0CD
:1009D00080E10E94820462E081E1DECF90E0FC01D0
:1009E000EC5BF443E081EE2319F1E13021F000F1FA
:1009F000E630A8F0089583599443FC012081233008
:100A000008F02F5F3091010A81E090E001C0880F6B
:100A10002A95EAF7809583238093010A089580E15F
:100A2000E89FF0011124E05AF54F81818F7E818388
:100A300008950F931F93CF93DF93082F10E0F801D1
:100A4000E55FF343D081DF3FA1F0C62F893210F478
:100A50000E94EE04F801EE51F443E08180E2E89F49
:100A6000F0011124FC5F80818D2371F0C11106C05B
:100A7000D683DF91CF911F910F910895C43011F467
:100A8000D783F7CFD583F5CFD801A359B4438C9141
:100A9000309771F08F3F61F07096E80FF11D9FB7AE
:100AA000F8948081C11107C0877F80839FBFE1CF09
:100AB000F0E0E0E0F4CF8860F8CF893210F40C94D5
:100AC00019050895AF92BF92CF92DF92EF92FF92F5
:100AD0000F931F93CF93DF93EC016A017B01A22E4A
:100AE0008D89882339F0E881F9810688F789E02D1E
:100AF000CE0109950C8910E0BFB6F89460E070E96A
:100B000080ED93E0A70196010E94DE4269017A011F
:100B10008FEFC81AD80AE80AF80AF694E794D7942F
:100B2000C794EC85FD8586818D7F8683EC85FD8568
:100B3000868186831D8AA09123110A2E000CBB0B8F
:100B4000A70196010E941F4320E034E040E050E0FE
:100B50000E940043EC85FD85C20ED31EE41EF51EE7
:100B6000C086D186EC85FD85A782EC85FD858681D2
:100B7000806C8683EC85FD85858180688583909176
:100B8000E2058B89809589237801EE0CFF1CF70123
:100B9000E00FF11FEC0FFD1F9089892B8093E20578
:100BA0008685893218F462E00E9482040E0D1F1DB2
:100BB000C00FD11F61E08F850E945D058F8589324E
:100BC00018F461E00E948204BFBEDF91CF911F91B3
:100BD0000F91FF90EF90DF90CF90BF90AF9008956E
:100BE0000F931F93CF93082F10E0F801E55FF343B5
:100BF000C081CF3F79F00E94EE04F801EE51F4433A
:100C0000E08180E2E89FF0011124FC5F8085C82329
:100C100081E009F480E0CF911F910F910895833016
:100C2000910528F0880F991F04970197F1F708950F
:100C30009F92AF92BF92CF92DF92EF92FF920F936B
:100C40001F93CF93DF93EC016B018885998511E0A9
:100C5000892B09F010E8F601A0808A2D81239924C0
:100C600093948111912C2C813D814E815F8160E2B2
:100C700071EA87E090E00E94DE42022FB12CE22E62
:100C8000F12C002319F0C7010E940F068A858D7F81
:100C900009F04FC08D858F3F89F09A2D912381E017
:100CA00009F480E0891551F0EF85F8898F8999233F
:100CB000D1F19081892B808399249394E989FA89D1
:100CC0008081998D892B8083002319F0C7010E94B0
:100CD0000F068E858F3F39F0EB89FC898081988DD6
:100CE000892309F0B12AE989FA899081898D809553
:100CF000892380838E858F3F11F0F601B08288852D
:100D00009985892B09F044C0110F1111BACFDF91D9
:100D1000CF911F910F91FF90EF90DF90CF90BF90F8
:100D2000AF909F9008959081809589238083912C26
:100D3000C5CFE989FA898081998D892B8083002329
:100D400019F0C7010E940F068D858F3F49F0EF858E
:100D5000F8898F899A2D9123B9F09081892B80830E
:100D6000E989FA899081898D8095892380838E8590
:100D70008F3F09F4BFCFEB89FC898081988D89234F
:100D800009F4B8CFB12AB6CF908180958923E7CFF7
:100D90001695BBCF8FB7F8942091892A30918A2A73
:100DA00040918B2A50918C2AE091AA0AF091AB0ACB
:100DB0009091A60A90FF08C02F5F3F4F4F4F5F4FA3
:100DC000E091AA0AF091AB0A8FBFA8EEB3E00E94AF
:100DD000654123E0F695E7952A95E1F76E0F7F1FB1
:100DE000811D911D08958F929F92AF92BF92CF92D5
:100DF000DF92EF92FF924B015C010E94CA066B01E9
:100E00007C01A8EEB3E0A50194010E946541C60EE5
:100E1000D71EE81EF91EC616D706E806F90618F40E
:100E20000E94CA06F8CF0E94CA066C157D058E0581
:100E30009F05C8F3FF90EF90DF90CF90BF90AF90E9
:100E40009F908F9008952FB7F8946091892A7091A0
:100E50008A2A80918B2A90918C2A2FBF0895EF9235
:100E6000FF920F931F93CF93DF9390E2899FE0014E
:100E70001124DC5FE984082F000F000F000FFF240E
:100E8000F39410E08E2D8F2179F0E02FE10FF0E048
:100E9000EE0FFF1FE357F54D80819181892B21F0E3
:100EA0000190F081E02D09951F5FFF0C183051F77C
:100EB000E986DF91CF911F910F91FF90EF900895F8
:100EC000DC0180E0615090F09D919827E92FEF7050
:100ED000F0E0EB52FE4F2491E92FE295EF70F0E045
:100EE000EB51FE4FE491822F8E27ECCF0895CF93E4
:100EF000DF93FC019081A181B281F894FD013897C4
:100F00008081892B8083ED0124972881392F3095AA
:100F100023232883C2E0D0E02197F1F78081832347
:100F20008083E0E1F0E03197F1F78C917894E6E688
:100F3000F0E03197F1F7982381E009F480E0DF9148
:100F4000CF910895FC019081A181B281292F209534
:100F5000FD013497189760FF14C0F89480818223B4
:100F600080838C91892B8C93A0E1B0E01197F1F7ED
:100F70008081982B908378948AE690E00197F1F72E
:100F80000895F8948081822380838C91892B8C939F
:100F9000AEE7B0E01197F1F78081982B90837894B9
:100FA00086E090E0EBCFDF92EF92FF920F931F93DA
:100FB000CF93DF93EC01D62EE42E08E010E0FF245F
:100FC000F39461E08D2D8F2109F460E0CE010E9441
:100FD000A207FF0C01501109A1F7E11012C0F8940B
:100FE000E981FA813897908188818095892380836F
:100FF000E981FA8134979081888180958923808363
:101000007894DF91CF911F910F91FF90EF90DF9037
:101010000895EF92FF920F931F93CF93DF938C016C
:101020007B0140E065E50E94D307E70188E0E80E18
:10103000F11C699140E0C8010E94D307CE15DF057D
:10104000C1F7DF91CF911F910F91FF90EF9008951D
:1010500008954F925F926F927F928F929F92AF927C
:10106000BF92CF92DF92EF92FF92B0E0A0E0BA2F52
:10107000A92F982F882720E130E0C12C40E8D42EFA
:10108000EE24EA94F12C812C912C50E8A52EB12C61
:1010900040E050E868E970E0240135014822592217
:1010A0006A227B2245284628472851F02A013B0125
:1010B0004C205D206E207F2084259525A625B72510
:1010C000B694A79497948794F694E794D794C7948A
:1010D000769567955795479521503109E9F6FF9028
:1010E000EF90DF90CF90BF90AF909F908F907F90C8
:1010F0006F905F904F90089508950F9391E09093B3
:10110000032B1092FE2A6093452A7093462A40933F
:10111000442A2093432A1092FF2A1092002B009316
:10112000422A880F8093412A93E024E08091442A48
:10113000882331F09093042B8091412A8E7F09C03F
:101140008091432A882341F02093042B8091412AE7
:1011500081608093A70808C08091442A811104C04F
:101160008091432A882331F38091FE2A8823E1F37A
:101170008091FE2A8330D1F28091432A882321F086
:101180008091002B0F9108959091FE2A81E091307B
:10119000C9F780E0F7CF0F939091042B9130A1F421
:1011A0009091032B911112C0082F20E04091472B02
:1011B00066E07BE28091462B0E947D081092052B11
:1011C0001092472B0F91089580E0F8CF81E0F6CF81
:1011D0001F93CF93DF93EA01122FDC0111968D91BB
:1011E0009C91DC01ED91FC910280F381E02D099549
:1011F000C817D90729F4812F0E94CB0891E08111EB
:1012000090E0892FDF91CF911F910895CF93DF93C5
:10121000EC018B81882389F088818093462B109282
:10122000052B1092472B81E00E94CB0891E08111A1
:1012300090E0892FDF91CF9108950E94B60481E05C
:101240008B83CE010E940609982F8111E5CFF1CF43
:10125000E0EAF8E091859066918792E09093042B04
:1012600080933B2A10923A2A089581E080933A2A8B
:1012700010923B2A93E09093AA089091AB0891FFBB
:101280000BC010923F2AF0E0E0E0099580933E2ADF
:1012900085E08093042B08951092402A80933D2A84
:1012A00086E0F7CF0895E091022B8091012BE8179B
:1012B00030F4F0E0E75BF54D808190E008958FEF2A
:1012C0009FEF08959091022B8091012B2FEF3FEF1C
:1012D000981748F4E92FF0E0E75BF54D208130E006
:1012E0009F5F9093022BC90108958091012B9091EB
:1012F000022B891B990B0895CF92DF92EF92FF92F8
:101300000F931F93CF93DF937C018A01EB016B0155
:10131000C40ED51ECC15DD0551F06991D701ED91B4
:10132000FC910190F081E02DC7010995F3CFC80130
:10133000DF91CF911F910F91FF90EF90DF90CF90B1
:1013400008952091472B203440F021E030E0FC014B
:101350002283338390E080E008958091052BE82F6D
:10136000F0E0EA5FF44D60838F5F8093052B8093FC
:10137000472B81E090E0089590E080E00895FC0123
:10138000FF2790FD12C080E094E1E82BF92B6083E9
:101390008FB7F8949DE923E094BF209300108FBF8E
:1013A0008091021081FDFCCF089580E093E1EDCFA4
:1013B000CF92DF92EF92FF920F931F93CF93DF9321
:1013C0008C016B01FB01E480F5806E2D0E94BF094A
:1013D000D0E0C0E0FF240F5F1F4FCE15DF05BCF447
:1013E000F60184819581C817D90778F480819181AD
:1013F000009759F08C0F9D1FFC016081C8018C0F74
:101400009D1F0E94BF092196E8CF60E0F7CFDF91D2
:10141000CF911F910F91FF90EF90DF90CF900895A3
:10142000FC01FF2790FD06C080E094E1E82BF92B3A
:101430008081089580E093E1F9CF2F923F924F92FF
:101440005F926F927F928F929F92AF92BF92CF9254
:10145000DF92EF92FF920F931F93CF93DF9300D011
:1014600000D0CDB7DEB72091322A3091332A409197
:10147000342A5091352A6091362A7091372A80910A
:10148000382A9091392AA5E00E944D432093322AB0
:101490003093332A4093342A5093352A6093362A66
:1014A0007093372A8093382A9093392A8091302A72
:1014B0009091312A892B09F460C180912E2A909154
:1014C0002F2A892B09F059C140912A2A50912B2AA1
:1014D00060912C2A70912D2AA090222AB090232A64
:1014E000C090242AD090252AE090262AF090272A1E
:1014F0000091282A1091292A8091322A898380918B
:10150000332A8A838091342A8C838091352A8B8375
:10151000B091362AA091372AF091382AE091392AE1
:101520009A01AB0160E070E080E090E00E944443EB
:10153000A980BA80CC80DB80EB2EFA2E0F2F1E2FD5
:101540000E94594308F0A4C080911528882309F40B
:101550009FC060E088E00E94190510921328109245
:1015600014287091322A6091332A5091342A409184
:10157000352A3091362A2091372A9091382A809145
:10158000392A70931A2A60931B2A50931C2A40937D
:101590001D2A30931E2A20931F2A9093202A80937D
:1015A000212A1092152881E08093192A2091322A4D
:1015B0003091332A4091342A5091352A6091362A4D
:1015C0007091372A8091382A9091392AA7E20E9497
:1015D000624309F008F446C081E08093142A8091A8
:1015E000122A9091132A892BB9F580912E2A909175
:1015F0002F2A892B89F58091102A9091112A892B05
:1016000059F580910E2A90910F2A892B29F5809106
:10161000EB2A9091EC2A892BF9F480910C2A909175
:101620000D2A892BC9F480910A2A90910B2A892BC3
:1016300099F48091082A9091092A892B69F4809164
:10164000062A9091072A892B39F48091042A9091D7
:10165000052A892B09F496C081E090E08093FC2A4A
:101660009093FD2A2496CDBFDEBFDF91CF911F91CD
:101670000F91FF90EF90DF90CF90BF90AF909F9031
:101680008F907F906F905F904F903F902F90089534
:101690004091152A5091162A6091172A7091182AA4
:1016A000A0901A2AB0901B2AC0901C2AD0901D2A04
:1016B000E0901E2AF0901F2A0091202A1091212AE2
:1016C0008091322A89838091332A8A838091342AB7
:1016D0008C838091352A8B83B091362AA091372A4A
:1016E000F091382AE091392A9A01AB0160E070E06C
:1016F00080E090E00E944443A980BA80CC80DB80E7
:10170000EB2EFA2E0F2F1E2F0E94594308F04ECFBA
:101710008091192A882309F449CF61E088E00E946A
:10172000190581E090E0809313289093142870911C
:10173000322A6091332A5091342A4091352A3091CF
:10174000362A2091372A9091382A8091392A70932D
:10175000222A6093232A5093242A4093252A3093E7
:10176000262A2093272A9093282A8093292A1092A8
:10177000192A81E08093152819CF60E088E00E9443
:10178000190514CF1092FC2A1092FD2A6BCFDC01B0
:10179000ED91FC910488F589E02D23E030E0099477
:1017A000CF93DF93FC019081A181B281F894FD0178
:1017B00038978081292F20958223808378943DE774
:1017C000315031F18C918923D9F3F894ED012497AC
:1017D0008881822388838081892B80837894CCEBD5
:1017E000D3E02197F1F7F894808182238083E8E8A1
:1017F000F0E03197F1F78C91982381E009F080E0D7
:101800007894E0E3F3E03197F1F7DF91CF91089519
:1018100080E0FBCF6F927F928F929F92AF92BF92A8
:10182000CF92DF92EF92FF920F931F93CF93DF93AC
:101830008C01EB0180917E2E90917F2E0E94D00B27
:10184000882309F43FC0B80180917E2E90917F2EAD
:101850000E94090840E06EEB80917E2E90917F2ED1
:101860000E94D3077E016E0189E0C80ED11C8E0153
:10187000A0907E2EB0907F2E88E0882E912C712C27
:1018800066246394C5010E94770781117628660C4F
:10189000E1E08E1A9108B1F7F80171928F01CE162E
:1018A000DF0631F780917E2E90917F2E0E94D00B23
:1018B000813041F4F70181917F01811105C0E0176A
:1018C000F107C1F790E008C068E0CE010E94600710
:1018D00091E028852813F6CF892FDF91CF911F91B2
:1018E0000F91FF90EF90DF90CF90BF90AF909F90BF
:1018F0008F907F906F900895BF92CF92DF92EF927A
:10190000FF920F931F93CF93DF93EC01B62EC72E58
:101910008D85811105C0CE010E94D00B81110EC0B2
:101920001B861D861C8680E0DF91CF911F910F9151
:10193000FF90EF90DF90CF90BF90089540E060EF70
:10194000CE010E94D30701E0E12CD12C11E0CE01A1
:101950000E947707F82ECE010E94770791E0F912D6
:1019600018C0813099F51134D8F2DB86D11002C04D
:1019700081E08D878B81882399F22396EB2DFC2DB6
:10198000CF01089629912193E817F907D9F781E04B
:10199000CBCFEE2DF0E0F8120FC08B851817A0F416
:1019A000DE01AE0FBF1F13968C91802379F4F12CCA
:1019B000193008F41C87D12EEC0FFD1F8381902F66
:1019C0009095892383830AC08113F1CFFE01EE0D28
:1019D000F11D8381802B8383FF24F3946F2DCE012F
:1019E0000E94A2071F5F000F11F4E39401E087E05B
:1019F0008E1508F0ACCFB7CF2F923F924F925F92E7
:101A00006F927F928F929F92AF92BF92CF92DF920E
:101A1000EF92FF920F931F93CF93DF93CDB7DEB773
:101A20002897CDBFDEBFFC016B01642E96818781B4
:101A300099838A83E080F180E114F10409F474C091
:101A4000418550E0D70114968D919C91159784178C
:101A5000950708F420C28C918093462B1092052B99
:101A60001092472B20E0BE016F5F7F4FC7010E949D
:101A7000E808882309F40FC2A62CB12CF701848151
:101A800095818A159B0508F406C2808129E43AE213
:101A90002093472A3093482A9091042B913009F0E3
:101AA0003FC09091032B91113DC001E0262D40E0F5
:101AB00070E060E00E947D081092022B8093012B61
:101AC0008A151B0409F0E7C18601D70111968D9193
:101AD0009C91DC01ED91FC910284F385E02D099548
:101AE000F80181938F01CF018C199D098A159B05FF
:101AF00060F381E02896CDBFDEBFDF91CF911F91CB
:101B00000F91FF90EF90DF90CF90BF90AF909F909C
:101B10008F907F906F905F904F903F902F9008959F
:101B200080E0CACF81E0C8CFE280F380E114F10405
:101B300009F4B1C1248135812115310509F04AC06C
:101B400090689983262D30E02C833D83A1844A2D13
:101B500050E04E835F83D701AD90BC901197A114E4
:101B6000B104A9F012960D90BC91A02DEC91E887DC
:101B700011961C91D50116968C91882319F081FF3E
:101B800034C0F894B885B093C0081093C10860E0E1
:101B9000F70183850E945D059E012F5F3F4F49013C
:101BA0008901D7018D919C91980128193909EE81FD
:101BB000FF812E173F0708F0B1C0D8012D918D018C
:101BC0002B83BE016D5F7F4F009709F4A3C00E9475
:101BD0009C02E7CF2230310511F49F77B2CF21303C
:101BE000310509F0AFCF906CACCF80FFCBCFF501C2
:101BF00040855185628573851A012B01612C712CFA
:101C00004301E0E09101A201B301C401A0E00E9400
:101C10006243B1F1217030E040E050E060E070E0FC
:101C200080E090E00E946243F1F090E080E0E033D9
:101C300070F48E2F869586958695F0E28F9FC00171
:101C40001124805F9B4F2E2F2770820F911DDC0186
:101C50004C9195012E0F311DD90150964C93DC010A
:101C60002C91287F2C939101A201B301C40101E0C2
:101C70000E94294319012A013B014C01EF5FC2CFA9
:101C8000F50144855585668577851A012B01612C00
:101C9000712C4301E0E29101A201B301C401A0E073
:101CA0000E94624309F46ECF217030E040E050E0C2
:101CB00060E070E080E090E00E946243F1F090E02C
:101CC00080E0E03370F48E2F869586958695F0E25D
:101CD0008F9FC0011124805F9B4F2E2F2770820F92
:101CE000911DDC014C9195012E0F311DD9015096AB
:101CF0004C93DC012C91287F2C939101A201B3011C
:101D0000C40101E00E94294319012A013B014C0151
:101D1000EF5FC1CFC7010E94180643CF8601BB24E5
:101D2000BA94BB82F70180819181BE016D5F7F4FC4
:101D3000009711F10E949C028B81D8018D938D0137
:101D4000CD018C199D09EC81FD818E179F0748F309
:101D500061E0D7011B968C910E945D05D701ED9142
:101D6000FC91309709F4C5CE8681882309F4C1CE51
:101D700081FF06C07894BDCEC7010E941806DCCF53
:101D800080FFB7CE80849184A284B384C12CD12CEF
:101D9000760110E09401A501B601C701A0E00E9400
:101DA0006243A1F1217030E040E050E060E070E07B
:101DB00080E090E00E946243E1F090E080E0103328
:101DC00070F4812F869586958695B0E28B9FC00131
:101DD0001124805F9B4F212F2770820F911D9F013F
:101DE000210F311DD90150962C91DC013C91232B00
:101DF0002C939401A501B601C70101E00E9429437B
:101E000049015A016B017C011F5FC4CF8484958412
:101E1000A684B784C12CD12C760110E29401A501CF
:101E2000B601C701A0E00E94624309F462CE2170AE
:101E300030E040E050E060E070E080E090E00E9440
:101E40006243E1F090E080E0103370F4812F8695DA
:101E500086958695B0E28B9FC0011124805F9B4FD1
:101E6000212F2770820F911D9F01210F311DD90154
:101E700050962C91DC013C91232B2C939401A501CD
:101E8000B601C70101E00E94294349015A016B01D3
:101E90007C011F5FC3CF80E02DCE0C942444CF93F0
:101EA000DF93EC0188819981009711F00E9424440E
:101EB000188219821C821D821A821B82DF91CF91A7
:101EC0000895FC01808191810C9424440C94244455
:101ED000FC0180819181009711F00C94F03B60E04F
:101EE00070E0CB010895FC0180819181009711F091
:101EF0000C94F43B60E070E0CB010895FC01248178
:101F00003581FB014481558124173507E1F4FC013B
:101F100080819181FB01608171810097D1F0611511
:101F20007105A1F4232BC1F0FC01808190E008C071
:101F3000232B91F0FB01808190E09195819591098F
:101F400021E0892B09F020E0822F08950E9473453B
:101F5000F7CF6115710561F721E0F6CF0F931F935D
:101F6000CF93DF93EC0188819981009759F02A8102
:101F70003B812617370730F081E0DF91CF911F9129
:101F80000F9108958B016F5F7F4F0E94AD440097C2
:101F900059F0888399830A831B832C813D81232BED
:101FA00059F7FC011082E8CF80E0E7CFEF92FF9273
:101FB0000F931F93CF93DF936115710541F480E078
:101FC000DF91CF911F910F91FF90EF9008954115F0
:101FD0005105B1F07B01EC010C811D81040F151F2F
:101FE000B8010E94AE0F882351F3288139818C817A
:101FF0009D81B701820F931F0E947C450C831D8336
:1020000081E0DECFEF92FF920F931F93CF93DF9388
:10201000CDB7DEB76497CDBFDEBF7C01CB01BA017F
:102020008E010F5F1F4F22E044E00E94D23BFC0173
:1020300001900020E9F73197AF01481B590BBC0113
:10204000C7010E94D60F811103C0C7010E944F0F24
:10205000C7016496CDBFDEBFDF91CF911F910F9175
:10206000FF90EF900895EF92FF920F931F93CF93FD
:10207000DF93CDB7DEB72D97CDBFDEBF7C01CB019F
:10208000BA012AE08E010F5F1F4FA8010E944A3C4F
:10209000F80101900020E9F73197AF01401B510B87
:1020A000B801C7010E94D60F811103C0C7010E9469
:1020B0004F0FC7012D96CDBFDEBFDF91CF911F918E
:1020C0000F91FF90EF900895EF92FF920F931F935F
:1020D000CF93DF93CDB7DEB72897CDBFDEBF7C01AE
:1020E000CB014AE08E010F5F1F4FB8010E941B3CDD
:1020F000F80101900020E9F73197AF01401B510B27
:10210000B801C7010E94D60F811103C0C7010E9408
:102110004F0FC7012896CDBFDEBFDF91CF911F9132
:102120000F91FF90EF900895CF93DF93EC01FB01A7
:1021300001900020E9F73197AF01461B570B0E9431
:10214000D60F811103C0CE010E944F0FCE01DF9147
:10215000CF910895CF93DF93EC01FB01448155812A
:10216000608171810E94D60F811103C0CE010E944F
:102170004F0FCE01DF91CF910895EF92FF920F9311
:102180001F93CF93DF93EC017B018A01BA010E9478
:10219000AE0F81110BC0CE010E944F0FCE01DF9117
:1021A000CF911F910F91FF90EF9008950C831D83A5
:1021B000B701888199810E947C45F0CFFB01019095
:1021C0000020E9F73197AF01461B570B0C94BD1067
:1021D000CF93DF93EC01FB018617970749F06081ED
:1021E00071816115710541F0448155810E94BD10D6
:1021F000CE01DF91CF9108950E944F0FF9CFFC01DE
:102200001082118212821382148215820C94E810BB
:10221000FC01108211821282138214821582FB014A
:1022200001900020E9F73197AF01461B570B0C9442
:10223000BD106F927F928F929F92AF92BF92CF927A
:10224000DF92EF92FF920F931F93CF93DF93CDB75F
:10225000DEB74C015B016DB67EB6CB010E94100A61
:10226000082F10E0C80101962DB73EB7281B390B87
:102270002DBF3EBF8DB79EB701966C0175015C0105
:102280009FEFE91AF90AC5018C199D09801791077A
:102290003CF4C7010E94100AF50181935F01F0CF61
:1022A000F601E00FF11F1082B601C4010E9408116F
:1022B000C4016DBE7EBEDF91CF911F910F91FF9043
:1022C000EF90DF90CF90BF90AF909F908F907F90D6
:1022D0006F9008951F93CF93DF93CDB7DEB76897C4
:1022E000CDBFDEBF90E080E00E94100A1CE3819F1A
:1022F000C0011124092E000CAA0BBB0B8093152AD8
:102300009093162AA093172AB093182A84E090E09D
:102310000E94100A819FC0011124092E000CAA0BF3
:10232000BB0B80932A2A90932B2AA0932C2AB0933C
:102330002D2A10921A2A10921B2A10921C2A1092EF
:102340001D2A10921E2A10921F2A1092202A1092E3
:10235000212A1092222A1092232A1092242A1092C3
:10236000252A1092262A1092272A1092282A1092A3
:10237000292A8DE290E00E94100A90E0B0E0A0E0EF
:102380008093452990934629A0934729B0934829E3
:1023900081E390E00E94100A90E0B0E0A0E080931A
:1023A000252990932629A0932729B093282985E3EE
:1023B00090E00E94100A819FC0011124809331296E
:1023C0009093322989E290E00E94100A90E0B0E0F8
:1023D000A0E080930C2990930D29A0930E29B0932F
:1023E0000F2985E390E00E94100A819FC00111240B
:1023F0008093D9289093DA288CE090E00E94100A0C
:10240000682F70E090E080E00E9445402DEC3CECAD
:102410004CEC5DE30E94A44060934C2970934D29DD
:1024200080934E2990934F2988E090E00E94100AF3
:10243000682F70E090E080E00E9445402DEC3CEC7D
:102440004CEC5DE30E94A44060932C2970932D29ED
:1024500080932E2990932F2980E190E00E94100A0A
:10246000682F70E090E080E00E9445402DEC3CEC4D
:102470004CEC5DE30E94A4406093262870932728CB
:10248000809328289093292864E170E0CE0101967A
:102490000E941911CE0101960E94730F072E000CA5
:1024A000880B990B0E9445406093532970935429DF
:1024B000809355299093562969E170E0CE010796E3
:1024C0000E941911CE0107960E94730F072E000C6F
:1024D000880B990B0E94454060932A2870932B2803
:1024E00080932C2890932D286FE170E0CE010D96FB
:1024F0000E94191164E270E0CE0143960E94191106
:10250000CE010D960E94680F60932E2870932F289D
:102510008093302890933128CE0143960E94680F13
:102520006093322870933328809334289093352811
:10253000CE0143960E94610FCE010D960E94610F5D
:10254000CE0107960E94610FCE0101960E94610F95
:102550006896CDBFDEBFDF91CF911F9108958F9216
:102560009F92AF92BF92CF92DF92EF92FF920F9322
:102570001F93CF93DF93EC018B01FB01C480D580C7
:10258000D60111972FEF3FEFB12CA12C90E080E006
:1025900070E060E0A817B9072CF1461757072CF137
:1025A000FC0131967F018C159D0560F4F801808057
:1025B00091808114910431F0F401E80FF91FE0815A
:1025C000EC3219F0A817B90759F46F5F7F4F590122
:1025D000FFEFAF1ABF0A9701A817B90709F09C01CE
:1025E000C701D8CF46175707ECF569012A153B05F7
:1025F00010F06501590167E57CECCE010E940811DD
:10260000F801E480F580CE14DF04D8F4AE14BF04E2
:1026100008F47501F80160817181FB01EE0DFF1D69
:10262000B08010826C0D7D1DCE0161157105B9F071
:102630000E94DE10F80180819181E80EF91EF701F9
:10264000B082CE01DF91CF911F910F91FF90EF905B
:10265000DF90CF90BF90AF909F908F9008950E9491
:102660004F0FE8CF67E57CECCE010E940811E9CF5F
:102670000F931F93CF93DF938C01EB0188E2FB0153
:1026800011928A95E9F74BE050E064E37CECCE01CF
:102690000E9483451B8681E090E0A0E0B0E08C873B
:1026A0009D87AE87BF87F80183819481092E000C36
:1026B000AA0BBB0B888B998BAA8BBB8B8DE090E010
:1026C000A0E0B0E08C8B9D8BAE8BBF8B1CA21DA2BB
:1026D0001EA21FA280E090E0A0E2B2EC8C8F9D8F42
:1026E000AE8FBF8F80E090E0AAEAB2E4888F998F26
:1026F000AA8FBB8F8AE999E9A9E9BEE388A399A3C8
:10270000AAA3BBA3DF91CF911F910F9108950F93BF
:102710001F93CF93DF938C01EB0188E2FB011192B1
:102720008A95E9F74BE050E06DE37CECCE010E9426
:1027300083451B8681E090E0A0E0B0E08C879D8718
:10274000AE87BF87F80183819481092E000CAA0B04
:10275000BB0B888B998BAA8BBB8B8CE090E0A0E0A5
:10276000B0E08C8B9D8BAE8BBF8B1CA21DA21EA2DA
:102770001FA21C8E1D8E1E8E1F8E80E090E0A8EC86
:10278000B2E4888F998FAA8FBB8F80E090E0A0E0A1
:10279000B0E488A399A3AAA3BBA3DF91CF911F9113
:1027A0000F9108954F925F926F927F929F92AF9296
:1027B000BF92CF92DF92EF92FF920F931F93CF932E
:1027C000DF93CDB7DEB76A97CDBFDEBF8C017B014B
:1027D0006A010E9423072B013C0180E48A8FD80103
:1027E0001C968D919C91FC0124813581232BA9F4A9
:1027F000912C892D6A96CDBFDEBFDF91CF911F91BD
:102800000F91FF90EF90DF90CF90BF90AF909F908F
:102810007F906F905F904F90089520812093462B7A
:102820001092052B1092472B21E041E050E0BE01B1
:10283000665E7F4F0E94E8088823D1F264E170E071
:1028400080E090E00E94F306F80184859585188A5F
:10285000198A1A8A1B8A89839A831B821C8281E0C7
:102860008A871F8218861B8686E0898746E0BE011C
:102870006C5E7F4FCE0101960E94FC0C982E88233F
:1028800009F4B6CFAC88BD88BA24AB24BA24C501FC
:102890000E9429089E899813ABCFB50190E080E093
:1028A0000E94434020E03FEF4FE757E40E941D4263
:1028B00020E030E045E253E40E94A44020E030E014
:1028C00040E252E40E94B041D8016D937D938D9314
:1028D0009C931397AF88B88CBA24AB24BA24C50153
:1028E0000E942908998D981384CFB50190E080E06B
:1028F0000E94434020E03FEF4FE757E40E941D4213
:1029000020E030E048EC52E40E94A440F8016483E7
:10291000758386839783C114D10481F1F6013496BF
:1029200080E2DF011D928A95E9F784E290E0A0E061
:10293000B0E0F60180839183A283B383D8011A9615
:102940008D919C91B0E0A0E084839583A683B783AA
:102950008DE090E0A0E0B0E080879187A287B38708
:10296000408A518A628A738AF80180819181A281AA
:10297000B381F601848B958BA68BB78BE114F104A0
:1029800009F437CFF701349680E2DF011D928A9572
:10299000E9F784E290E0A0E0B0E0F7018083918362
:1029A000A283B383D80118968D919C91B0E0A0E0EA
:1029B00084839583A683B7838DE090E0A0E0B0E0A8
:1029C00080879187A287B387408A518A628A738AF7
:1029D000F80184819581A681B781F701848B958B5D
:1029E000A68BB78B06CFAB0170E060E0FC01858160
:1029F00096810E94D21381E0089550E040E0FC01EE
:102A0000858196810E94D21381E008952F923F9292
:102A10004F925F926F927F928F929F92AF92BF92EE
:102A2000CF92DF92EF92FF920F931F93CF93DF939A
:102A3000CDB7DEB7C250D140CDBFDEBFA8958E0165
:102A40000F5F1F4F180188EE9CE20E943403CF52A3
:102A5000DF4F88839983C15DD040892B11F40C949A
:102A6000892488EE9CE20E9412038C0189831A82D9
:102A700041E050E0B10182E59EE20E94D60F0A30AB
:102A8000110509F72091562E3091572E2093022AD6
:102A90003093032A6091522E7091532E4091002A58
:102AA0005091012A90E080E082179307F4F140935F
:102AB000002A5093012A10E000E0E090002AF090F4
:102AC000012A62E57EE20E151F050CF042C0CE0120
:102AD00089569F4F0E94FF10A801BE0169567F4F83
:102AE000C1010E94AF12CE0189569F4F0E94610F13
:102AF000C1010E94680F9B01AC016091FC2970919B
:102B0000FD298091FE299091FF290E94B141609397
:102B1000FC297093FD298093FE299093FF29C10120
:102B20000E94610F0F5F1F4FC8CF8217930730F4C9
:102B3000FB01E80FF91F6115710521F4109225289A
:102B4000E5E2F8E2E081EC3211F44F5F5F4F01966D
:102B5000ABCFC1010E94FF10A701B101CE01895482
:102B60009F4F0E94AF12C1010E94610FCE01895494
:102B70009F4F0E94680F6B017C0120E030E040E233
:102B800051E46091FC297091FD298091FE2990917A
:102B9000FF290E94B141A70196010E943E40811188
:102BA0000C94642462E57EE2C1010E94FF1041E0C2
:102BB00050E0B101CE018F549F4F0E94AF12C1016E
:102BC0000E94610FCE018F549F4F0E94730F60933C
:102BD000FA297093FB296B30710509F039C3009114
:102BE000302A1091312A4090A1295090A22960905A
:102BF000A3297090A42920919D2930919E2940916C
:102C00009F295091A029C753DF4F288339834A83D6
:102C10005B83C95CD0404091992950919A29609179
:102C20009B2970919C29CF52DF4F488359836A8337
:102C30007B83C15DD0406091712970917229809130
:102C4000732990917429CB52DF4F688379838A83EB
:102C50009B83C55DD0408091652990916629A091A4
:102C60006729B0916829C352DF4F88839983AA836B
:102C7000BB83CD5DD04020915C2930915D2940918E
:102C80005E2950915F29C752DF4F288339834A83D9
:102C90005B83C95DD040E0906F29F0907029CF51DF
:102CA000DF4FE882F982C15ED040E0906D29F0905C
:102CB0006E29CB51DF4FE882F982C55ED040E090AB
:102CC0006B29F0906C29C751DF4FE882F982C95E09
:102CD000D040E0906929F0906A29C351DF4FE88223
:102CE000F982CD5ED0408090ED2A9090EE2AA0909F
:102CF000EF2AB090F02AE0901328F0901428CF50DB
:102D0000DF4FE882F982C15FD040E0900129F09066
:102D10000229CB50DF4FE882F982C55FD040E090B6
:102D20001029F0901129C950DF4FE882F982C75F5E
:102D3000D040E090F628F090F728C550DF4FE882A9
:102D4000F982CB5FD040E0902929F0902A29C35026
:102D5000DF4FE882F982CD5FD040E0904929F090C2
:102D60004A29C150DF4FE882F982CF5FD040E0901E
:102D7000FC2AF090FD2ACF5FDE4FE882F982C15035
:102D8000D140B801012E000C880B990B0E944540E0
:102D9000A30192010E94B141C753DF4F28813981BD
:102DA0004A815B81C95CD0400E94B141CF52DF4F64
:102DB000288139814A815B81C15DD0400E94B14147
:102DC000CB52DF4F288139814A815B81C55DD0407C
:102DD0000E94B141C352DF4F288139814A815B8112
:102DE000CD5DD0400E94B141C752DF4F288139816B
:102DF0004A815B81C95DD0400E94B1416B017C0179
:102E0000CF51DF4F28813981C15ED040B901330FE6
:102E1000880B990B0E9445409B01AC01C701B6018C
:102E20000E94B1416B017C01CB51DF4F4881598138
:102E3000C55ED040BA01550F880B990B0E944540E2
:102E40009B01AC01C701B6010E94B1416B017C013D
:102E5000C751DF4FA881B981C95ED040BD01BB0F0A
:102E6000880B990B0E9445409B01AC01C701B6013C
:102E70000E94B1416B017C01C351DF4FE881F981B0
:102E8000CD5ED040BF01FF0F880B990B0E944540DB
:102E90009B01AC01C701B6010E94B14120E030E0C6
:102EA00040EA52E40E94B1416B017C01C501B401CA
:102EB0000E9445409B01AC01C701B6010E94B1418F
:102EC0006B017C01CF50DF4F28813981C15FD04039
:102ED000B901330F880B990B0E9445409B01AC014F
:102EE000C701B6010E94B1416B017C01CB50DF4F9D
:102EF00048815981C55FD040BA01550F880B990BA5
:102F00000E9445409B01AC01C701B6010E94B1413E
:102F10006B017C01C950DF4FA881B981C75FD040E8
:102F2000BD01BB0F880B990B0E9445409B01AC0172
:102F3000C701B6010E94B1416B017C01C550DF4F52
:102F4000E881F981CB5FD040BF01FF0F880B990B5F
:102F50000E9445409B01AC01C701B6010E94B141EE
:102F60006B017C01C350DF4F28813981CD5FD04098
:102F7000B901330F880B990B0E9445409B01AC01AE
:102F8000C701B6010E94B1416B017C01C150DF4F06
:102F900048815981CF5FD040BA01550F880B990BFA
:102FA0000E9445409B01AC01C701B6010E94B1419E
:102FB0006B017C01CF5FDE4FA881B981C150D14048
:102FC000BD01BB0F880B990B0E9445409B01AC01D2
:102FD000C701B6010E94B14120E030E040E251E477
:102FE0000E94B1416B017C01C092F629D092F72971
:102FF000E092F829F092F92967E57CECCE01815640
:103000009F4F0E940811BE0161567F4FCE01895625
:103010009F4F0E94FF10B301A201CE0189569F4F1E
:103020000E94021066E47CEC0E949410B8010E9499
:10303000641066E47CEC0E949410C753DF4F488113
:1030400059816A817B81C95CD0400E94021066E48C
:103050007CEC0E949410CF52DF4F488159816A81E5
:103060007B81C15DD0400E94021066E47CEC0E942E
:103070009410CB52DF4F488159816A817B81C55DB5
:10308000D0400E94021066E47CEC0E949410C3526F
:10309000DF4F488159816A817B81CD5DD0400E949C
:1030A000021066E47CEC0E949410C752DF4F488106
:1030B00059816A817B81C95DD0400E94021066E41B
:1030C0007CEC0E949410CF51DF4F68817981C15E02
:1030D000D0400E94641066E47CEC0E949410CB51B6
:1030E000DF4F68817981C55ED0400E94641066E43C
:1030F0007CEC0E949410C751DF4F68817981C95ED2
:10310000D0400E94641066E47CEC0E949410C3518D
:10311000DF4F68817981CD5ED0400E94641066E403
:103120007CEC0E94941060E570E00E94641066E4FC
:103130007CEC0E9494108C012AE0A101C501B4012D
:103140000E94263CF10101900020E9F73197AF0180
:1031500042195309B101C8010E94D60F811103C061
:10316000C8010E944F0F66E47CECC8010E949410D5
:10317000CF50DF4F68817981C15FD0400E946410D9
:1031800066E47CEC0E949410CB50DF4F688179811B
:10319000C55FD0400E94641066E47CEC0E949410ED
:1031A000C950DF4F68817981C75FD0400E946410A9
:1031B00066E47CEC0E949410C550DF4F68817981F1
:1031C000CB5FD0400E94641066E47CEC0E949410B7
:1031D000C350DF4F68817981CD5FD0400E94641079
:1031E00066E47CEC0E949410C150DF4F68817981C5
:1031F000CF5FD0400E94641066E47CEC0E94941083
:10320000CF5FDE4F68817981C150D1400E94641048
:1032100066E47CEC0E949410B701A6010E940210A3
:1032200066E47CEC0E9494106BE070E00E946410F5
:1032300066E57CEC0E9494100E94E102CE01895662
:103240009F4F0E94610FCE0181569F4F0E94610FD8
:103250008091FA299091FB29819709F046C080E07E
:1032600090E0A0EDB1E48093F6299093F729A09324
:10327000F829B093F92967E57CECCE0189569F4F78
:103280000E940811BE0169567F4FC1010E94FF10C4
:1032900061E070E0C1010E94641066E47CEC0E9471
:1032A00094106FE070E00E94641066E47CEC0E9471
:1032B000941040E050E060ED71E40E94021066E47A
:1032C0007CEC0E94941061E270E00E94641066E55C
:1032D0007CEC0E9494100E94E102C1010E94610FE7
:1032E000CE0189569F4F0E94610F8091FA299091DB
:1032F000FB29C79709F075C200912A2A10912B2A41
:1033000020912C2A30912D2A4090152A5090162A6F
:103310006090172A7090182A40912C2950912D29DD
:1033200060912E2970912F29C753DF4F488359830D
:103330006A837B83C95CD04060914C2970914D2990
:1033400080914E2990914F29CF52DF4F6883798326
:103350008A839B83C15DD040809126289091272845
:10336000A0912828B0912928CB52DF4F88839983D8
:10337000AA83BB83C55DD040409153295091542905
:103380006091552970915629C352DF4F4883598364
:103390006A837B83CD5DD04060912A2870912B2871
:1033A00080912C2890912D28C752DF4F6883798314
:1033B0008A839B83C95DD04080912E2890912F28CD
:1033C000A0913028B0913128CF51DF4F8883998365
:1033D000AA83BB83C15ED0404091322850913328EC
:1033E0006091342870913528CB51DF4F4883598341
:1033F0006A837B83C55ED04060910C2970910D2952
:1034000080910E2990910F29C751DF4F68837983EE
:103410008A839B83C95ED04080912529909126297B
:10342000A0912729B0912829C351DF4F8883998320
:10343000AA83BB83CD5ED040409145295091462957
:103440006091472970914829CF50DF4F48835983B5
:103450006A837B83C15FD04080913129909132296A
:103460006CE370E00E94CA42CB50DF4F68837983DF
:10347000C55FD0408CE3C82ED12CE12CF12CC901C2
:10348000B801A70196010E94DE4249015A01C30119
:10349000B201A70196010E94DE42C501B401620F8C
:1034A000731F841F951F0E944340C753DF4F28811D
:1034B00039814A815B81C95CD0400E94B141CF52C1
:1034C000DF4F288139814A815B81C15DD0400E94F4
:1034D000B141CB52DF4F288139814A815B81C55D83
:1034E000D0400E94B141C352DF4F288139814A81C7
:1034F0005B81CD5DD0400E94B141C752DF4F288132
:1035000039814A815B81C95DD0400E94B141CF5170
:10351000DF4F288139814A815B81C15ED0400E94A2
:10352000B141CB51DF4F288139814A815B81C55E32
:10353000D0400E94B1414B015C01C751DF4F68810F
:1035400079818A819B81C95ED0400E9443409B0162
:10355000AC01C501B4010E94B1414B015C01C351F2
:10356000DF4F688179818A819B81CD5ED0400E9446
:1035700043409B01AC01C501B4010E94B1414B0124
:103580005C01CF50DF4F688179818A819B81C15F67
:10359000D0400E9443409B01AC01C501B4010E9490
:1035A000B1414B015C01CB50DF4F08811981C55FF0
:1035B000D040B801110F880B990B0E9445409B0128
:1035C000AC01C501B4010E94B14120E030E040E20D
:1035D00051E40E94B1414B015C018092F629909226
:1035E000F729A092F829B092F9292091152A309153
:1035F000162A4091172A5091182AC950DF4F288364
:1036000039834A835B83C75FD04040902A2A509019
:103610002B2A60902C2A70902D2A67E57CECCE0135
:1036200089569F4F0E940811BE0169567F4FC10104
:103630000E94FF10C301B201A70196010E94DE4261
:10364000BA01A901C1010E94331066E47CEC0E941A
:1036500094108C01C950DF4F688179818A819B81E8
:10366000C75FD040A70196010E94DE42BA01A901BE
:10367000C8010E94331066E47CEC0E949410C7538A
:10368000DF4F488159816A817B81C95CD0400E94AB
:10369000021066E47CEC0E949410CF52DF4F488108
:1036A00059816A817B81C15DD0400E94021066E42D
:1036B0007CEC0E949410CB52DF4F488159816A8183
:1036C0007B81C55DD0400E94021066E47CEC0E94C4
:1036D0009410C352DF4F488159816A817B81CD5D4F
:1036E000D0400E94021066E47CEC0E949410C75205
:1036F000DF4F488159816A817B81C95DD0400E943A
:10370000021066E47CEC0E949410CF51DF4F488198
:1037100059816A817B81C15ED0400E94021066E4BB
:103720007CEC0E949410CB51DF4F488159816A8113
:103730007B81C55ED0400E94021066E47CEC0E9452
:103740009410C751DF4F488159816A817B81C95EDE
:10375000D0400E94331066E47CEC0E949410C35168
:10376000DF4F488159816A817B81CD5ED0400E94C4
:10377000331066E47CEC0E949410CF50DF4F4881F8
:1037800059816A817B81C15FD0400E94331066E419
:103790007CEC0E949410CB50DF4F68817981C55F2B
:1037A000D0400E94641066E47CEC0E949410B50145
:1037B000A4010E94021066E47CEC0E94941067E36E
:1037C00070E00E94641066E57CEC0E9494100E94F8
:1037D000E102C1010E94610FCE0189569F4F0E94F4
:1037E000610F8091FA299091FB298D34910519F48C
:1037F000F0E0E0E009958091FA299091FB29833669
:10380000910509F0F8C080902E2A90902F2AA09060
:10381000122AB090132AC090102AD090112AE0905A
:103820000E2AF0900F2A0091EB2A1091EC2A209199
:103830000C2A30910D2AC753DF4F28833983C95C86
:10384000D04040910A2A50910B2ACF52DF4F488333
:103850005983C15DD0406091042A7091052ACB52F2
:10386000DF4F68837983C55DD0408091082A9091AD
:10387000092AC352DF4F88839983CD5DD040A09140
:10388000062AB091072AC752DF4FA883B983C95DC2
:10389000D040B4016A0D7B1D6C0D7D1D6E0D7F1D2A
:1038A000600F711F620F731F640F751FCB52DF4FC4
:1038B000E881F981C55DD0406E0F7F1F680F791FC9
:1038C0006A0F7B1F665F7F4F072E000C880B990BDA
:1038D0000E9445402B013C014092F6295092F72965
:1038E0006092F8297092F92967E57CECCE0189563F
:1038F0009F4F0E940811BE0169567F4FC1010E946F
:10390000FF10B401C1010E94641066E47CEC0E94C7
:103910009410B5010E94641066E47CEC0E9494103F
:10392000B6010E94641066E47CEC0E949410B7011A
:103930000E94641066E47CEC0E949410B8010E941E
:10394000641066E47CEC0E949410C753DF4F6881DA
:103950007981C95CD0400E94641066E47CEC0E94CE
:103960009410CF52DF4F68817981C15DD0400E94B1
:10397000641066E47CEC0E949410CB52DF4F6881A7
:103980007981C55DD0400E94641066E47CEC0E94A1
:103990009410C352DF4F68817981CD5DD0400E9481
:1039A000641066E47CEC0E949410C752DF4F68817B
:1039B0007981C95DD0400E94641066E47CEC0E946D
:1039C0009410B301A2010E94021066E47CEC0E94F4
:1039D000941063E670E00E94641066E57CEC0E943F
:1039E00094100E94E102C1010E94610FCE0189562C
:1039F0009F4F0E94610F8091FA299091FB29892B9A
:103A000009F0CDC162E57EE2C1010E94FF1042E0F3
:103A100050E0B101CE0189569F4F0E94AF12C10103
:103A20000E94610F62E57EE2CE0181569F4F0E94A7
:103A3000FF1043E050E0BE0161567F4FC1010E947C
:103A4000AF12CE0181569F4F0E94610FCE01895661
:103A50009F4F0E94730F8B016093F4297093F52997
:103A6000C1010E94730F6093F2297093F329012B17
:103A700009F074C0672B09F01AC21092F12981E095
:103A80008093F029109212280E9423078B019C0139
:103A90006093E8291093E9298093EA293093EB2970
:103AA0001092EC291092ED291092EE291092EF2934
:103AB0006093E0291093E1298093E2293093E32970
:103AC0001092E4291092E5291092E6291092E72934
:103AD0006093D8291093D9298093DA293093DB2970
:103AE0001092DC291092DD291092DE291092DF2934
:103AF0006093D0291093D1298093D2293093D32970
:103B00001092D4291092D5291092D6291092D72933
:103B100067E57CECCE0181569F4F0E940811BE01E3
:103B200061567F4FCE018B559F4F0E94FF1064E37B
:103B30007EE2CE018B559F4F0E94AA1066E57CEC79
:103B40000E9494100E94E102CE018B559F4F0E946B
:103B5000610FCE0181569F4F0E94610F8091F42921
:103B60009091F529019799F58091F2299091F32987
:103B7000892B09F0A0C160E088E00E94190510922D
:103B8000CF2967E57CECCE0181569F4F0E9408113A
:103B9000BE0161567F4FCE018B559F4F0E94FF1093
:103BA00064E37EE2CE018B559F4F0E94AA1066E52A
:103BB0007CEC0E9494100E94E102CE018B559F4F35
:103BC0000E94610FCE0181569F4F0E94610F80912C
:103BD000F4299091F529029789F58091F229909125
:103BE000F32960E0892B09F061E087E00E94190564
:103BF00067E57CECCE0181569F4F0E940811BE0103
:103C000061567F4FCE018B559F4F0E94FF1064E39A
:103C10007EE2CE018B559F4F0E94AA1066E57CEC98
:103C20000E9494100E94E102CE018B559F4F0E948A
:103C3000610FCE0181569F4F0E94610F8091F42940
:103C40009091F5290397A9F58091F2299091F32994
:103C5000892B09F038C160E083E00E94190560E01B
:103C600084E00E94190567E57CECCE0181569F4FE8
:103C70000E940811BE0161567F4FCE018B559F4FA8
:103C80000E94FF1064E37EE2CE018B559F4F0E949D
:103C9000AA1066E57CEC0E9494100E94E102CE011D
:103CA0008B559F4F0E94610FCE0181569F4F0E94FE
:103CB000610F8091F4299091F529049789F58091FD
:103CC000F2299091F32960E0892B09F061E085E009
:103CD0000E94190567E57CECCE0181569F4F0E943A
:103CE0000811BE0161567F4FCE018B559F4F0E9438
:103CF000FF1064E37EE2CE018B559F4F0E94AA1015
:103D000066E57CEC0E9494100E94E102CE018B5586
:103D10009F4F0E94610FCE0181569F4F0E94610FFD
:103D20008091F4299091F529059789F58091F229E0
:103D30009091F32960E0892B09F061E086E00E9410
:103D4000190567E57CECCE0181569F4F0E94081152
:103D5000BE0161567F4FCE018B559F4F0E94FF10D1
:103D600064E37EE2CE018B559F4F0E94AA1066E568
:103D70007CEC0E9494100E94E102CE018B559F4F73
:103D80000E94610FCE0181569F4F0E94610FC101B9
:103D90000E94610FCE0189569F4F0E94610FC09013
:103DA000FA29D090FB29F1E0CF16D10409F0B2C175
:103DB00062E57EE2C1010E94FF1042E050E0B101E5
:103DC000CE0189569F4F0E94AF12C1010E94610F20
:103DD00062E57EE2CE0181569F4F0E94FF1043E0D4
:103DE00050E0BE0161567F4FC1010E94AF12CE016B
:103DF00081569F4F0E94610FCE0189569F4F0E94AE
:103E0000730F8B016093CD297093CE29C1010E945D
:103E1000730F7B016093CB297093CC290F3F110561
:103E200009F070C0672B09F054C060E086E20E9480
:103E3000190560E087E20E94190560E080E00E94B9
:103E4000190560E081E00E94190560E082E00E94AF
:103E500019058FE996E8A1E0B0E08093ED2A9093F0
:103E6000EE2AA093EF2AB093F02A0530110509F04D
:103E7000ADC08091082890910928EF2809F031C140
:103E8000019709F0A3C060E082E00E94190510923A
:103E90000828109209288091ED2A9091EE2AA0918D
:103EA000EF2AB091F02A0896A11DB11D87C081E0CC
:103EB0008093F1292DCE61E088E00E94190581E010
:103EC0008093CF295ECE61E083E00E94190561E016
:103ED000C7CE61E086E20E94190561E087E20E9498
:103EE000190561E080E00E94190561E081E00E940F
:103EF000190561E082E00E94190587E69BE2A0E0D7
:103F0000B0E0ABCF01301105B9F580911028909148
:103F10001128E114F104C1F4019709F0A6CF60E083
:103F200086E20E94190510921028109211288091A3
:103F3000ED2A9091EE2AA091EF2AB091F02A8058B4
:103F4000974CAE4FBF4F89CF892B09F08ECF61E0E0
:103F500086E20E9419050093102810931128809181
:103F6000ED2A9091EE2AA091EF2AB091F02A805884
:103F70009843A140B10971CF0230110511F00C94A2
:103F80005B3580910E2890910F28EF2809F044C0EE
:103F90000197E1F460E087E20E94190510920E2873
:103FA00010920F288091ED2A9091EE2AA091EF2A8D
:103FB000B091F02A805C904EAF4FBF4F8093ED2AB6
:103FC0009093EE2AA093EF2AB093F02AC1010E94A9
:103FD000610FCE0189569F4F0E94610F67E57CEC0F
:103FE00082E59EE20E94DE10CE018F549F4F0E9418
:103FF000610F1092FC291092FD291092FE29109257
:10400000FF291092002A1092012ACE0189549F4F55
:104010000E94610F0C942315892BC1F661E087E2A1
:104020000E941905C0920E28D0920F288091ED2A87
:104030009091EE2AA091EF2AB091F02A80549F41EE
:10404000A109B109BBCF80910C2890910D28EF28D0
:10405000C1F4019709F0BACF60E080E00E94190531
:1040600010920C2810920D288091ED2A9091EE2A42
:10407000A091EF2AB091F02A805E9C4FAF4FBF4FC6
:104080009DCF892B09F0A2CF61E080E00E94190545
:10409000C0920C28D0920D288091ED2A9091EE2AA2
:1040A000A091EF2AB091F02A80529340A109B10962
:1040B00085CF892B09F08ACF61E081E00E94190544
:1040C000C0920A28D0920B288091ED2A9091EE2A76
:1040D000A091EF2AB091F02A80559109A109B10968
:1040E0006DCF892B09F072CF61E082E00E94190543
:1040F00081E090E080930828909309288091ED2A30
:104100009091EE2AA091EF2AB091F02A0897A10988
:10411000B10954CF02E0C016D10409F05FCF62E5C7
:104120007EE2C1010E94FF1042E050E0B101CE01E9
:1041300085559F4F0E94AF12C1010E94610FCE01B1
:1041400085559F4F0E94730F6093C9297093CA29A8
:10415000672B11F40E946A118091C9299091CA2994
:10416000019709F08EC062E57EE2C1010E94FF1056
:1041700043E050E0B101CE0189569F4F0E94AF123B
:10418000C1010E94610F62E57EE2CE0181569F4F20
:104190000E94FF1044E050E0BE0161567F4FC10114
:1041A0000E94AF12CE0181569F4F0E94610FCE0137
:1041B00089569F4F0E94730FC62EE62EF72EE0926F
:1041C000C729F092C829C1010E94730FD62E062F6D
:1041D000172F0093C5291093C6298091C329909168
:1041E000C429E816F90609F05CC38091C1299091B1
:1041F000C2290817190709F054C3109207286C2D1B
:1042000090E080E00E94BF096D2D84E090E00E9464
:10421000BF09E092C329F092C4290093C1291093E9
:10422000C22967E57CECCE0181569F4F0E940811A0
:10423000BE0161567F4FCE018B559F4F0E94FF10EC
:1042400064E37EE2CE018B559F4F0E94AA1066E583
:104250007CEC0E9494100E94E102CE018B559F4F8E
:104260000E94610FCE0181569F4F0E94610F0E94F4
:104270006A11C1010E94610FCE0189569F4F0E94B1
:10428000610F8091C9299091CA29029709F0FFC056
:1042900062E57EE2C1010E94FF1043E050E0B101FF
:1042A000CE0181569F4F0E94AF12C1010E94610F43
:1042B00062E57EE2C1010E94FF1044E050E0B101DE
:1042C000CE0189569F4F0E94AF12C1010E94610F1B
:1042D00062E57EE2CE018B559F4F0E94FF1045E0C4
:1042E00050E0BE016B557F4FC1010E94AF12CE015D
:1042F0008B559F4F0E94610FCE0181569F4F0E94A8
:10430000680F6B017C01CE0189569F4F0E94680F98
:10431000C753DF4F688379838A839B83C95CD0400E
:10432000C1010E94680F2B013C0120E030E040E217
:1043300051E4C701B6010E94A4400E948F42B62EEC
:10434000872EE62EF72E862F982D8093BF299093E7
:10435000C02920E030E040E251E4C753DF4F6881DC
:1043600079818A819B81C95CD0400E94A4400E94CF
:104370008F42C62E972E062F172F862F992D8093AA
:10438000BD299093BE2920E030E040E251E4C30112
:10439000B2010E94A4400E948F42D62EA72E262F43
:1043A000372F862F9A2D8093BB299093BC2980911B
:1043B000B9299091BA29E816F90609F076C28091D8
:1043C000B7299091B8290817190709F06EC2809192
:1043D000B5299091B6292817390709F066C21092BD
:1043E00007286B2D88E090E00E94BF096C2D8CE0BF
:1043F00090E00E94BF096D2D80E190E00E94BF090E
:104400008B2D982D8093B9299093BA298C2D992DB5
:104410008093B7299093B8298D2D9A2D8093B52933
:104420009093B62967E57CECCE018B559F4F0E9497
:104430000811BE016B557F4FCE0183549F4F0E94E0
:10444000FF1064E37EE2CE0183549F4F0E94AA10C6
:1044500066E57CEC0E9494100E94E102CE01835438
:104460009F4F0E94610FCE018B559F4F0E94610F9D
:104470000E946A11C1010E94610FCE0189569F4FAF
:104480000E94610FCE0181569F4F0E94610F809163
:10449000C9299091CA29039709F080C062E57EE29C
:1044A000C1010E94FF1043E050E0B101CE018956E6
:1044B0009F4F0E94AF12C1010E94610F62E57EE230
:1044C000CE0181569F4F0E94FF1044E050E0BE0194
:1044D00061567F4FC1010E94AF12CE0181569F4F9E
:1044E0000E94610F60E47EE2CE0189569F4F0E94D8
:1044F0007E0F882309F4DDC16AE37EE2C1010E94D8
:104500007E0F882309F4D5C110920728BE01695691
:104510007F4F84E190E00E94D809B10189E190E0E9
:104520000E94D809BE0169567F4F80E49EE20E9436
:10453000E810B1018AE39EE20E94E81067E57CEC96
:10454000CE0181569F4F0E940811BE0161567F4FD8
:10455000CE018B559F4F0E94FF1064E37EE2CE0197
:104560008B559F4F0E94AA1066E57CEC0E94941028
:104570000E94E102CE018B559F4F0E94610FCE0138
:1045800081569F4F0E94610F0E946A11C1010E94D3
:10459000610FCE0189569F4F0E94610F8091C929FA
:1045A0009091CA29049709F07FC062E57EE2C101BB
:1045B0000E94FF1043E050E0B101CE0189569F4FA9
:1045C0000E94AF12C1010E94610F62E57EE2CE013E
:1045D00081569F4F0E94FF1044E050E0BE0161569B
:1045E0007F4FC1010E94AF12CE0181569F4F0E94A2
:1045F000610F6CE47EE2CE0189569F4F0E947E0FD0
:10460000882339F066E47EE2C1010E947E0F8111A9
:1046100054C181E080930728BE0169567F4F8FE126
:1046200090E00E94D809B10184E290E00E94D8098C
:10463000BE0169567F4F8CE49EE20E94E810B101F2
:1046400086E49EE20E94E81067E57CECCE0181568C
:104650009F4F0E940811BE0161567F4FCE018B55BE
:104660009F4F0E94FF1064E37EE2CE018B559F4F67
:104670000E94AA1066E57CEC0E9494100E94E10260
:10468000CE018B559F4F0E94610FCE0181569F4FE7
:104690000E94610F0E946A11C1010E94610FCE0148
:1046A00089569F4F0E94610F8091C9299091CA2914
:1046B000059709F0F2C062E57EE2C1010E94FF1099
:1046C00043E050E0B101CE018B559F4F0E94AF12E5
:1046D000C1010E94610F62E57EE2C1010E94FF10EC
:1046E00044E050E0B101CE0181569F4F0E94AF12CD
:1046F000C1010E94610F62E57EE2C1010E94FF10CC
:1047000045E050E0B101CE0189569F4F0E94AF12A3
:10471000C1010E94610F62E57EE2CE0183549F4F8A
:104720000E94FF1046E050E0BE0163547F4FC1017C
:104730000E94AF12CE0183549F4F0E94610FCE01A1
:104740008B559F4F0E94730F662EA62EB72EA092F8
:10475000B329B092B429CE0181569F4F0E94730FA6
:10476000762EC62ED72EC092B129D092B229CE0174
:1047700089569F4F0E94730F862EE62EF72EE092E9
:10478000AF29F092B029C1010E94730F962E062F17
:10479000172F0093AD291093AE298091AB299091EA
:1047A000AC29A816B90609F08BC08091A92990916F
:1047B000AA29C816D90609F083C08091A72990912B
:1047C000A829E816F90609F07BC08091A5299091E7
:1047D000A6290817190709F073C010920728662D3B
:1047E00089E290E00E94BF09672D8DE290E00E946F
:1047F000BF09682D81E390E00E94BF09692D85E320
:1048000090E00E94BF09A092AB29B092AC29C0925F
:10481000A929D092AA29E092A729F092A829009369
:10482000A5291093A62967E57CECCE0183549F4F00
:104830000E940811BE0163547F4FCE018D539F4FDC
:104840000E94FF1064E37EE2CE018D539F4F0E94D1
:10485000AA1066E57CEC0E9494100E94E102CE0151
:104860008D539F4F0E94610FCE0183549F4F0E9432
:10487000610F0E946A11C1010E94610FCE01895629
:104880009F4F0E94610FCE0181569F4F0E94610F82
:10489000CE018B559F4F0E94610FCE0185559F4FD2
:1048A0009BCB81E080930728AACC81E080930728E6
:1048B00098CD81E08093072829CE10920728ACCEAE
:1048C00081E0809307288BCF67E57CEC82E59EE250
:1048D0000E94DE1067E57CECC1010E940811B10165
:1048E000CE0189569F4F0E94FF106EE27EE2CE01FC
:1048F00089569F4F0E94AA1066E57CEC0E94941096
:104900000E94E102CE0189569F4F0E94610FC101B2
:104910006ECBE0917E2EF0917F2E13861586148645
:1049200012861186108617821682158214821382CF
:1049300010927C2E10927D2E4E0117E9810E911C53
:1049400011E0B40180917E2E90917F2E0E947C0C0C
:10495000882309F475C067E0C4010E946007D40190
:1049600017969C9117978913ECCF80917C2E8F5FBF
:1049700080937C2E8C91883231F008F047C08031D2
:1049800011F08232F1F680917D2E8F5F80937D2E23
:104990008091752E811126C080917E2E90917F2E60
:1049A0000E94D00BB40180917E2E90917F2E0E94A8
:1049B000090840E064EB80917E2E90917F2E0E944A
:1049C000D30780917E2E90917F2E0E947707082F2B
:1049D00080917E2E90917F2E0E94D00B011102C0FB
:1049E0001093752EF40180818031D9F0BE016F5F84
:1049F0007F4FC4010E940A0C882331F08D818F33D0
:104A000091F058F48F31C1F080E00EC08B3309F47F
:104A1000BACF823409F095CFB6CF8F3579F08F3782
:104A200099F78CE001C08AE09091782E981708F0F1
:104A300088CF8093782E85CF89E0F6CF8BE0F4CFB6
:104A400080917E2E90917F2E0E94D00B40E06CECE6
:104A500080917E2E90917F2E0E94D3074091752EDB
:104A600064E480917E2E90917F2E0E94D3078091E6
:104A7000792E882321F1E091782E80917A2E882357
:104A800011F40C944E318091752E81110C944E319D
:104A90000E9423076B017C0180917E2E90917F2ED6
:104AA0000E947707813059F00E9423076C197D0915
:104AB0008E099F096E3E72408105910568F3E09171
:104AC0007E2EF0917F2E138615861486128611860F
:104AD000108617821682158214821382B401809187
:104AE0007E2E90917F2E0E947C0C81110C94783147
:104AF00060E070E08EEF92EC6093A1297093A229A0
:104B00008093A3299093A4298EE10E94F005182F89
:104B100081E090E0112311F090E080E08093F12A91
:104B20009093F22A86E10E94F00590E011110C9416
:104B3000CE31892B11F40C94D03182E090E0809337
:104B4000302A9093312A0E9423077B018C0120E0B8
:104B500030E0A901C753DF4F6883C95CD040C6531A
:104B6000DF4FF882CA5CD040C553DF4F8883CB5CEF
:104B7000D040C453DF4F1883CC5CD040C353DF4FC9
:104B80002883CD5CD040C253DF4F3883CE5CD04009
:104B9000C153DF4F4883CF5CD040C053DF4F5883B1
:104BA000C05DD0402091F42A3091F52A4091F62A38
:104BB0005091F72A6091F82A7091F92A8091FA2A87
:104BC0009091FB2A28573C4E4F4F5F4F6F4F7F4FBE
:104BD0008F4F9F4F59016A017B018C01C753DF4FF3
:104BE0002881C95CD040C653DF4F3881CA5CD040B1
:104BF000C553DF4F4881CB5CD040C453DF4F588151
:104C0000CC5CD04060E070E080E090E00E945943CE
:104C100050F12093F42A3093F52A4093F62A5093CA
:104C2000F72A1092F82A1092F92A1092FA2A109272
:104C3000FB2A80913A2890913B2869E470E00E9419
:104C4000CA42072E000C880B990B0E9445406093C6
:104C500036287093372880933828909339281092FB
:104C60003A2810923B2820E030E040E451E4609183
:104C700036287091372880913828909139280E94E1
:104C8000A44060939D2970939E2980939F299093BF
:104C9000A0298091F32A882311F40C94DA314CE393
:104CA00058E265E779E283E69EE20E94D2138091A2
:104CB000502890915128A0915228B0915328809368
:104CC000992990939A29A0939B29B0939C2980912C
:104CD000892990918A29A0918B29B0918C29809360
:104CE000712990937229A0937329B093742981E25A
:104CF0000E94F00521E030E0882311F030E020E050
:104D000020936F29309370298DE10E94F00521E0F6
:104D100030E0882311F030E020E020936D293093BB
:104D20006E298FE10E94F00521E030E0882311F028
:104D300030E020E020936B2930936C2980E20E94C0
:104D4000F00521E030E0882311F030E020E02093EE
:104D5000692930936A298091F029882309F472C265
:104D600060E08CE00E9419050E9423075B016C0142
:104D70002091E8293091E9294091EA295091EB29C5
:104D80006091EC297091ED298091EE299091EF29A5
:104D900028573C4E4F4F5F4F6F4F7F4F8F4F9F4F66
:104DA00029013A01B62FA72FF82FE92F9501A60167
:104DB00060E070E080E090E052016301EB2EFA2E9B
:104DC0000F2F1E2F0E94594329F020F061E08BE045
:104DD0000E9419050E9423075B016C012091E029C4
:104DE0003091E1294091E2295091E3296091E42931
:104DF0007091E5298091E6299091E7292856354C54
:104E00004F4F5F4F6F4F7F4F8F4F9F4F29013A0199
:104E1000B62FA72FF82FE92F9501A60160E070E0CB
:104E200080E090E052016301EB2EFA2E0F2F1E2F2F
:104E30000E94594309F008F405C2C090B428D090EC
:104E4000B52840906028509061286090622870904A
:104E5000632859E2A52EB12C63E0362E2224239438
:104E6000309206062092080680910B0680FFFCCF48
:104E70002091100630911106C6010196F601EE0F41
:104E8000FF1FEC59F74D20833183D12CC12C883280
:104E9000910509F06C01809164289091652820911A
:104EA000662830916728821793072CF4522F432FDE
:104EB0009C01852F942FE8E6F8E2E12CF12C870184
:104EC00041915191CB52DF4F48835983C55DD0400A
:104ED0004217530714F00C94E031A901330F660B0D
:104EE000770BE40EF51E061F171FCB52DF4F2881EC
:104EF0003981C55DD040B8E2E43BFB0709F7C80142
:104F0000B7010E94454020E030E048E152E40E94B1
:104F10001D4220E030E040EA50E40E94A44020E03E
:104F200030EC4FE754E40E941D4220E030E040E6C0
:104F300050E40E94A4402DEC3CEC4CE45EE30E9463
:104F4000B1417B018C0120E030E0A9010E94C54203
:104F50001816A4F420E030E040E85FE3B701C80190
:104F60000E943E4087FF0AC020E030E040E250E46B
:104F7000B701C8010E94B1412B013C0120E030E0A3
:104F800040E85FE3B701C8010E94C5421816A4F4C7
:104F900020E030E040E050E4B701C8010E943E400C
:104FA00087FF0AC020E030E040E250E4B701C801CA
:104FB0000E94B1412B013C0120E030E040E050E490
:104FC000B701C8010E94C5421816A4F420E030E0E1
:104FD00040E450E4B701C8010E943E4087FF0AC088
:104FE00020E030E040E050E4B701C8010E94B14148
:104FF0002B013C0120E030E040E450E4B701C8015F
:105000000E94C5421816A4F420E030E040E850E4C5
:10501000B701C8010E943E4087FF0AC020E030E08F
:1050200040EC5FE3B701C8010E94B1412B013C0194
:1050300020E030E040E850E4B701C8010E94C542DA
:105040001816A4F420E030E040EA50E4B701C801AB
:105050000E943E4087FF0AC020E030E040E85FE366
:10506000B701C8010E94B1412B013C0120E030E0B2
:1050700040EA50E4B701C8010E94C5421816A4F4E2
:1050800020E030E040EC50E4B701C8010E943E400F
:1050900087FF0AC020E030E040E05FE3B701C801CD
:1050A0000E94B1412B013C0120E030E040EC50E493
:1050B000B701C8010E94C5421816A4F420E030E0F0
:1050C00040EE50E4B701C8010E943E4087FF0AC08D
:1050D0002DEC3CEC4CEC5DE3B701C8010E94B14102
:1050E0002B013C0120E030E040EE50E4B701C80164
:1050F0000E94C542181664F420E030E040E051E41C
:10510000B701C8010E943E4087FF02C02701380155
:1051100020E030E040E051E4B701C8010E94C54200
:105120001816A4F420E030E040E151E4B701C801D2
:105130000E943E4087FF0AC020E030E040E05FE38D
:10514000B701C8010E94B0412B013C0120E030E0D2
:1051500040E151E4B701C8010E94C542181654F459
:1051600020E030E040E85FE3B701C8010E94B041B1
:105170002B013C01E1E0AE1AB10809F071CEC092FA
:10518000B428D092B528C201D301809360289093AF
:105190006128A0936228B093632880936529909337
:1051A0006629A0936729B093682901E010E020E008
:1051B00030E040E05FE3B201C3010E943E4087FD62
:1051C00002C010E000E000930C2A10930D2A809199
:1051D0006429882371F0C201D301809360299093E0
:1051E0006129A0936229B093632910920628109236
:1051F00064291092F02981E0809312280E942307ED
:105200008B019C016093D8291093D9298093DA29C6
:105210003093DB291092DC291092DD291092DE29CF
:105220001092DF296093D0291093D1298093D2293D
:105230003093D3291092D4291092D5291092D629CF
:105240001092D72980911228882309F413C160E0B5
:105250008BE00E9419050E9423075B016C012091DD
:10526000D8293091D9294091DA295091DB296091D0
:10527000DC297091DD298091DE299091DF29285762
:105280003C4E4F4F5F4F6F4F7F4F8F4F9F4F2901C6
:105290003A01B62FA72FF82FE92F9501A60160E05C
:1052A00070E080E090E052016301EB2EFA2E0F2FA8
:1052B0001E2F0E94594329F020F061E08CE00E94EB
:1052C00019050E9423075B016C012091D0293091C0
:1052D000D1294091D2295091D3296091D42970913C
:1052E000D5298091D6299091D7292856354C4F4FF2
:1052F0005F4F6F4F7F4F8F4F9F4F29013A01B62F5E
:10530000A72FF82FE92F9501A60160E070E080E05B
:1053100090E052016301EB2EFA2E0F2F1E2F0E94F8
:10532000594309F008F4A6C0FE013196CF0144E0CC
:1053300051E0409306065093080620910B0620FF8B
:10534000FCCF2091100630911106219331938E16D7
:105350009F0679F720910E2A30910F2A40E050E005
:1053600068EC71E4232B41F44091A1295091A229CA
:105370006091A3297091A4290E942701BC01990F73
:10538000880B990B0E94454060935C2970935D29BE
:1053900080935E2990935F290091302A1091312AE1
:1053A000C0905C29D0905D29E0905E29F0905F2943
:1053B000C701B6010E948F4290E080E0643671051B
:1053C0002CF491E080E0012B09F490E090930A2AFC
:1053D00080930B2A80915B29882361F0C092572922
:1053E000D0925829E0925929F0925A291092052812
:1053F00010925B29209153293091542940915529CD
:1054000050915629C701B6010E943E4087FF09C04E
:10541000809151299091522901968093512990931E
:10542000522981E08093F029109212280E942307CC
:105430008B019C016093E8291093E9298093EA2964
:105440003093EB291092EC291092ED291092EE295D
:105450001092EF296093E0291093E1298093E229CB
:105460003093E3291092E4291092E5291092E6295D
:105470001092E7298091F12981110C94A9320E94A0
:105480002307613C744D8140910508F4D0C6E0903B
:105490005329F09054290091552910915629CB5247
:1054A000DF4FE882F9820A831B83C55DD0400091FB
:1054B0005C2910915D2920915E2930915F29C352AA
:1054C000DF4F088319832A833B83CD5DD040A90138
:1054D0009801CB52DF4F688179818A819B81C55DBC
:1054E000D0400E943E4087FD07C08091042A9091E1
:1054F000052A892B09F488C7109251291092522944
:105500001092502940906529509066296090672933
:10551000709068292090502920914C2930914D2974
:1055200040914E2950914F29C301B2010E94C542BA
:1055300018160CF05FC021105DC0809104288823EC
:1055400009F458C08091302A9091312A892B09F4AE
:1055500051C080910C2A90910D2A892B09F04AC0E4
:105560008091062A9091072A892B09F043C08091E7
:105570006F2990917029892BE9F1109215281092CA
:10558000192A60E088E00E94190561E086E00E9427
:1055900019051092042881E080933C29E091322A79
:1055A0007091332A6091342A5091352A4091362ADD
:1055B0003091372A2091382A9091392AE0933D2959
:1055C00070933E2960933F2950934029409341298D
:1055D00030934229209343299093442980934B2967
:1055E00081E090E08093492990934A2961E08CE121
:1055F0000E941905A0903D29B0903E29C0903F29F6
:10560000D0904029E0904129F0904229009143290F
:1056100010914429E091322AF091332AA091342A42
:10562000B091352A9090362A8090372A3090382AC7
:105630002091392AC752DF4F2883C95DD04040915D
:1056400045295091462960914729709148299A012E
:10565000AB0160E070E0CB01C753DF4F2883C95C2A
:10566000D040C653DF4F3883CA5CD040C553DF4FAC
:105670004883CB5CD040C453DF4F5883CC5CD040D0
:10568000C353DF4F6883CD5CD040C253DF4F788374
:10569000CE5CD040C153DF4F8883CF5CD040C05335
:1056A000DF4F9883C05DD04060E070E080E090E024
:1056B0000E9444435F016D01E92CF82C032DC75271
:1056C000DF4F1881C95DD0400E94594309F020F492
:1056D00080913C29811103C0222009F47DC060E043
:1056E00086E00E9419051092492910924A291092C9
:1056F0003C2911E010933B2921104EC061E088E065
:105700000E94190581E090E080931328909314285B
:105710007091322A6091332A5091342A4091352A6F
:105720003091362A2091372A9091382A8091392A4F
:105730007093222A6093232A5093242A4093252A87
:105740003093262A2093272A9093282A8093292A67
:105750007091322A6091332A5091342A4091352A2F
:105760003091362A2091372A9091382A8091392A0F
:1057700070931A2A60931B2A50931C2A40931D2A67
:1057800030931E2A20931F2A9093202A8093212A47
:105790001092192A109315287091322A6091332A99
:1057A0005091342A4091352A3091362A2091372A57
:1057B0009091382A8091392A709333296093342943
:1057C000509335294093362930933729209338292F
:1057D0009093392980933A293090322920913129A8
:1057E000C752DF4F2883C95DD040932C990C99088C
:1057F000A0903329B0903429C0903529D090362913
:10580000E0903729F09038290091392910913A29F0
:10581000B091322AA091332AF091342AE091352AAE
:105820008090362A5091372AC753DF4F5883C95C7E
:10583000D0406091382ACF51DF4F6883C15ED0409D
:105840007091392ACB51DF4F7883C55ED040332D1C
:10585000492D592D692D792D892D992D0E9444436B
:10586000AB2EBA2ECF2EDE2EE82CC753DF4FF8809A
:10587000C95CD040CF51DF4F0881C15ED040CB51D1
:10588000DF4F1881C55ED0400E94594309F020F4D3
:1058900080913B29811102C0222049F081E0809350
:1058A000302910923B2960E08CE10E94190520917B
:1058B0002C2930912D2940912E2950912F29C30157
:1058C000B2010E943E4087FF5FC021105DC0809101
:1058D0000428882309F458C08091302A9091312AF5
:1058E000892B09F451C080910C2A90910D2A892BA3
:1058F00009F04AC08091082A9091092A892B09F061
:1059000043C080916D2990916E29892BE9F1109205
:1059100015281092192A60E088E00E94190561E0BC
:1059200085E00E9419051092042881E080931C29CB
:10593000E091322A7091332A6091342A5091352AAD
:105940004091362A3091372A2091382A9091392A6D
:10595000E0931D2970931E2960931F2950932029DD
:10596000409321293093222920932329909324299D
:1059700080932B2981E090E08093292990932A2914
:1059800061E08CE10E941905A0901D29B0901E29AC
:10599000C0901F29D0902029E0902129F090222941
:1059A00000912329109124295090322A6090332AA3
:1059B0007090342A8090352AB091362AA091372AE7
:1059C000F091382AE091392A209125293091262911
:1059D0004091272950912829BA01AB0160E070E07D
:1059E000CB01C753DF4F2883C95CD040C653DF4F7C
:1059F0003883CA5CD040C553DF4F4883CB5CD0406E
:105A0000C453DF4F5883CC5CD040C353DF4F68830F
:105A1000CD5CD040C253DF4F7883CE5CD040C153C1
:105A2000DF4F8883CF5CD040C053DF4F9883C05D89
:105A3000D04060E070E080E090E00E944443A52CFC
:105A4000B62CC72CD82CEB2EFA2E0F2F1E2F0E940F
:105A5000594309F020F480911C29811103C02220B0
:105A600009F47DC060E085E00E94190510922929A3
:105A700010922A2910921C2911E010931B29211041
:105A80004EC061E088E00E94190581E090E08093BB
:105A90001328909314287091322A6091332A5091E0
:105AA000342A4091352A3091362A2091372A909114
:105AB000382A8091392A7093222A6093232A50939E
:105AC000242A4093252A3093262A2093272A90932C
:105AD000282A8093292A7091322A6091332A509182
:105AE000342A4091352A3091362A2091372A9091D4
:105AF000382A8091392A70931A2A60931B2A50936E
:105B00001C2A40931D2A30931E2A20931F2A90930B
:105B1000202A8093212A1092192A10931528709117
:105B2000322A6091332A5091342A4091352A30919B
:105B3000362A2091372A9091382A8091392A7093F9
:105B400013296093142950931529409316293093F3
:105B50001729209318299093192980931A29A09026
:105B60001329B0901429C0901529D0901629E090DF
:105B70001729F09018290091192910911A2950908D
:105B8000322A6090332A7090342A8090352AB0915E
:105B9000362AA091372AF091382AE091392AC75243
:105BA000DF4F2881C95DD040332D492D592D692DF6
:105BB000792D892D992D0E944443A52CB62CC72CF4
:105BC000D82CEB2EFA2E0F2F1E2F0E94594309F0CE
:105BD00020F480911B29811102C0222049F01092EB
:105BE0001B2981E08093302960E08CE10E94190537
:105BF000C352DF4F288139814A815B81CD5DD0401E
:105C0000CB52DF4F688179818A819B81C55DD0400D
:105C10000E94C54218160CF06FC0809151299091D6
:105C2000522903970CF468C01092512910925229FE
:105C300080910328882309F45FC08091302A9091D5
:105C4000312A892B09F458C080910A2A90910B2A95
:105C5000892B09F051C08091042A9091052A892B43
:105C600009F04AC080916B2990916C29892B09F425
:105C700043C08091692990916A29892BE9F110929A
:105C800015281092192A60E088E00E94190561E049
:105C900083E00E9419051092032881E08093032974
:105CA000E091322A7091332A6091342A5091352A3A
:105CB0004091362A3091372A2091382A9091392AFA
:105CC000E0930429709305296093062950930729CE
:105CD000409308293093092920930A2990930B298E
:105CE0008093122981E090E08093102990931129EC
:105CF00061E08BE10E94190580910C2990910D299A
:105D0000A0910E29B0910F297C018D0120E030E097
:105D1000A901C753DF4F8883C95CD040C653DF4F0A
:105D2000F882CA5CD040C553DF4FA883CB5CD0401B
:105D3000C453DF4F1883CC5CD040C353DF4F28835C
:105D4000CD5CD040C253DF4F3883CE5CD040C153CE
:105D5000DF4F4883CF5CD040C053DF4F5883C05DD6
:105D6000D040A0900429B0900529C0900629D09079
:105D70000729E0900829F090092900910A2910913B
:105D80000B296090322A7090332A8090342A9090A8
:105D9000352AB091362AA091372AF091382AE0911D
:105DA000392AC753DF4F2881C95CD040C653DF4F23
:105DB0003881CA5CD040C553DF4F4881CB5CD040AE
:105DC000C453DF4F5881CC5CD04060E070E080E08D
:105DD00090E00E94444353016401EB2EFA2E0F2FF2
:105DE0001E2F0E94594311F008F044C080910329EE
:105DF000882309F43FC01092022860E083E00E94EB
:105E0000190510921029109211298091102A909151
:105E1000112A892B51F48091012990910229892B13
:105E200021F461E087E00E9419057091322A6091A7
:105E3000332A5091342A4091352A3091362A2091C4
:105E4000372A9091382A8091392A7093F9286093E3
:105E5000FA285093FB284093FC283093FD28209388
:105E6000FE289093FF288093002981E08093F828F2
:105E700010920329A090322AB090332AC090342A7D
:105E8000D090352AE090362AF090372A0091382AAF
:105E90001091392A2091F9283091FA284091FB2855
:105EA0005091FC286091FD287091FE288091FF2878
:105EB00090910029245D3E4F4F4F5F4F6F4F7F4FB2
:105EC0008F4F9F4F0E94594309F0B8F58091F828F1
:105ED000882399F160E087E00E94190561E084E081
:105EE0000E94190581E090E08093F6289093F728AE
:105EF0007091322A6091332A5091342A4091352A88
:105F00003091362A2091372A9091382A8091392A67
:105F10007093EE286093EF285093F0284093F12877
:105F20003093F2282093F3289093F4288093F52857
:105F300081E08093ED281092F8288091ED28882345
:105F400009F481C06090322A7090332A8090342AFC
:105F50009090352AB091362AA091372AF091382AAC
:105F6000E091392AC753DF4F2881C95CD040C6531E
:105F7000DF4F3881CA5CD040C553DF4F4881CB5CCE
:105F8000D040C453DF4F5881CC5CD04060E070E01B
:105F900080E090E0A090EE28B090EF28C090F0282C
:105FA000D090F128E090F228F090F3280091F428A6
:105FB0001091F5280E94444353016401EB2EFA2E00
:105FC0000F2F1E2F0E94594309F0E8F560E084E08E
:105FD0000E9419051092F6281092F7288091102A35
:105FE0009091112A892B51F48091012990910229D5
:105FF000892B21F461E087E00E9419057091322A13
:106000006091332A5091342A4091352A3091362AB2
:106010002091372A9091382A8091392A7093E52867
:106020006093E6285093E7284093E8283093E928C6
:106030002093EA289093EB288093EC2881E08093CA
:10604000E4281092ED288091E428882309F4A6C062
:10605000A090322AB090332AC090342AD090352AAA
:10606000E090362AF090372A0091382A1091392A88
:106070002091E5283091E6284091E7285091E828C2
:106080006091E9287091EA288091EB289091EC28A2
:10609000245D3E4F4F4F5F4F6F4F7F4F8F4F9F4F4E
:1060A0000E94594311F008F079C060E087E00E9437
:1060B00019051092E42881E0809302288093E32858
:1060C000E091322A7091332A6091342A5091352A16
:1060D0004091362A3091372A2091382A9091392AD6
:1060E000E093222A7093232A6093242A5093252A2E
:1060F0004093262A3093272A2093282A9093292AEE
:10610000E091322A7091332A6091342A5091352AD5
:106110004091362A3091372A2091382A9091392A95
:10612000E0931A2A70931B2A60931C2A50931D2A0D
:1061300040931E2A30931F2A2093202A9093212ACD
:106140001092192A8093152861E088E00E941905B1
:1061500081E090E080931328909314287091322A64
:106160006091332A5091342A4091352A3091362A51
:106170002091372A9091382A8091392A7093DB2810
:106180006093DC285093DD284093DE283093DF288D
:106190002093E0289093E1288093E228A090DB28C8
:1061A000B090DC28C090DD28D090DE28E090DF2879
:1061B000F090E0280091E1281091E2286090322AC6
:1061C0007090332A8090342A9090352AB091362AE4
:1061D000A091372AF091382AE091392A3091DA28B3
:1061E0002091D928932F990F990B492F592F692F57
:1061F000792F892F0E94444353016401EB2EFA2E1C
:106200000F2F1E2F0E94594309F088F48091E32834
:10621000882369F081E08093D82880930328109226
:10622000E3281092122960E08BE10E941905809109
:106230005A2E882309F406C10E9423076B017C01B2
:1062400080915F2E9091602EA091612EB091622E70
:106250000097A105B105A1F040915B2E50915C2EF5
:1062600060915D2E70915E2E97018601081B190BBF
:106270002A0B3B0B041715072607370708F4CFC076
:10628000E091582EF091592E0995C0925F2ED09230
:10629000602EE092612EF092622ED4C0E9508EEE14
:1062A00092E0E33038F4F0E0EE0FFF1FE25CF443DD
:1062B000808191816C01990FEE08FF088091762E04
:1062C000882329F060E08091772E0E945D05C70148
:1062D000B6010E94F3068091762E882311F40C9467
:1062E0005F2561E08091772E0E945D050C945F250B
:1062F00067E0C4010E946007D40117969C9189133E
:106300000C947825BE016F5F7F4FC4010E940A0C78
:10631000882311F40C9478256A8170E0762F662723
:10632000770F770F770F2981B8E02B9F9001112409
:10633000262B372BF40180818031E1F468856623B8
:10634000C9F070E08F817B01E81AF108C7019695CA
:10635000982F8827979587950E94CA42CB018097EE
:10636000B901F3E0660F771FFA95E1F760789C01B9
:10637000260F371F213804EE300714F40C947825CB
:10638000B901330F880B990B0E94454020E030E0A3
:1063900040E05CE30E94A4400C947C25892B21F012
:1063A00081E090E00C949F251092302A1092312ABF
:1063B0000C94A32580E090E0A0E8BFE30C945F2656
:1063C000CB52DF4F68817981C55DD0408617970732
:1063D0005CF4092E000CAA0BBB0BE80EF91E0A1F79
:1063E0001B1FCB010C947B27CB52DF4FA881B981B7
:1063F000C55DD040AD01BB0F660B770BE40EF51EFB
:10640000061F171F0C947B278091512990915229C8
:1064100003970CF477C881E08093502973C8C8169D
:10642000D906EA06FB0670F480959095A095B09584
:106430008C199D09AE09BF0984179507A607B707F0
:1064400008F01ECF20E030E040E850E46091992948
:1064500070919A2980919B2990919C290E94B0412A
:106460006B017C0120E030E040EE51E40E943E40B0
:1064700087FFC9C180E090E0A0EEB1E48093D4280A
:106480009093D528A093D628B093D728C090A1295F
:10649000D090A229E090A329F090A4298090D4283C
:1064A0009090D528A090D628B090D728A501940127
:1064B000C701B6010E94C5421816FCF480910E2A4D
:1064C00090910F2A892BC9F48091102A9091112A5A
:1064D000892B99F48091302A9091312A892B69F087
:1064E0008091D2289091D32801968B3091050CF0A1
:1064F00093C18093D2289093D32880910228882337
:1065000041F12DEC3CEC4CE45EE3C501B4010E948A
:10651000B0419B01AC01C701B6010E943E4087FD1E
:106520000CC08091102A9091112A892B31F480910E
:10653000302A9091312A892B61F41092D22810923E
:10654000D328109201291092022960E087E00E946E
:1065500019058091142A882309F43EC18091302ABC
:106560009091312A892B09F066C11092122A10925B
:10657000132A4090A1295090A2296090A3297090DD
:10658000A42920E030E040E85FE360919929709110
:106590009A2980919B2990919C290E94B041A30146
:1065A00092010E943E40181694F08091012990912A
:1065B0000229892B61F08091102A9091112A892B50
:1065C00031F481E090E08093102A9093112A809119
:1065D0000128882309F4CEC14092CA285092CB28C2
:1065E0006092CC287092CD28109201280091C82882
:1065F0001091C928CF52DF4F08831983C15DD04065
:10660000CF52DF4F68817981C15DD04060930E2AFF
:1066100070930F2A80912B29811104C080914B29FE
:10662000882339F080910628882319F081E080932F
:10663000642980913029882391F08091D02890910D
:10664000D12801968093D0289093D12881E080931F
:1066500004281092302910922B2910924B298091F6
:10666000D0289091D12802970CF44EC01092D028D7
:106670001092D1282091602930916129409162299E
:1066800050916329609165297091662980916729ED
:10669000909168290E94B0410E948F429B0177FF30
:1066A00004C022273327261B370BB901330F880B71
:1066B000990B0E94454020E030E040E85EE30E94F4
:1066C0003E4087FF1EC080912B29882359F080917E
:1066D0000C2A90910D2A892B09F4D8C11092082A0E
:1066E0001092092A80914B29882359F080910C2A15
:1066F00090910D2A892B09F4D0C11092062A10928C
:10670000072A81E08093062880911229882339F096
:1067100080910528882319F081E080935B2980917E
:10672000D828882359F08091CE289091CF280196BF
:106730008093CE289093CF281092D8288091CE288D
:106740009091CF2802970CF447C01092CE28109257
:10675000CF2820915729309158294091592950919B
:106760005A2960915C2970915D2980915E299091F0
:106770005F290E94B0410E948F429B0177FF04C0B5
:1067800022273327261B370BB901330F880B990BB0
:106790000E94454020E030E048EC51E40E943E4039
:1067A00087FF17C080916B2990916C29892B89F004
:1067B0008091692990916A29892B59F080910A2A40
:1067C00090910B2A892B09F46FC11092042A109220
:1067D000052A81E080930528CE5FDE4FCDBFDEBF66
:1067E000DF91CF911F910F91FF90EF90DF90CF90AD
:1067F000BF90AF909F908F907F906F905F904F90E1
:106800003F902F900895C092D428D092D528E0923E
:10681000D628F092D7283ACE1092D2281092D328B8
:1068200081E090E0809301299093022961E087E064
:106830000E94190562CE3090CF2920901528211092
:1068400002C0332031F180910028882311F10E9489
:1068500023078B019C016093B8281093B92880937B
:10686000BA283093BB281092BC281092BD281092F1
:10687000BE281092BF28109200288091B6289091CF
:10688000B7288093122A9093132A892B09F066C0A7
:1068900070CE40909D2950909E2960909F297090C5
:1068A000A0290E9423074B015C012091B828309158
:1068B000B9284091BA285091BB286091BC287091AA
:1068C000BD288091BE289091BF28205F384D4F4F42
:1068D0005F4F6F4F7F4F8F4F9F4FC753DF4F2883BF
:1068E000C95CD040CB52DF4F3883C55DD040B42F58
:1068F000A52FF62FE72F8C019401A50160E070E031
:1069000080E090E0C753DF4FA880C95CD040CB52F5
:10691000DF4FB880C55DD040CB2EDA2EEF2EFE2E95
:106920000E94594309F008F4A8CF809100288111F2
:10693000A4CF81E080930028211003C0332009F404
:106940009CCFC301B2010E948F42161617066CF04D
:1069500081E090E08093B6289093B72881E090E0A2
:106960008093122A9093132A04CE1092B628109284
:10697000B728FBCD20E030E0A901C301B2010E949D
:106980003E40181654F420E030E048EC52E4C301D5
:10699000B2010E94C54287FD12C081E080930128A8
:1069A00081E090E08093C8289093C92821E030E0EE
:1069B000CF52DF4F28833983C15DD04021CE0E9462
:1069C00023074B015C012091C0283091C1284091E0
:1069D000C2285091C3286091C4287091C528809125
:1069E000C6289091C728205C3848444E5F4F6F4FAF
:1069F0007F4F8F4F9F4F1901B42FA52FF62FE72FF1
:106A00008C019401A50160E070E080E090E051010C
:106A1000CB2EDA2EEF2EFE2E0E94594391F188F1F3
:106A20000E9423078B019C016093C0281093C1280A
:106A30008093C2283093C3281092C4281092C5288E
:106A40001092C6281092C7282091CA283091CB28CE
:106A50004091CC285091CD28C301B2010E943E4004
:106A60008111CECD81E090E08093C8289093C92811
:106A700041E050E0CF52DF4F48835983C15DD040A1
:106A8000BFCD1092C8281092C928BACD81E090E0FD
:106A90008093082A9093092A25CE81E090E0809384
:106AA000062A9093072A2DCE81E090E08093042A55
:106AB0009093052A8ECE0330110511F40C942320F7
:106AC0000430110511F00C94351F80910A28909123
:106AD0000B28EF2811F00C945920019711F00C9419
:106AE000E61F60E081E00E94190510920A281092CA
:106AF0000B288091ED2A9091EE2AA091EF2AB09177
:106B0000F02A805B9F4FAF4FBF4F0C94DE1F1F9248
:106B10000F920FB60F9211242F933F934F935F93D1
:106B20006F937F938F939F93AF93BF93EF93FF9355
:106B300088EE9CE20E949B03FF91EF91BF91AF9181
:106B40009F918F917F916F915F914F913F912F9185
:106B50000F900FBE0F901F9018951F920F920FB6B7
:106B60000F9211242F933F934F935F936F937F93D3
:106B70008F939F93AF93BF93EF93FF9388EE9CE225
:106B80000E94EA02FF91EF91BF91AF919F918F9187
:106B90007F916F915F914F913F912F910F900FBE19
:106BA0000F901F9018951F920F920FB60F921124FD
:106BB0002F933F934F935F936F937F938F939F9305
:106BC000AF93BF93EF93FF9385E89DE20E949B03F1
:106BD000FF91EF91BF91AF919F918F917F916F91B5
:106BE0005F914F913F912F910F900FBE0F901F908B
:106BF00018951F920F920FB60F9211242F933F9367
:106C00004F935F936F937F938F939F93AF93BF93B4
:106C1000EF93FF9385E89DE20E94EA02FF91EF91D6
:106C2000BF91AF919F918F917F916F915F914F91A4
:106C30003F912F910F900FBE0F901F9018951F92AC
:106C40000F920FB60F9211248F939F93AF93BF9320
:106C50008091892A90918A2AA0918B2AB0918C2ABE
:106C60000196A11DB11D8093892A90938A2AA09331
:106C70008B2AB0938C2A81E08093A60ABF91AF91B2
:106C80009F918F910F900FBE0F901F9018951F929C
:106C90000F920FB60F9211242F933F934F935F9350
:106CA0006F937F938F939F93AF93BF93EF93FF93D4
:106CB00085E00E942F07FF91EF91BF91AF919F91C7
:106CC0008F917F916F915F914F913F912F910F9095
:106CD0000FBE0F901F9018951F920F920FB60F9234
:106CE00011242F933F934F935F936F937F938F93D1
:106CF0009F93AF93BF93EF93FF9384E00E942F077E
:106D0000FF91EF91BF91AF919F918F917F916F9183
:106D10005F914F913F912F910F900FBE0F901F9059
:106D200018951F920F920FB60F9211242F933F9335
:106D30004F935F936F937F938F939F93AF93BF9383
:106D4000EF93FF9383E00E942F07FF91EF91BF9194
:106D5000AF919F918F917F916F915F914F913F91F3
:106D60002F910F900FBE0F901F9018951F920F92AA
:106D70000FB60F9211242F933F934F935F936F930E
:106D80007F938F939F93AF93BF93EF93FF9382E093
:106D90000E942F07FF91EF91BF91AF919F918F912B
:106DA0007F916F915F914F913F912F910F900FBE07
:106DB0000F901F9018951F920F920FB60F921124EB
:106DC0002F933F934F935F936F937F938F939F93F3
:106DD000AF93BF93EF93FF9381E00E942F07FF9142
:106DE000EF91BF91AF919F918F917F916F915F9143
:106DF0004F913F912F910F900FBE0F901F901895BC
:106E00001F920F920FB60F9211242F933F934F931F
:106E10005F936F937F938F939F93AF93BF93EF9302
:106E2000FF9380E00E942F07FF91EF91BF91AF91F8
:106E30009F918F917F916F915F914F913F912F9192
:106E40000F900FBE0F901F9018951F920F920FB6C4
:106E50000F9211242F933F934F935F936F937F93E0
:106E60008F939F93AF93BF93CF93EF93FF93C09173
:106E7000AB08C2FF0AC01092402A10923F2A10921B
:106E80003E2A84E00E94280912C0C6FF2DC08091CE
:106E90003D2A813041F48091402A90E0F0E0E0E02A
:106EA000099510923D2AC0FF14C00E943509FF9138
:106EB000EF91CF91BF91AF919F918F917F916F9102
:106EC0005F914F913F912F910F900FBE0F901F90A8
:106ED000189580E48093AB0881E00E942809809196
:106EE000AB0885FFE4CFE1CFC7FF50C0C3FF08C0A8
:106EF0001092402A10923F2A10923E2A83E0C2CF7D
:106F00008091A90880668093A9088091AB0881FFD1
:106F100026C080913F2A882349F08091AB0884FFE6
:106F200005C082E08093AA0881E0ACCF90913F2A0F
:106F300080913E2A981778F4E0913F2AF0E0808112
:106F40008093AD0880913F2A8F5F80933F2A83E032
:106F50008093AA08ACCF82E08093AA0893CF909147
:106F6000402A80913C2A981760F48091AD08E09106
:106F7000402AF0E080838091402A8F5F8093402AEE
:106F8000E6CF86E08093AA0882E07CCF85E07ACFC6
:106F90001F920F920FB60F9211242F933F938F934E
:106FA0009F93EF93FF938091A508982F9C70C9F051
:106FB0008091A50894E082FF93E09093FE2A80934D
:106FC000A50881E08093042B1092032BFF91EF9191
:106FD0009F918F913F912F910F900FBE0F901F9017
:106FE000189586FF4CC02091442A9091432A8091A5
:106FF000A50884FF10C08091422A882351F083E0C5
:107000008093A40885E08093FE2A1092032B81E0F0
:1070100031C081E0F5CF8091FF2A821790F4E09192
:10702000FF2A8091452A9091462AE80FF92FF11DF9
:1070300080818093A8088091FF2A8F5F8093FF2A28
:10704000C5CF8091002B891748F484E08093042BEE
:107050008091412A81608093A708B8CF8091422A0D
:10706000882359F083E08093A40881E08093FE2A6E
:107070001092032B8093042BA9CF81E0F4CF87FFDC
:107080003DC09091002B8091432A9817D8F48091AD
:10709000A808E091002B2091472A3091482AE20F5E
:1070A000F32FF11D80838091002B8F5F8093002B45
:1070B0009091432A8091002B8917C0F482E080933D
:1070C000A40884CF8091422A882371F087E08093BE
:1070D000A40882E08093FE2A1092032B81E0809323
:1070E000042B1092432A72CF85E0F1CF8091422A7F
:1070F000882311F087E0B7CF85E0B5CF86E083CF56
:10710000CF93E8EEFCE21282138288EE93E0A0E0D7
:10711000B0E084839583A683B78346EB5BEC408322
:10712000518320E238E0248735872FE026872EE040
:107130002787108A23E1218B22E1228B34E0338BD5
:10714000148A158A168A178A108E118E6BE1628F47
:10715000138E148EE5E8FDE21282138284839583F8
:10716000A683B7834083518340E058E04487558726
:10717000C1E0C6871786108A45E0418B328BC38BEE
:10718000148A158A168A178A108E118E228F138EF2
:10719000148EE2E2FEE21282138284839583A68338
:1071A000B78384ED9BEC80839183E3E6FEE2148653
:1071B000158616861786108A118A14821582168201
:1071C00017821082118212821382E8E5FEE2128297
:1071D0001082118213821482158216821782108601
:1071E0001186128667E57CEC82E59EE20E9408111A
:1071F00067E57CEC8CE49EE20E94081167E57CEC7C
:1072000086E49EE20E94081167E57CEC80E49EE241
:107210000E94081167E57CEC8AE39EE20E94081157
:1072200068E47CEC84E39EE20E9408116EE47CEC4E
:107230008EE29EE20E94081160E08DE00E948204CE
:10724000ECE8FEE280E2808388E294E0818392832E
:10725000138615861486128611861086178216826A
:10726000158214821382A5E7BEE255961D921C92E8
:10727000569711961C9211971996ED93FC931A97B5
:1072800017961C92179718961C9218971C9289E0D3
:1072900013968C9313971496CC9314971596CC93BE
:1072A00015971696CC93CF910895CF93DF93CDB7D2
:1072B000DEB76797CDBFDEBF91E088ED84BF9093C6
:1072C000610080910206856080930206809100062D
:1072D000816080930006809102068F7C8065809398
:1072E00002061092E20582E08093E4059093030A7F
:1072F0008EEF8093270A8093260A80E880932D0AD8
:1073000080932B0A8093290A80932C0A80932A0A5F
:107310008093280A89E08093000A87E08093E5053E
:10732000E0E8FAE037E02EEF90E885E0318324874B
:10733000958780837096E03C4AE0F407B9F7109295
:10734000A10A8FE39FE18093AC0A9093AD0A8091EC
:10735000A50A81608093A50A1092A00A8091A00AD4
:1073600081608093A00A789440E052EC61E070E084
:1073700088EE9CE20E94C70B8091E3058F7C8062BF
:107380008093E3050E946A111092FC2A1092FD2A54
:10739000A89518EDA89514BF80910001807F809377
:1073A000000168EE73E080E090E00E94F306A8958B
:1073B0008091400080914000886080934000A895B3
:1073C00014BF109100011B60109300011091010186
:1073D00011FDFCCF61E088E00E94820461E087E05B
:1073E0000E94820461E086E00E94820461E085E000
:1073F0000E94820461E083E00E94820461E084E0F4
:107400000E94820461E086E20E94820461E087E2D9
:107410000E94820461E080E00E94820461E081E0D9
:107420000E94820461E082E00E94820461E08BE0BD
:107430000E94820461E08CE00E94820460E088E0A7
:107440000E94190560E087E00E94190560E086E06F
:107450000E94190560E085E00E94190560E083E064
:107460000E94190560E084E00E94190561E086E24F
:107470000E94190561E087E20E94190561E080E041
:107480000E94190561E081E00E94190561E082E037
:107490000E94190560E088E10E94820460E081E2B8
:1074A0000E94820460E08DE10E94820460E08FE12E
:1074B0000E94820460E080E20E94820460E08EE12B
:1074C0000E94820460E086E10E94820461E08EE115
:1074D0000E94190561E086E10E94190561E08CE1D6
:1074E0000E94820461E08BE10E9482048AEA92E0B9
:1074F0008093C12A9093C22A80917204887F8093DE
:1075000072048091720482608093720478940E9465
:1075100023078B019C016093F42A1093F52A809332
:10752000F62A3093F72A1092F82A1092F92A10922C
:10753000FA2A1092FB2A80916F2E9091702E00975C
:1075400011F00E94244486E090E00E9488437C0170
:1075500080E4F701808382E29EE28183928313823A
:1075600080E290E08483958303E61EE2E0926F2E32
:10757000F092702E0E94B604DD24D394F701D382DA
:10758000C7010E940609882309F4CDC08EE18983D2
:1075900080916F2E9091702EFC0124813581232BD8
:1075A00009F4C1C020812093462B1092052B109224
:1075B000472B21E041E050E0BE016F5F7F4F0E940A
:1075C000E808882309F4AFC06FE070E080E090E045
:1075D0000E94F30680916F2E9091702E188A198A5E
:1075E0001A8A1B8A89839A831B821C82DA868AE024
:1075F00090E08F8398871B8684E0898744E0BE01F2
:107600006C5E7F4FCE0101960E94FC0CF82E882301
:1076100009F489C08C899D89982789279827B0E02B
:10762000A0E0BA2FA92F982F88272F89822BBA2F55
:10763000A92F982F8827288D822B892B8A2B8B2B7B
:1076400009F471C087E090E00E948843FC0188EA59
:107650009BEC8083918381ED91E383839483058305
:107660001683E093732EF093742E87E090E00E94CF
:107670008843FC018AE99BEC8083918380ED91E350
:107680008383948305831683E093712EF093722E87
:107690001092EB2A1092EC2AF092F32A42E050E08A
:1076A00065E57CEC88EE9CE20E94B4028EE10E94CB
:1076B000F005182F81E090E0112311F090E080E0B8
:1076C0008093F12A9093F22A86E10E94F00511112D
:1076D00004C061E088E00E94190587E69BE2A0E013
:1076E000B0E08093ED2A9093EE2AA093EF2AB09316
:1076F000F02A88E893E1A0E0B0E080935B2E9093BD
:107700005C2EA0935D2EB0935E2E8DE19AE0809367
:10771000582E9093592E81E080935A2E0E94061580
:107720000E945304FBCF81E090E08093EB2A90937A
:10773000EC2AF12CB1CF8EE29EE20E94610F84E32D
:107740009EE20E94610F8AE39EE20E94610F80E444
:107750009EE20E94610F86E49EE20E94610F8CE42B
:107760009EE20E94610F82E59EE20E94610F80917D
:10777000712E9091722E009739F0DC01ED91FC9101
:107780000280F381E02D09958091732E9091742EE3
:10779000009739F0DC01ED91FC910280F381E02D3E
:1077A00009940895EF920F931F93CF93DF93E8010D
:1077B00034E047FD34E1042E000C550B57FF03C0A5
:1077C000519541955109E32E022F242FAE010E94BD
:1077D000863CCE01DF91CF911F910F91EF900895DC
:1077E000662777270C94E53D1F93FC01992788278E
:1077F000BC01E89411911032E9F3193010F01E30F9
:10780000C8F31B3251F01D3249F4689406C00E943F
:10781000353C610F711D811D911D119110531A305E
:10782000B0F33EF490958095709561957F4F8F4FA2
:107830009F4F1F910895BB274A3031F4992322F4BA
:10784000BDE2909581959F4F0C946D3CBB272A30EB
:1078500051F4992342F4BDE290958095709561951D
:107860007F4F8F4F9F4F0C944B3C592F482F372FF2
:10787000262F660F771F881F991F660F771F881F97
:10788000991F620F731F841F951F660F771F881F34
:10789000991F0895BB27FA01A62F6217710581056C
:1078A0009105330B30FB66F0AA27660F771F881F00
:1078B000991FAA1FA21710F0A21B63953850A9F7B1
:1078C000A05DAA3308F0A95DA19336F7B111B19379
:1078D0001082CA010C942E40BB27FB015527AA2712
:1078E000880F991FAA1FA41710F0A41B839550514D
:1078F000B9F7A05DAA3308F0A95DA193009779F7C5
:10790000B111B1931192CB010C942E40A9E0B0E0DB
:10791000ECE8FCE30C9476416A01F22EB02E102FB5
:10792000FBE3AF2EA01608F41BE31F5F012F27E037
:10793000AE014F5F5F4F0E94353FBC018981982F98
:107940009970913009F43FC09BE2E1FC04C09E2D88
:107950009170E0FC3AC05E2D5071E82FE87083FF13
:1079600046C084E0911101C083E0EF2DE81B8F1524
:1079700008F0E0E0D6018E2F20E2552351F1992343
:1079800029F0D6019C93C60101966C0196012D5FEA
:107990003F4FE2FE24C08EE4D6018C9391E4119611
:1079A0009C93119712968C93D9018E2F90E281119E
:1079B0001BC0E20FF32FF11D10828EEF9FEF29966F
:1079C000ECE00C948F419DE2C6CF90E2C4CF2D93A2
:1079D00081508111FCCFCE0ED11CE0E0D0CF8EE6DD
:1079E000D6018C9391E6DBCF9D938150E0CF482F59
:1079F000447082FF3DC084E0911101C083E08F1587
:107A000010F4EF2DE81BD6018E2F20E2552309F14B
:107A1000992329F0D6019C93C60101966C01960129
:107A20002D5F3F4FE2FE1BC089E4D6018C938EE4AC
:107A300011968C93119786E412968C93D9018E2F10
:107A400090E2882309F4B5CF9D938150FACF2D930E
:107A500081508111FCCFCE0ED11CE0E0D9CF89E658
:107A6000D6018C938EE611968C93119786E6E4CF1F
:107A70009B0177FF02C030E020E0A1E0B0E091116F
:107A800002C0B0E0A0E0F9013196AE0FBF1F8B2C11
:107A9000912CBB2009F461C05401EFEFAE1ABE0A6D
:107AA000AA0DBB1DFA161B0619F014F04F2D4A1B28
:107AB000511188C0E3FC59C07601A42FB0E2A11196
:107AC0004FC0C40ED11C992309F45BC040E0D6011D
:107AD0001196F60190836D01552309F448C0012FDA
:107AE000060F9A81582F507184FF03C0913309F417
:107AF000015010160CF047C0093008F008E0EEE223
:107B0000FE2E5B01A01AB108850191948194910821
:107B10002F3F320729F4D601FC92F60131966F010E
:107B20006217730794F1021713077CF5DB01A21BA0
:107B3000B30BAA24A394B12CAC0EBD1EAA0DBB1D81
:107B400011968C9121503109D601119628153905CD
:107B5000F4F0F60180836D01DBCFB12CA12CA0CF16
:107B6000F701B1937F01A150AACF9111B0CFD601F7
:107B7000942F50E302C05D9391509111FCCFC40E3D
:107B8000D11C40E0ACCF01E0BACF80E3DBCF62177D
:107B9000730731F4963388F4953311F4552369F063
:107BA000F6018083FD01842F90E2811108C0A40FAB
:107BB000B11D1C9290E080E002CF81E3F1CF919360
:107BC0008150F3CF911183CF8ACFB0E0A0E0EBEEEC
:107BD000FDE30C9476415C017B016115710519F0A0
:107BE000DB018D939C9385010F5F1F4FF501D081C1
:107BF0008D2F90E00E940D406C01892BB9F5DD328C
:107C0000B9F50F5F1F4FD5011196DC91C1E0580106
:107C1000F1E0AF1AB10843E050E068EA70E0C50156
:107C20000E941640892B69F5680182E0C80ED11CBC
:107C300045E050E063EA70E0C6010E941640892BDF
:107C400021F4680197E0C90ED11CE114F10419F088
:107C5000D701CD92DC9260E070E080E89FEFC11127
:107C6000FFC060E070E080E89FE7FAC05801BBCF3A
:107C7000DB3229F485010E5F1F4FF501D181C0E091
:107C8000C6CF43E050E060EA70E0C5010E941640B4
:107C9000892BE9F0F80110E000E020E030E0A901D4
:107CA0005F01B0ED8B2E8D0E89E08815C8F19C2EFA
:107CB000689491F88C2F8870C2FF16C0811102C0A1
:107CC0000F5F1F4F3196D501DC91C92DE9CFE1142B
:107CD000F10429F00E5F1F4FF7010083118360E06C
:107CE00070E080EC9FE7BCC0882311F001501109BF
:107CF000A5E0B0E00E9465419B01AC01220F331F5B
:107D0000441F551F280D311D411D511D283999E96A
:107D10003907490799E15907A8F2C6609C2ED2CFCE
:107D2000AEEF8A1206C0C3FD3CC09C2E689493F847
:107D3000C9CFDF7DD534A9F580818D3239F4C0619A
:107D4000DF011296818162E070E006C0DF018B32B4
:107D5000C1F3119661E070E080535D01A61AB70A85
:107D60008A30F8F4E0E8CE16ECE0DE065CF4B6010A
:107D7000660F771F660F771FC60ED71ECC0CDD1C53
:107D8000C80ED11C5D01FFEFAF1ABF0A8C91805362
:107D90008A30A8F1C4FF03C0D194C194D1080C0D5E
:107DA0001D1DC1FF09C0E114F10431F081E0A81AE2
:107DB000B108D701AD92BC92CA01B9010E944340FB
:107DC000C370C33009F490584B015C0120E030E0EF
:107DD000A9010E943E40882309F440C0C7EDD0E0CD
:107DE00017FF05C0119501951109CFEBD0E06E0189
:107DF000B8E1CB1AD10880E2E82EF12C0FC0D501F2
:107E0000B1CFFE0125913591459154910E191F096D
:107E1000C501B4010E94A4404B015C01D501C4011D
:107E20000E151F0574F72497F594E794CC16DD061C
:107E3000A9F78A2F880F8B2F881F8F3F49F020E0EA
:107E400030E0A901C501B4010E943E40811106C085
:107E500082E290E080939A2E90939B2EC501B4010C
:107E6000CDB7DEB7ECE00C948F41283008F027E066
:107E70003327DA01990F311D87FD91600096610566
:107E8000710539F432602E5F3D9330E32A95E1F7B6
:107E900008959F3F30F080387105610509F03C5F1F
:107EA0003C5F3D93913008F08068911DDF93CF9344
:107EB0001F930F93FF92EF92192F987F9695E92FBA
:107EC00096959695E90FFF27EB5CFE4F9927332790
:107ED000EE24FF24A701E70105900894079428F4F5
:107EE000360FE71EF81E491F511D660F771F881FAA
:107EF000991F0694A1F70590079428F4E70EF81E41
:107F0000491F561FC11D770F881F991F661F0694B2
:107F1000A1F70590079428F4F80E491F561FC71FB4
:107F2000D11D880F991F661F771F0694A1F7059032
:107F3000079420F4490F561FC71FD81F990F661FBB
:107F4000771F881F0694A9F784911095177041F048
:107F5000D695C79557954795F794E7941A95C1F725
:107F6000EBEDF0E068941590159135916591959140
:107F700005907FE27395E118F10A430B560BC90B8C
:107F8000D009C0F7E10CF11E431F561FC91FD01DB9
:107F90007EF4703311F48A95E6CFE894015030F006
:107FA000080F0AF40027021708F4202F2395022F48
:107FB0007A3328F079E37D932A95E9F710C07D9311
:107FC0002A9589F60694979567953795179517948E
:107FD000E118F10A430B560BC90BD00998F0239511
:107FE0007E9173957A3308F070E37C932013B8F791
:107FF0007E9170617D9330F0839571E37D9370E3A2
:108000002A95E1F71124EF90FF900F911F91CF91E6
:10801000DF91992787FD9095089591110C94114156
:10802000803219F089508550C8F70895FB01DC01B2
:108030004150504088F08D9181341CF08B350CF408
:10804000805E659161341CF06B350CF4605E861BBC
:10805000611171F3990B0895881BFCCFDC01FC01C1
:10806000672F71917723E1F7329704C07C916D936C
:1080700070836291AE17BF07C8F308950E948040D5
:1080800008F481E00895E89409C097FB3EF49095C8
:108090008095709561957F4F8F4F9F4F9923A9F0E1
:1080A000F92F96E9BB279395F69587957795679570
:1080B000B795F111F8CFFAF4BB0F11F460FF1BC0B4
:1080C0006F5F7F4F8F4F9F4F16C0882311F096E947
:1080D00011C0772321F09EE8872F762F05C06623F5
:1080E00071F096E8862F70E060E02AF09A95660FAE
:1080F000771F881FDAF7880F9695879597F9089567
:10810000990F0008550FAA0BE0E8FEEF16161706A8
:10811000E807F907C0F012161306E407F50798F010
:10812000621B730B840B950B39F40A2661F0232B29
:10813000242B252B21F408950A2609F4A140A695A5
:108140008FEF811D811D08950E94B7400C942B4133
:108150000E941D4138F00E94244120F0952311F027
:108160000C9414410C941A4111240C945F410E9408
:108170003C4170F3959FC1F3950F50E0551F629FEE
:10818000F001729FBB27F00DB11D639FAA27F00D70
:10819000B11DAA1F649F6627B00DA11D661F829F97
:1081A0002227B00DA11D621F739FB00DA11D621F7C
:1081B000839FA00D611D221F749F3327A00D611D99
:1081C000231F849F600D211D822F762F6A2F11247B
:1081D0009F5750409AF0F1F088234AF0EE0FFF1FAE
:1081E000BB1F661F771F881F91505040A9F79E3F05
:1081F000510580F00C9414410C945F415F3FE4F30F
:10820000983ED4F3869577956795B795F795E7955A
:108210009F5FC1F7FE2B880F911D9695879597F963
:10822000089599278827089597F99F6780E870E057
:1082300060E008959FEF80EC089500240A941616DC
:10824000170618060906089500240A941216130644
:10825000140605060895092E0394000C11F48823D2
:1082600052F0BB0F40F4BF2B11F460FF04C06F5FEE
:108270007F4F8F4F9F4F089557FD9058440F551FC4
:1082800059F05F3F71F04795880F97FB991F61F098
:108290009F3F79F087950895121613061406551F0F
:1082A000F2CF4695F1DF08C0161617061806991F7B
:1082B000F1CF86957105610508940895E894BB2770
:1082C00066277727CB0197F908950E94A141A59FC2
:1082D000900DB49F900DA49F800D911D11240895C1
:1082E0002F923F924F925F926F927F928F929F92C6
:1082F000AF92BF92CF92DF92EF92FF920F931F93B4
:10830000CF93DF93CDB7DEB7CA1BDB0BCDBFDEBF8C
:1083100009942A88398848885F846E847D848C8497
:108320009B84AA84B984C884DF80EE80FD800C81A0
:108330001B81AA81B981CE0FD11DCDBFDEBFED015A
:108340000895A29FB001B39FC001A39F700D811D2E
:108350001124911DB29F700D811D1124911D08954E
:108360005058BB27AA270E94C8410C942B410E9459
:108370001D4138F00E94244120F039F49F3F19F448
:1083800026F40C941A410EF4E095E7FB0C9414418A
:10839000E92F0E943C4158F3BA176207730784071C
:1083A000950720F079F4A6F50C945E410EF4E09563
:1083B0000B2EBA2FA02D0B01B90190010C01CA019F
:1083C000A0011124FF27591B99F0593F50F4503E4A
:1083D00068F11A16F040A22F232F342F4427585F3C
:1083E000F3CF469537952795A795F0405395C9F754
:1083F0007EF41F16BA0B620B730B840BBAF091500C
:10840000A1F0FF0FBB1F661F771F881FC2F70EC0AA
:10841000BA0F621F731F841F48F48795779567957D
:10842000B795F7959E3F08F0B0CF9395880F08F069
:108430009927EE0F9795879508950E9431420C94E5
:108440002B410E94244158F00E941D4140F029F424
:108450005F3F29F00C94144151110C945F410C942E
:108460001A410E943C4168F39923B1F3552391F3DB
:10847000951B550BBB27AA2762177307840738F093
:108480009F5F5F4F220F331F441FAA1FA9F335D0F0
:108490000E2E3AF0E0E832D091505040E695001CA4
:1084A000CAF72BD0FE2F29D0660F771F881FBB1F5E
:1084B000261737074807AB07B0E809F0BB0B802D3C
:1084C000BF01FF2793585F4F3AF09E3F510578F068
:1084D0000C9414410C945F415F3FE4F3983ED4F355
:1084E000869577956795B795F7959F5FC9F7880F3C
:1084F000911D9695879597F90895E1E0660F771F8E
:10850000881FBB1F621773078407BA0720F0621B1E
:10851000730B840BBA0BEE1F88F7E09508950E9449
:1085200096426894B1110C945F4108950E944441B1
:1085300088F09F5798F0B92F9927B751B0F0E1F024
:10854000660F771F881F991F1AF0BA95C9F714C0D4
:10855000B13091F00E945E41B1E008950C945E410B
:10856000672F782F8827B85F39F0B93FCCF386950D
:1085700077956795B395D9F73EF49095809570956A
:1085800061957F4F8F4F9F4F08950E94804008F460
:108590008FEF089597FB072E16F4009407D077FD10
:1085A00009D00E946E4307FC05D03EF4909581955A
:1085B0009F4F0895709561957F4F0895A1E21A2EFF
:1085C000AA1BBB1BFD010DC0AA1FBB1FEE1FFF1F77
:1085D000A217B307E407F50720F0A21BB30BE40BC7
:1085E000F50B661F771F881F991F1A9469F760950E
:1085F0007095809590959B01AC01BD01CF010895C8
:10860000052E97FB1EF400940E94174357FD07D0D8
:108610000E94DE4207FC03D04EF40C9417435095A1
:108620004095309521953F4F4F4F5F4F089590955E
:108630008095709561957F4F8F4F9F4F0895B7FF3D
:108640000C9465410E946541821B930B089597FD30
:108650001094002E083098F00850232F342F452F07
:10866000562F672F782F892F912DF4CF159497953A
:1086700087957795679557954795379527950A95E7
:10868000AAF71124002D08952A0D3B1D4C1D5D1DD8
:108690006E1D7F1D801F911F08950024A7FD00946B
:1086A0002A0F301D401D501D601D701D801D901D26
:1086B00008952A153B054C055D056E057F0580076D
:1086C000910708950024A7FD00942A17300540055E
:1086D000500560057005800590050895AA1BBB1B19
:1086E00051E107C0AA1FBB1FA617B70710F0A61BB2
:1086F000B70B881F991F5A95A9F780959095BC01D3
:10870000CD010895EE0FFF1F0590F491E02D09941F
:108710000F931F93CF93DF938230910510F482E083
:1087200090E0E0919E2EF0919F2E30E020E0B0E0AE
:10873000A0E0309799F42115310509F44AC0281BAF
:10874000390B24303105D8F58A819B81611571057B
:1087500089F1FB0182839383FE0111C04081518125
:108760000281138148175907E0F04817590799F417
:10877000109761F012960C93129713961C933296F1
:10878000CF01DF91CF911F910F91089500939E2EFD
:1087900010939F2EF4CF2115310551F04217530746
:1087A00038F0A901DB019A01BD01DF01F801C1CF59
:1087B000EF01F9CF80939E2E90939F2ECDCFFE0197
:1087C000E20FF31F8193919322503109288339835B
:1087D000D7CF20919C2E30919D2E232B41F42091B8
:1087E00018283091192820939C2E30939D2E20918B
:1087F0001628309117282115310541F42DB73EB7C1
:1088000040911A2850911B28241B350BE0919C2E77
:10881000F0919D2EE217F307A0F42E1B3F0B2817B3
:10882000390778F0AC014E5F5F4F2417350748F0E9
:108830004E0F5F1F40939C2E50939D2E81939193DA
:108840009FCFF0E0E0E09CCFCF93DF930097E9F07B
:10885000FC01329712821382A0919E2EB0919F2E1E
:10886000ED0130E020E01097A1F420813181820FEA
:10887000931F20919C2E30919D2E2817390709F0C7
:1088800061C0E0939C2EF0939D2EDF91CF910895CF
:10889000EA01CE17DF07E8F54A815B819E014115A9
:1088A0005105B1F7E901EA83FB8349915991C40F5E
:1088B000D51FEC17FD0761F4808191810296840F2A
:1088C000951FE90188839983828193818A839B83A1
:1088D000F0E0E0E012968D919C9113970097B9F526
:1088E0002D913C911197CD010296820F931F2091FB
:1088F0009C2E30919D2E2817390739F6309751F567
:1089000010929E2E10929F2EA0939C2EB0939D2E7F
:10891000BCCFC283D38340815181840F951FC81778
:10892000D90761F44E5F5F4F88819981480F591FC5
:10893000408351838A819B818283938321153105F2
:1089400009F0B0CFE0939E2EF0939F2E9ECFFD01B5
:10895000DC01C0CF12821382D7CFB0E0A0E0E3EBFE
:10896000F4E40C9472418C01009751F4CB010E9405
:1089700088438C01C801CDB7DEB7E0E10C948B4190
:10898000FC01E60FF71F9C0122503109E217F307A3
:1089900008F49DC0D901CD91DC911197C617D70776
:1089A00098F0C530D10530F3CE01049786179707AC
:1089B00008F3C61BD70B2297C193D1936D937C9379
:1089C000CF010E942444D6CF5B01AC1ABD0A4C01F2
:1089D0008C0E9D1EA0919E2EB0919F2E512C412C4D
:1089E000F12CE12C109731F580919C2E90919D2EC9
:1089F0008815990509F05CC04616570608F058C05E
:108A00008091162890911728009741F48DB79EB752
:108A100040911A2850911B28841B950BE817F907E1
:108A200008F055C0E0939C2EF0939D2EF9016083D1
:108A30007183A0CF8D919C91119712966C90129793
:108A400013967C901397A815B90559F56C0142E06F
:108A5000C40ED11CCA14DB0420F1AC014A195B0915
:108A6000DA011296159780F06282738240835183F7
:108A7000D9016D937C93E114F10471F0D701129642
:108A8000ED93FC93139776CF22968C0F9D1FF901DF
:108A900080839183F301EFCFE0939E2EF0939F2E7E
:108AA00069CF4816590608F42C017D01D3019ACFED
:108AB000CB010E9488437C01009749F0AE01B801C8
:108AC0000E946A45C8010E942444870153CF10E0E8
:108AD00000E050CFFB01DC0102C001900D9241503B
:108AE0005040D8F70895FB01DC018D910190801969
:108AF0000110D9F3990B0895FB01DC0101900D924F
:108B00000020E1F70895FB01DC014150504048F09E
:108B100001900D920020C9F701C01D9241505040B4
:108B2000E0F7089510E0CCEFD0E004C0FE010E9411
:108B300082432196CD3FD107C9F7F894FFCF5E005D
:108B4000BC007701000000000000000000000000F1
:108B5000000501010101010100000000000000000A
:108B600000000000000000000000020300000102FD
:108B700003040506070001020304050001020304C3
:108B800005060700010203040506070001020300B1
:108B9000010203040506000000002808660F7C0897
:108BA000F31438130000000028084D0F7C08FD1452
:108BB000871300000000E003B40203033104340310
:108BC0001203260378036D03C70B62055403800468
:108BD00000000000A1097C09BC095209750962095D
:108BE0005309000000000000000001010101010123
:108BF000020202020202020203030303030303034D
:108C00000404040405050505050505010204081012
:108C100020408001020408102001020408102040B6
:108C200080010204081020408001020408010204AF
:108C3000081020404854553331445F54004854557F
:108C40003331445F48002C0038382C39380039392A
:108C50002C313039000D0A0001010101010101012F
:108C600001000100010001000100010100010000FC
:108C7000A02E8000FFFFFFFFFFFFFFFFFFFFFFFFB2
:108C8000FFFFFFFFFFFFFFFFFFFFFFFFFFFFFFFFF4
:108C9000FFFFFFFFFFFFFFFFFFFFFFFFFFFFFFFFE4
:108CA000FFFFFFFFFFFFFFFFFFFFFFFFFFFFFFFFD4
:108CB000FFFFFFFFFFFFFFFFFFFFFFFFFFFFFFFFC4
:108CC000FFFFFFFFFFFFFFFFFFFFFFFFFFFFFFFFB4
:108CD000FFFFFFFFFFFFFFFFFFFFFFFFFFFFFFFFA4
:108CE000FFFFFFFFFFFFFFFFFFFFFFFFFFFFFFFF94
:108CF000FFFFFFFFFFFFFFFFFFFFFFFFFFFFFFFF84
:108D0000FFFFFFFFFFFFFFFFFFFFFFFFFFFFFFFF73
:108D1000FFFFFFFFFFFFFFFFFFFFFFFFFFFFFFFF63
:108D2000FFFFFFFFFFFFFFFFFFFFFFFFFFFFFFFF53
:108D3000FFFFFFFFFFFFFFFFFFFFFFFFFFFFFFFF43
:108D4000FFFFFFFFFFFFFFFFFFFFFFFFFFFFFFFF33
:108D5000FFFFFFFFFFFFFFFFFFFFFFFFFFFFFFFF23
:108D6000FFFFFFFFFFFFFFFFFFFFFFFFFFFFFFFF13
:108D7000FFFFFFFFFFFFFFFFFFFFFFFFFFFFFFFF03
:108D8000FFFFFFFFFFFFFFFFFFFFFFFFFFFFFFFFF3
:108D9000FFFFFFFFFFFFFFFFFFFFFFFFFFFFFFFFE3
:108DA000FFFFFFFFFFFFFFFFFFFFFFFFFFFFFFFFD3
:108DB000FFFFFFFFFFFFFFFFFFFFFFFFFFFFFFFFC3
:108DC000FFFFFFFFFFFFFFFFFFFFFFFFFFFFFFFFB3
:108DD000FFFFFFFFFFFFFFFFFFFFFFFFFFFFFFFFA3
:108DE000FFFFFFFFFFFFFFFFFFFFFFFFFFFFFFFF93
:108DF000FFFFFFFFFFFFFFFFFFFFFFFFFFFFFFFF83
:108E0000FFFFFFFFFFFFFFFFFFFFFFFFFFFFFFFF72
:108E1000FFFFFFFFFFFFFFFFFFFFFFFFFFFFFFFF62
:108E2000FFFFFFFFFFFFFFFFFFFFFFFFFFFFFFFF52
:108E3000FFFFFFFFFFFFFFFFFFFFFFFFFFFFFFFF42
:108E4000FFFFFFFFFFFFFFFFFFFFFFFFFFFFFFFF32
:108E5000FFFFFFFFFFFFFFFFFFFFFFFFFFFFFFFF22
:108E6000FFFFFFFFFFFFFFFFFFFFFFFFFFFFFFFF12
:108E7000FFFFFFFFFFFFFFFFFFFFFFFFFFFFFFFF02
:108E8000FFFFFFFFFFFFFFFFFFFFFFFFFFFFFFFFF2
:108E9000FFFFFFFFFFFFFFFFFFFFFFFFFFFFFFFFE2
:108EA000FFFFFFFFFFFFFFFFFFFFFFFFFFFFFFFFD2
:108EB000FFFFFFFFFFFFFFFFFFFFFFFFFFFFFFFFC2
:108EC000FFFFFFFFFFFFFFFFFFFFFFFFFFFFFFFFB2
:108ED000FFFFFFFFFFFFFFFFFFFFFFFFFFFFFFFFA2
:108EE000FFFFFFFFFFFFFFFFFFFFFFFFFFFFFFFF92
:108EF000FFFFFFFFFFFFFFFFFFFFFFFFFFFFFFFF82
:108F0000FFFFFFFFFFFFFFFFFFFFFFFFFFFFFFFF71
:108F1000FFFFFFFFFFFFFFFFFFFFFFFFFFFFFFFF61
:108F2000FFFFFFFFFFFFFFFFFFFFFFFFFFFFFFFF51
:108F3000FFFFFFFFFFFFFFFFFFFFFFFFFFFFFFFF41
:108F4000FFFFFFFFFFFFFFFFFFFFFFFFFFFFFFFF31
:108F5000FFFFFFFFFFFFFFFFFFFFFFFFFFFFFFFF21
:108F6000FFFFFFFFFFFFFFFFFFFFFFFFFFFFFFFF11
:108F7000FFFFFFFFFFFFFFFFFFFFFFFFFFFFFFFF01
:108F8000FFFFFFFFFFFFFFFFFFFFFFFFFFFFFFFFF1
:108F9000FFFFFFFFFFFFFFFFFFFFFFFFFFFFFFFFE1
:108FA000FFFFFFFFFFFFFFFFFFFFFFFFFFFFFFFFD1
:108FB000FFFFFFFFFFFFFFFFFFFFFFFFFFFFFFFFC1
:108FC000FFFFFFFFFFFFFFFFFFFFFFFFFFFFFFFFB1
:108FD000FFFFFFFFFFFFFFFFFFFFFFFFFFFFFFFFA1
:108FE000FFFFFFFFFFFFFFFFFFFFFFFFFFFFFFFF91
:108FF000FFFFFFFFFFFFFFFFFFFFFFFFFFFFFFFF81
:10900000FFFFFFFFFFFFFFFFFFFFFFFFFFFFFFFF70
:10901000FFFFFFFFFFFFFFFFFFFFFFFFFFFFFFFF60
:10902000FFFFFFFFFFFFFFFFFFFFFFFFFFFFFFFF50
:10903000FFFFFFFFFFFFFFFFFFFFFFFFFFFFFFFF40
:10904000FFFFFFFFFFFFFFFFFFFFFFFFFFFFFFFF30
:10905000FFFFFFFFFFFFFFFFFFFFFFFFFFFFFFFF20
:10906000FFFFFFFFFFFFFFFFFFFFFFFFFFFFFFFF10
:10907000FFFFFFFFFFFFFFFFFFFFFFFFFFFFFFFF00
:10908000FFFFFFFFFFFFFFFFFFFFFFFFFFFFFFFFF0
:10909000FFFFFFFFFFFFFFFFFFFFFFFFFFFFFFFFE0
:1090A000FFFFFFFFFFFFFFFFFFFFFFFFFFFFFFFFD0
:1090B000FFFFFFFFFFFFFFFFFFFFFFFFFFFFFFFFC0
:1090C000FFFFFFFFFFFFFFFFFFFFFFFFFFFFFFFFB0
:1090D000FFFFFFFFFFFFFFFFFFFFFFFFFFFFFFFFA0
:1090E000FFFFFFFFFFFFFFFFFFFFFFFFFFFFFFFF90
:1090F000FFFFFFFFFFFFFFFFFFFFFFFFFFFFFFFF80
:10910000FFFFFFFFFFFFFFFFFFFFFFFFFFFFFFFF6F
:10911000FFFFFFFFFFFFFFFFFFFFFFFFFFFFFFFF5F
:10912000FFFFFFFFFFFFFFFFFFFFFFFFFFFFFFFF4F
:10913000FFFFFFFFFFFFFFFFFFFFFFFFFFFFFFFF3F
:10914000FFFFFFFFFFFFFFFFFFFFFFFFFFFFFFFF2F
:10915000FFFFFFFFFFFFFFFFFFFFFFFFFFFFFFFF1F
:10916000FFFFFFFFFFFFFFFFFFFFFFFFFFFFFFFF0F
:10917000FFFFFFFFFFFFFFFFFFFFFFFFFFFFFFFFFF
:10918000FFFFFFFFFFFFFFFFFFFFFFFFFFFFFFFFEF
:10919000FFFFFFFFFFFFFFFFFFFFFFFFFFFFFFFFDF
:1091A000FFFFFFFFFFFFFFFFFFFFFFFFFFFFFFFFCF
:1091B000FFFFFFFFFFFFFFFFFFFFFFFFFFFFFFFFBF
:1091C000FFFFFFFFFFFFFFFFFFFFFFFFFFFFFFFFAF
:1091D000FFFFFFFFFFFFFFFFFFFFFFFFFFFFFFFF9F
:1091E000FFFFFFFFFFFFFFFFFFFFFFFFFFFFFFFF8F
:1091F000FFFFFFFFFFFFFFFFFFFFFFFFFFFFFFFF7F
:10920000FFFFFFFFFFFFFFFFFFFFFFFFFFFFFFFF6E
:10921000FFFFFFFFFFFFFFFFFFFFFFFFFFFFFFFF5E
:10922000FFFFFFFFFFFFFFFFFFFFFFFFFFFFFFFF4E
:10923000FFFFFFFFFFFFFFFFFFFFFFFFFFFFFFFF3E
:10924000FFFFFFFFFFFFFFFFFFFFFFFFFFFFFFFF2E
:10925000FFFFFFFFFFFFFFFFFFFFFFFFFFFFFFFF1E
:10926000FFFFFFFFFFFFFFFFFFFFFFFFFFFFFFFF0E
:10927000FFFFFFFFFFFFFFFFFFFFFFFFFFFFFFFFFE
:10928000FFFFFFFFFFFFFFFFFFFFFFFFFFFFFFFFEE
:10929000FFFFFFFFFFFFFFFFFFFFFFFFFFFFFFFFDE
:1092A000FFFFFFFFFFFFFFFFFFFFFFFFFFFFFFFFCE
:1092B000FFFFFFFFFFFFFFFFFFFFFFFFFFFFFFFFBE
:1092C000FFFFFFFFFFFFFFFFFFFFFFFFFFFFFFFFAE
:1092D000FFFFFFFFFFFFFFFFFFFFFFFFFFFFFFFF9E
:1092E000FFFFFFFFFFFFFFFFFFFFFFFFFFFFFFFF8E
:1092F000FFFFFFFFFFFFFFFFFFFFFFFFFFFFFFFF7E
:10930000FFFFFFFFFFFFFFFFFFFFFFFFFFFFFFFF6D
:10931000FFFFFFFFFFFFFFFFFFFFFFFFFFFFFFFF5D
:10932000FFFFFFFFFFFFFFFFFFFFFFFFFFFFFFFF4D
:10933000FFFFFFFFFFFFFFFFFFFFFFFFFFFFFFFF3D
:10934000FFFFFFFFFFFFFFFFFFFFFFFFFFFFFFFF2D
:10935000FFFFFFFFFFFFFFFFFFFFFFFFFFFFFFFF1D
:10936000FFFFFFFFFFFFFFFFFFFFFFFFFFFFFFFF0D
:10937000FFFFFFFFFFFFFFFFFFFFFFFFFFFFFFFFFD
:10938000FFFFFFFFFFFFFFFFFFFFFFFFFFFFFFFFED
:10939000FFFFFFFFFFFFFFFFFFFFFFFFFFFFFFFFDD
:1093A000FFFFFFFFFFFFFFFFFFFFFFFFFFFFFFFFCD
:1093B000FFFFFFFFFFFFFFFFFFFFFFFFFFFFFFFFBD
:1093C000FFFFFFFFFFFFFFFFFFFFFFFFFFFFFFFFAD
:1093D000FFFFFFFFFFFFFFFFFFFFFFFFFFFFFFFF9D
:1093E000FFFFFFFFFFFFFFFFFFFFFFFFFFFFFFFF8D
:1093F000FFFFFFFFFFFFFFFFFFFFFFFFFFFFFFFF7D
:10940000FFFFFFFFFFFFFFFFFFFFFFFFFFFFFFFF6C
:10941000FFFFFFFFFFFFFFFFFFFFFFFFFFFFFFFF5C
:10942000FFFFFFFFFFFFFFFFFFFFFFFFFFFFFFFF4C
:10943000FFFFFFFFFFFFFFFFFFFFFFFFFFFFFFFF3C
:10944000FFFFFFFFFFFFFFFFFFFFFFFFFFFFFFFF2C
:10945000FFFFFFFFFFFFFFFFFFFFFFFFFFFFFFFF1C
:10946000FFFFFFFFFFFFFFFFFFFFFFFFFFFFFFFF0C
:10947000FFFFFFFFFFFFFFFFFFFFFFFFFFFFFFFFFC
:10948000FFFFFFFFFFFFFFFFFFFFFFFFFFFFFFFFEC
:10949000FFFFFFFFFFFFFFFFFFFFFFFFFFFFFFFFDC
:1094A000FFFFFFFFFFFFFFFFFFFFFFFFFFFFFFFFCC
:1094B000FFFFFFFFFFFFFFFFFFFFFFFFFFFFFFFFBC
:1094C000FFFFFFFFFFFFFFFFFFFFFFFFFFFFFFFFAC
:1094D000FFFFFFFFFFFFFFFFFFFFFFFFFFFFFFFF9C
:1094E000FFFFFFFFFFFFFFFFFFFFFFFFFFFFFFFF8C
:1094F000FFFFFFFFFFFFFFFFFFFFFFFFFFFFFFFF7C
:10950000FFFFFFFFFFFFFFFFFFFFFFFFFFFFFFFF6B
:10951000FFFFFFFFFFFFFFFFFFFFFFFFFFFFFFFF5B
:10952000FFFFFFFFFFFFFFFFFFFFFFFFFFFFFFFF4B
:10953000FFFFFFFFFFFFFFFFFFFFFFFFFFFFFFFF3B
:10954000FFFFFFFFFFFFFFFFFFFFFFFFFFFFFFFF2B
:10955000FFFFFFFFFFFFFFFFFFFFFFFFFFFFFFFF1B
:10956000FFFFFFFFFFFFFFFFFFFFFFFFFFFFFFFF0B
:10957000FFFFFFFFFFFFFFFFFFFFFFFFFFFFFFFFFB
:10958000FFFFFFFFFFFFFFFFFFFFFFFFFFFFFFFFEB
:10959000FFFFFFFFFFFFFFFFFFFFFFFFFFFFFFFFDB
:1095A000FFFFFFFFFFFFFFFFFFFFFFFFFFFFFFFFCB
:1095B000FFFFFFFFFFFFFFFFFFFFFFFFFFFFFFFFBB
:1095C000FFFFFFFFFFFFFFFFFFFFFFFFFFFFFFFFAB
:1095D000FFFFFFFFFFFFFFFFFFFFFFFFFFFFFFFF9B
:1095E000FFFFFFFFFFFFFFFFFFFFFFFFFFFFFFFF8B
:1095F000FFFFFFFFFFFFFFFFFFFFFFFFFFFFFFFF7B
:10960000FFFFFFFFFFFFFFFFFFFFFFFFFFFFFFFF6A
:10961000FFFFFFFFFFFFFFFFFFFFFFFFFFFFFFFF5A
:10962000FFFFFFFFFFFFFFFFFFFFFFFFFFFFFFFF4A
:10963000FFFFFFFFFFFFFFFFFFFFFFFFFFFFFFFF3A
:10964000FFFFFFFFFFFFFFFFFFFFFFFFFFFFFFFF2A
:10965000FFFFFFFFFFFFFFFFFFFFFFFFFFFFFFFF1A
:10966000FFFFFFFFFFFFFFFFFFFFFFFFFFFFFFFF0A
:10967000FFFFFFFFFFFFFFFFFFFFFFFFFFFFFFFFFA
:10968000FFFFFFFFFFFFFFFFFFFFFFFFFFFFFFFFEA
:10969000FFFFFFFFFFFFFFFFFFFFFFFFFFFFFFFFDA
:1096A000FFFFFFFFFFFFFFFFFFFFFFFFFFFFFFFFCA
:1096B000FFFFFFFFFFFFFFFFFFFFFFFFFFFFFFFFBA
:1096C000FFFFFFFFFFFFFFFFFFFFFFFFFFFFFFFFAA
:1096D000FFFFFFFFFFFFFFFFFFFFFFFFFFFFFFFF9A
:1096E000FFFFFFFFFFFFFFFFFFFFFFFFFFFFFFFF8A
:1096F000FFFFFFFFFFFFFFFFFFFFFFFFFFFFFFFF7A
:10970000FFFFFFFFFFFFFFFFFFFFFFFFFFFFFFFF69
:10971000FFFFFFFFFFFFFFFFFFFFFFFFFFFFFFFF59
:10972000FFFFFFFFFFFFFFFFFFFFFFFFFFFFFFFF49
:10973000FFFFFFFFFFFFFFFFFFFFFFFFFFFFFFFF39
:10974000FFFFFFFFFFFFFFFFFFFFFFFFFFFFFFFF29
:10975000FFFFFFFFFFFFFFFFFFFFFFFFFFFFFFFF19
:10976000FFFFFFFFFFFFFFFFFFFFFFFFFFFFFFFF09
:10977000FFFFFFFFFFFFFFFFFFFFFFFFFFFFFFFFF9
:10978000FFFFFFFFFFFFFFFFFFFFFFFFFFFFFFFFE9
:10979000FFFFFFFFFFFFFFFFFFFFFFFFFFFFFFFFD9
:1097A000FFFFFFFFFFFFFFFFFFFFFFFFFFFFFFFFC9
:1097B000FFFFFFFFFFFFFFFFFFFFFFFFFFFFFFFFB9
:1097C000FFFFFFFFFFFFFFFFFFFFFFFFFFFFFFFFA9
:1097D000FFFFFFFFFFFFFFFFFFFFFFFFFFFFFFFF99
:1097E000FFFFFFFFFFFFFFFFFFFFFFFFFFFFFFFF89
:1097F000FFFFFFFFFFFFFFFFFFFFFFFFFFFFFFFF79
:10980000FFFFFFFFFFFFFFFFFFFFFFFFFFFFFFFF68
:10981000FFFFFFFFFFFFFFFFFFFFFFFFFFFFFFFF58
:10982000FFFFFFFFFFFFFFFFFFFFFFFFFFFFFFFF48
:10983000FFFFFFFFFFFFFFFFFFFFFFFFFFFFFFFF38
:10984000FFFFFFFFFFFFFFFFFFFFFFFFFFFFFFFF28
:10985000FFFFFFFFFFFFFFFFFFFFFFFFFFFFFFFF18
:10986000FFFFFFFFFFFFFFFFFFFFFFFFFFFFFFFF08
:10987000FFFFFFFFFFFFFFFFFFFFFFFFFFFFFFFFF8
:10988000FFFFFFFFFFFFFFFFFFFFFFFFFFFFFFFFE8
:10989000FFFFFFFFFFFFFFFFFFFFFFFFFFFFFFFFD8
:1098A000FFFFFFFFFFFFFFFFFFFFFFFFFFFFFFFFC8
:1098B000FFFFFFFFFFFFFFFFFFFFFFFFFFFFFFFFB8
:1098C000FFFFFFFFFFFFFFFFFFFFFFFFFFFFFFFFA8
:1098D000FFFFFFFFFFFFFFFFFFFFFFFFFFFFFFFF98
:1098E000FFFFFFFFFFFFFFFFFFFFFFFFFFFFFFFF88
:1098F000FFFFFFFFFFFFFFFFFFFFFFFFFFFFFFFF78
:10990000FFFFFFFFFFFFFFFFFFFFFFFFFFFFFFFF67
:10991000FFFFFFFFFFFFFFFFFFFFFFFFFFFFFFFF57
:10992000FFFFFFFFFFFFFFFFFFFFFFFFFFFFFFFF47
:10993000FFFFFFFFFFFFFFFFFFFFFFFFFFFFFFFF37
:10994000FFFFFFFFFFFFFFFFFFFFFFFFFFFFFFFF27
:10995000FFFFFFFFFFFFFFFFFFFFFFFFFFFFFFFF17
:10996000FFFFFFFFFFFFFFFFFFFFFFFFFFFFFFFF07
:10997000FFFFFFFFFFFFFFFFFFFFFFFFFFFFFFFFF7
:10998000FFFFFFFFFFFFFFFFFFFFFFFFFFFFFFFFE7
:10999000FFFFFFFFFFFFFFFFFFFFFFFFFFFFFFFFD7
:1099A000FFFFFFFFFFFFFFFFFFFFFFFFFFFFFFFFC7
:1099B000FFFFFFFFFFFFFFFFFFFFFFFFFFFFFFFFB7
:1099C000FFFFFFFFFFFFFFFFFFFFFFFFFFFFFFFFA7
:1099D000FFFFFFFFFFFFFFFFFFFFFFFFFFFFFFFF97
:1099E000FFFFFFFFFFFFFFFFFFFFFFFFFFFFFFFF87
:1099F000FFFFFFFFFFFFFFFFFFFFFFFFFFFFFFFF77
:109A0000FFFFFFFFFFFFFFFFFFFFFFFFFFFFFFFF66
:109A1000FFFFFFFFFFFFFFFFFFFFFFFFFFFFFFFF56
:109A2000FFFFFFFFFFFFFFFFFFFFFFFFFFFFFFFF46
:109A3000FFFFFFFFFFFFFFFFFFFFFFFFFFFFFFFF36
:109A4000FFFFFFFFFFFFFFFFFFFFFFFFFFFFFFFF26
:109A5000FFFFFFFFFFFFFFFFFFFFFFFFFFFFFFFF16
:109A6000FFFFFFFFFFFFFFFFFFFFFFFFFFFFFFFF06
:109A7000FFFFFFFFFFFFFFFFFFFFFFFFFFFFFFFFF6
:109A8000FFFFFFFFFFFFFFFFFFFFFFFFFFFFFFFFE6
:109A9000FFFFFFFFFFFFFFFFFFFFFFFFFFFFFFFFD6
:109AA000FFFFFFFFFFFFFFFFFFFFFFFFFFFFFFFFC6
:109AB000FFFFFFFFFFFFFFFFFFFFFFFFFFFFFFFFB6
:109AC000FFFFFFFFFFFFFFFFFFFFFFFFFFFFFFFFA6
:109AD000FFFFFFFFFFFFFFFFFFFFFFFFFFFFFFFF96
:109AE000FFFFFFFFFFFFFFFFFFFFFFFFFFFFFFFF86
:109AF000FFFFFFFFFFFFFFFFFFFFFFFFFFFFFFFF76
:109B0000FFFFFFFFFFFFFFFFFFFFFFFFFFFFFFFF65
:109B1000FFFFFFFFFFFFFFFFFFFFFFFFFFFFFFFF55
:109B2000FFFFFFFFFFFFFFFFFFFFFFFFFFFFFFFF45
:109B3000FFFFFFFFFFFFFFFFFFFFFFFFFFFFFFFF35
:109B4000FFFFFFFFFFFFFFFFFFFFFFFFFFFFFFFF25
:109B5000FFFFFFFFFFFFFFFFFFFFFFFFFFFFFFFF15
:109B6000FFFFFFFFFFFFFFFFFFFFFFFFFFFFFFFF05
:109B7000FFFFFFFFFFFFFFFFFFFFFFFFFFFFFFFFF5
:109B8000FFFFFFFFFFFFFFFFFFFFFFFFFFFFFFFFE5
:109B9000FFFFFFFFFFFFFFFFFFFFFFFFFFFFFFFFD5
:109BA000FFFFFFFFFFFFFFFFFFFFFFFFFFFFFFFFC5
:109BB000FFFFFFFFFFFFFFFFFFFFFFFFFFFFFFFFB5
:109BC000FFFFFFFFFFFFFFFFFFFFFFFFFFFFFFFFA5
:109BD000FFFFFFFFFFFFFFFFFFFFFFFFFFFFFFFF95
:109BE000FFFFFFFFFFFFFFFFFFFFFFFFFFFFFFFF85
:109BF000FFFFFFFFFFFFFFFFFFFFFFFFFFFFFFFF75
:109C0000FFFFFFFFFFFFFFFFFFFFFFFFFFFFFFFF64
:109C1000FFFFFFFFFFFFFFFFFFFFFFFFFFFFFFFF54
:109C2000FFFFFFFFFFFFFFFFFFFFFFFFFFFFFFFF44
:109C3000FFFFFFFFFFFFFFFFFFFFFFFFFFFFFFFF34
:109C4000FFFFFFFFFFFFFFFFFFFFFFFFFFFFFFFF24
:109C5000FFFFFFFFFFFFFFFFFFFFFFFFFFFFFFFF14
:109C6000FFFFFFFFFFFFFFFFFFFFFFFFFFFFFFFF04
:109C7000FFFFFFFFFFFFFFFFFFFFFFFFFFFFFFFFF4
:109C8000FFFFFFFFFFFFFFFFFFFFFFFFFFFFFFFFE4
:109C9000FFFFFFFFFFFFFFFFFFFFFFFFFFFFFFFFD4
:109CA000FFFFFFFFFFFFFFFFFFFFFFFFFFFFFFFFC4
:109CB000FFFFFFFFFFFFFFFFFFFFFFFFFFFFFFFFB4
:109CC000FFFFFFFFFFFFFFFFFFFFFFFFFFFFFFFFA4
:109CD000FFFFFFFFFFFFFFFFFFFFFFFFFFFFFFFF94
:109CE000FFFFFFFFFFFFFFFFFFFFFFFFFFFFFFFF84
:109CF000FFFFFFFFFFFFFFFFFFFFFFFFFFFFFFFF74
:109D0000FFFFFFFFFFFFFFFFFFFFFFFFFFFFFFFF63
:109D1000FFFFFFFFFFFFFFFFFFFFFFFFFFFFFFFF53
:109D2000FFFFFFFFFFFFFFFFFFFFFFFFFFFFFFFF43
:109D3000FFFFFFFFFFFFFFFFFFFFFFFFFFFFFFFF33
:109D4000FFFFFFFFFFFFFFFFFFFFFFFFFFFFFFFF23
:109D5000FFFFFFFFFFFFFFFFFFFFFFFFFFFFFFFF13
:109D6000FFFFFFFFFFFFFFFFFFFFFFFFFFFFFFFF03
:109D7000FFFFFFFFFFFFFFFFFFFFFFFFFFFFFFFFF3
:109D8000FFFFFFFFFFFFFFFFFFFFFFFFFFFFFFFFE3
:109D9000FFFFFFFFFFFFFFFFFFFFFFFFFFFFFFFFD3
:109DA000FFFFFFFFFFFFFFFFFFFFFFFFFFFFFFFFC3
:109DB000FFFFFFFFFFFFFFFFFFFFFFFFFFFFFFFFB3
:109DC000FFFFFFFFFFFFFFFFFFFFFFFFFFFFFFFFA3
:109DD000FFFFFFFFFFFFFFFFFFFFFFFFFFFFFFFF93
:109DE000FFFFFFFFFFFFFFFFFFFFFFFFFFFFFFFF83
:109DF000FFFFFFFFFFFFFFFFFFFFFFFFFFFFFFFF73
:109E0000FFFFFFFFFFFFFFFFFFFFFFFFFFFFFFFF62
:109E1000FFFFFFFFFFFFFFFFFFFFFFFFFFFFFFFF52
:109E2000FFFFFFFFFFFFFFFFFFFFFFFFFFFFFFFF42
:109E3000FFFFFFFFFFFFFFFFFFFFFFFFFFFFFFFF32
:109E4000FFFFFFFFFFFFFFFFFFFFFFFFFFFFFFFF22
:109E5000FFFFFFFFFFFFFFFFFFFFFFFFFFFFFFFF12
:109E6000FFFFFFFFFFFFFFFFFFFFFFFFFFFFFFFF02
:109E7000FFFFFFFFFFFFFFFFFFFFFFFFFFFFFFFFF2
:109E8000FFFFFFFFFFFFFFFFFFFFFFFFFFFFFFFFE2
:109E9000FFFFFFFFFFFFFFFFFFFFFFFFFFFFFFFFD2
:109EA000FFFFFFFFFFFFFFFFFFFFFFFFFFFFFFFFC2
:109EB000FFFFFFFFFFFFFFFFFFFFFFFFFFFFFFFFB2
:109EC000FFFFFFFFFFFFFFFFFFFFFFFFFFFFFFFFA2
:109ED000FFFFFFFFFFFFFFFFFFFFFFFFFFFFFFFF92
:109EE000FFFFFFFFFFFFFFFFFFFFFFFFFFFFFFFF82
:109EF000FFFFFFFFFFFFFFFFFFFFFFFFFFFFFFFF72
:109F0000FFFFFFFFFFFFFFFFFFFFFFFFFFFFFFFF61
:109F1000FFFFFFFFFFFFFFFFFFFFFFFFFFFFFFFF51
:109F2000FFFFFFFFFFFFFFFFFFFFFFFFFFFFFFFF41
:109F3000FFFFFFFFFFFFFFFFFFFFFFFFFFFFFFFF31
:109F4000FFFFFFFFFFFFFFFFFFFFFFFFFFFFFFFF21
:109F5000FFFFFFFFFFFFFFFFFFFFFFFFFFFFFFFF11
:109F6000FFFFFFFFFFFFFFFFFFFFFFFFFFFFFFFF01
:109F7000FFFFFFFFFFFFFFFFFFFFFFFFFFFFFFFFF1
:109F8000FFFFFFFFFFFFFFFFFFFFFFFFFFFFFFFFE1
:109F9000FFFFFFFFFFFFFFFFFFFFFFFFFFFFFFFFD1
:109FA000FFFFFFFFFFFFFFFFFFFFFFFFFFFFFFFFC1
:109FB000FFFFFFFFFFFFFFFFFFFFFFFFFFFFFFFFB1
:109FC000FFFFFFFFFFFFFFFFFFFFFFFFFFFFFFFFA1
:109FD000FFFFFFFFFFFFFFFFFFFFFFFFFFFFFFFF91
:109FE000FFFFFFFFFFFFFFFFFFFFFFFFFFFFFFFF81
:109FF000FFFFFFFFFFFFFFFFFFFFFFFFFFFFFFFF71
:10A00000FFFFFFFFFFFFFFFFFFFFFFFFFFFFFFFF60
:10A01000FFFFFFFFFFFFFFFFFFFFFFFFFFFFFFFF50
:10A02000FFFFFFFFFFFFFFFFFFFFFFFFFFFFFFFF40
:10A03000FFFFFFFFFFFFFFFFFFFFFFFFFFFFFFFF30
:10A04000FFFFFFFFFFFFFFFFFFFFFFFFFFFFFFFF20
:10A05000FFFFFFFFFFFFFFFFFFFFFFFFFFFFFFFF10
:10A06000FFFFFFFFFFFFFFFFFFFFFFFFFFFFFFFF00
:10A07000FFFFFFFFFFFFFFFFFFFFFFFFFFFFFFFFF0
:10A08000FFFFFFFFFFFFFFFFFFFFFFFFFFFFFFFFE0
:10A09000FFFFFFFFFFFFFFFFFFFFFFFFFFFFFFFFD0
:10A0A000FFFFFFFFFFFFFFFFFFFFFFFFFFFFFFFFC0
:10A0B000FFFFFFFFFFFFFFFFFFFFFFFFFFFFFFFFB0
:10A0C000FFFFFFFFFFFFFFFFFFFFFFFFFFFFFFFFA0
:10A0D000FFFFFFFFFFFFFFFFFFFFFFFFFFFFFFFF90
:10A0E000FFFFFFFFFFFFFFFFFFFFFFFFFFFFFFFF80
:10A0F000FFFFFFFFFFFFFFFFFFFFFFFFFFFFFFFF70
:10A10000FFFFFFFFFFFFFFFFFFFFFFFFFFFFFFFF5F
:10A11000FFFFFFFFFFFFFFFFFFFFFFFFFFFFFFFF4F
:10A12000FFFFFFFFFFFFFFFFFFFFFFFFFFFFFFFF3F
:10A13000FFFFFFFFFFFFFFFFFFFFFFFFFFFFFFFF2F
:10A14000FFFFFFFFFFFFFFFFFFFFFFFFFFFFFFFF1F
:10A15000FFFFFFFFFFFFFFFFFFFFFFFFFFFFFFFF0F
:10A16000FFFFFFFFFFFFFFFFFFFFFFFFFFFFFFFFFF
:10A17000FFFFFFFFFFFFFFFFFFFFFFFFFFFFFFFFEF
:10A18000FFFFFFFFFFFFFFFFFFFFFFFFFFFFFFFFDF
:10A19000FFFFFFFFFFFFFFFFFFFFFFFFFFFFFFFFCF
:10A1A000FFFFFFFFFFFFFFFFFFFFFFFFFFFFFFFFBF
:10A1B000FFFFFFFFFFFFFFFFFFFFFFFFFFFFFFFFAF
:10A1C000FFFFFFFFFFFFFFFFFFFFFFFFFFFFFFFF9F
:10A1D000FFFFFFFFFFFFFFFFFFFFFFFFFFFFFFFF8F
:10A1E000FFFFFFFFFFFFFFFFFFFFFFFFFFFFFFFF7F
:10A1F000FFFFFFFFFFFFFFFFFFFFFFFFFFFFFFFF6F
:10A20000FFFFFFFFFFFFFFFFFFFFFFFFFFFFFFFF5E
:10A21000FFFFFFFFFFFFFFFFFFFFFFFFFFFFFFFF4E
:10A22000FFFFFFFFFFFFFFFFFFFFFFFFFFFFFFFF3E
:10A23000FFFFFFFFFFFFFFFFFFFFFFFFFFFFFFFF2E
:10A24000FFFFFFFFFFFFFFFFFFFFFFFFFFFFFFFF1E
:10A25000FFFFFFFFFFFFFFFFFFFFFFFFFFFFFFFF0E
:10A26000FFFFFFFFFFFFFFFFFFFFFFFFFFFFFFFFFE
:10A27000FFFFFFFFFFFFFFFFFFFFFFFFFFFFFFFFEE
:10A28000FFFFFFFFFFFFFFFFFFFFFFFFFFFFFFFFDE
:10A29000FFFFFFFFFFFFFFFFFFFFFFFFFFFFFFFFCE
:10A2A000FFFFFFFFFFFFFFFFFFFFFFFFFFFFFFFFBE
:10A2B000FFFFFFFFFFFFFFFFFFFFFFFFFFFFFFFFAE
:10A2C000FFFFFFFFFFFFFFFFFFFFFFFFFFFFFFFF9E
:10A2D000FFFFFFFFFFFFFFFFFFFFFFFFFFFFFFFF8E
:10A2E000FFFFFFFFFFFFFFFFFFFFFFFFFFFFFFFF7E
:10A2F000FFFFFFFFFFFFFFFFFFFFFFFFFFFFFFFF6E
:10A30000FFFFFFFFFFFFFFFFFFFFFFFFFFFFFFFF5D
:10A31000FFFFFFFFFFFFFFFFFFFFFFFFFFFFFFFF4D
:10A32000FFFFFFFFFFFFFFFFFFFFFFFFFFFFFFFF3D
:10A33000FFFFFFFFFFFFFFFFFFFFFFFFFFFFFFFF2D
:10A34000FFFFFFFFFFFFFFFFFFFFFFFFFFFFFFFF1D
:10A35000FFFFFFFFFFFFFFFFFFFFFFFFFFFFFFFF0D
:10A36000FFFFFFFFFFFFFFFFFFFFFFFFFFFFFFFFFD
:10A37000FFFFFFFFFFFFFFFFFFFFFFFFFFFFFFFFED
:10A38000FFFFFFFFFFFFFFFFFFFFFFFFFFFFFFFFDD
:10A39000FFFFFFFFFFFFFFFFFFFFFFFFFFFFFFFFCD
:10A3A000FFFFFFFFFFFFFFFFFFFFFFFFFFFFFFFFBD
:10A3B000FFFFFFFFFFFFFFFFFFFFFFFFFFFFFFFFAD
:10A3C000FFFFFFFFFFFFFFFFFFFFFFFFFFFFFFFF9D
:10A3D000FFFFFFFFFFFFFFFFFFFFFFFFFFFFFFFF8D
:10A3E000FFFFFFFFFFFFFFFFFFFFFFFFFFFFFFFF7D
:10A3F000FFFFFFFFFFFFFFFFFFFFFFFFFFFFFFFF6D
:10A40000FFFFFFFFFFFFFFFFFFFFFFFFFFFFFFFF5C
:10A41000FFFFFFFFFFFFFFFFFFFFFFFFFFFFFFFF4C
:10A42000FFFFFFFFFFFFFFFFFFFFFFFFFFFFFFFF3C
:10A43000FFFFFFFFFFFFFFFFFFFFFFFFFFFFFFFF2C
:10A44000FFFFFFFFFFFFFFFFFFFFFFFFFFFFFFFF1C
:10A45000FFFFFFFFFFFFFFFFFFFFFFFFFFFFFFFF0C
:10A46000FFFFFFFFFFFFFFFFFFFFFFFFFFFFFFFFFC
:10A47000FFFFFFFFFFFFFFFFFFFFFFFFFFFFFFFFEC
:10A48000FFFFFFFFFFFFFFFFFFFFFFFFFFFFFFFFDC
:10A49000FFFFFFFFFFFFFFFFFFFFFFFFFFFFFFFFCC
:10A4A000FFFFFFFFFFFFFFFFFFFFFFFFFFFFFFFFBC
:10A4B000FFFFFFFFFFFFFFFFFFFFFFFFFFFFFFFFAC
:10A4C000FFFFFFFFFFFFFFFFFFFFFFFFFFFFFFFF9C
:10A4D000FFFFFFFFFFFFFFFFFFFFFFFFFFFFFFFF8C
:10A4E000FFFFFFFFFFFFFFFFFFFFFFFFFFFFFFFF7C
:10A4F000FFFFFFFFFFFFFFFFFFFFFFFFFFFFFFFF6C
:10A50000FFFFFFFFFFFFFFFFFFFFFFFFFFFFFFFF5B
:10A51000FFFFFFFFFFFFFFFFFFFFFFFFFFFFFFFF4B
:10A52000FFFFFFFFFFFFFFFFFFFFFFFFFFFFFFFF3B
:10A53000FFFFFFFFFFFFFFFFFFFFFFFFFFFFFFFF2B
:10A54000FFFFFFFFFFFFFFFFFFFFFFFFFFFFFFFF1B
:10A55000FFFFFFFFFFFFFFFFFFFFFFFFFFFFFFFF0B
:10A56000FFFFFFFFFFFFFFFFFFFFFFFFFFFFFFFFFB
:10A57000FFFFFFFFFFFFFFFFFFFFFFFFFFFFFFFFEB
:10A58000FFFFFFFFFFFFFFFFFFFFFFFFFFFFFFFFDB
:10A59000FFFFFFFFFFFFFFFFFFFFFFFFFFFFFFFFCB
:10A5A000FFFFFFFFFFFFFFFFFFFFFFFFFFFFFFFFBB
:10A5B000FFFFFFFFFFFFFFFFFFFFFFFFFFFFFFFFAB
:10A5C000FFFFFFFFFFFFFFFFFFFFFFFFFFFFFFFF9B
:10A5D000FFFFFFFFFFFFFFFFFFFFFFFFFFFFFFFF8B
:10A5E000FFFFFFFFFFFFFFFFFFFFFFFFFFFFFFFF7B
:10A5F000FFFFFFFFFFFFFFFFFFFFFFFFFFFFFFFF6B
:10A60000FFFFFFFFFFFFFFFFFFFFFFFFFFFFFFFF5A
:10A61000FFFFFFFFFFFFFFFFFFFFFFFFFFFFFFFF4A
:10A62000FFFFFFFFFFFFFFFFFFFFFFFFFFFFFFFF3A
:10A63000FFFFFFFFFFFFFFFFFFFFFFFFFFFFFFFF2A
:10A64000FFFFFFFFFFFFFFFFFFFFFFFFFFFFFFFF1A
:10A65000FFFFFFFFFFFFFFFFFFFFFFFFFFFFFFFF0A
:10A66000FFFFFFFFFFFFFFFFFFFFFFFFFFFFFFFFFA
:10A67000FFFFFFFFFFFFFFFFFFFFFFFFFFFFFFFFEA
:10A68000FFFFFFFFFFFFFFFFFFFFFFFFFFFFFFFFDA
:10A69000FFFFFFFFFFFFFFFFFFFFFFFFFFFFFFFFCA
:10A6A000FFFFFFFFFFFFFFFFFFFFFFFFFFFFFFFFBA
:10A6B000FFFFFFFFFFFFFFFFFFFFFFFFFFFFFFFFAA
:10A6C000FFFFFFFFFFFFFFFFFFFFFFFFFFFFFFFF9A
:10A6D000FFFFFFFFFFFFFFFFFFFFFFFFFFFFFFFF8A
:10A6E000FFFFFFFFFFFFFFFFFFFFFFFFFFFFFFFF7A
:10A6F000FFFFFFFFFFFFFFFFFFFFFFFFFFFFFFFF6A
:10A70000FFFFFFFFFFFFFFFFFFFFFFFFFFFFFFFF59
:10A71000FFFFFFFFFFFFFFFFFFFFFFFFFFFFFFFF49
:10A72000FFFFFFFFFFFFFFFFFFFFFFFFFFFFFFFF39
:10A73000FFFFFFFFFFFFFFFFFFFFFFFFFFFFFFFF29
:10A74000FFFFFFFFFFFFFFFFFFFFFFFFFFFFFFFF19
:10A75000FFFFFFFFFFFFFFFFFFFFFFFFFFFFFFFF09
:10A76000FFFFFFFFFFFFFFFFFFFFFFFFFFFFFFFFF9
:10A77000FFFFFFFFFFFFFFFFFFFFFFFFFFFFFFFFE9
:10A78000FFFFFFFFFFFFFFFFFFFFFFFFFFFFFFFFD9
:10A79000FFFFFFFFFFFFFFFFFFFFFFFFFFFFFFFFC9
:10A7A000FFFFFFFFFFFFFFFFFFFFFFFFFFFFFFFFB9
:10A7B000FFFFFFFFFFFFFFFFFFFFFFFFFFFFFFFFA9
:10A7C000FFFFFFFFFFFFFFFFFFFFFFFFFFFFFFFF99
:10A7D000FFFFFFFFFFFFFFFFFFFFFFFFFFFFFFFF89
:10A7E000FFFFFFFFFFFFFFFFFFFFFFFFFFFFFFFF79
:10A7F000FFFFFFFFFFFFFFFFFFFFFFFFFFFFFFFF69
:10A80000FFFFFFFFFFFFFFFFFFFFFFFFFFFFFFFF58
:10A81000FFFFFFFFFFFFFFFFFFFFFFFFFFFFFFFF48
:10A82000FFFFFFFFFFFFFFFFFFFFFFFFFFFFFFFF38
:10A83000FFFFFFFFFFFFFFFFFFFFFFFFFFFFFFFF28
:10A84000FFFFFFFFFFFFFFFFFFFFFFFFFFFFFFFF18
:10A85000FFFFFFFFFFFFFFFFFFFFFFFFFFFFFFFF08
:10A86000FFFFFFFFFFFFFFFFFFFFFFFFFFFFFFFFF8
:10A87000FFFFFFFFFFFFFFFFFFFFFFFFFFFFFFFFE8
:10A88000FFFFFFFFFFFFFFFFFFFFFFFFFFFFFFFFD8
:10A89000FFFFFFFFFFFFFFFFFFFFFFFFFFFFFFFFC8
:10A8A000FFFFFFFFFFFFFFFFFFFFFFFFFFFFFFFFB8
:10A8B000FFFFFFFFFFFFFFFFFFFFFFFFFFFFFFFFA8
:10A8C000FFFFFFFFFFFFFFFFFFFFFFFFFFFFFFFF98
:10A8D000FFFFFFFFFFFFFFFFFFFFFFFFFFFFFFFF88
:10A8E000FFFFFFFFFFFFFFFFFFFFFFFFFFFFFFFF78
:10A8F000FFFFFFFFFFFFFFFFFFFFFFFFFFFFFFFF68
:10A90000FFFFFFFFFFFFFFFFFFFFFFFFFFFFFFFF57
:10A91000FFFFFFFFFFFFFFFFFFFFFFFFFFFFFFFF47
:10A92000FFFFFFFFFFFFFFFFFFFFFFFFFFFFFFFF37
:10A93000FFFFFFFFFFFFFFFFFFFFFFFFFFFFFFFF27
:10A94000FFFFFFFFFFFFFFFFFFFFFFFFFFFFFFFF17
:10A95000FFFFFFFFFFFFFFFFFFFFFFFFFFFFFFFF07
:10A96000FFFFFFFFFFFFFFFFFFFFFFFFFFFFFFFFF7
:10A97000FFFFFFFFFFFFFFFFFFFFFFFFFFFFFFFFE7
:10A98000FFFFFFFFFFFFFFFFFFFFFFFFFFFFFFFFD7
:10A99000FFFFFFFFFFFFFFFFFFFFFFFFFFFFFFFFC7
:10A9A000FFFFFFFFFFFFFFFFFFFFFFFFFFFFFFFFB7
:10A9B000FFFFFFFFFFFFFFFFFFFFFFFFFFFFFFFFA7
:10A9C000FFFFFFFFFFFFFFFFFFFFFFFFFFFFFFFF97
:10A9D000FFFFFFFFFFFFFFFFFFFFFFFFFFFFFFFF87
:10A9E000FFFFFFFFFFFFFFFFFFFFFFFFFFFFFFFF77
:10A9F000FFFFFFFFFFFFFFFFFFFFFFFFFFFFFFFF67
:10AA0000FFFFFFFFFFFFFFFFFFFFFFFFFFFFFFFF56
:10AA1000FFFFFFFFFFFFFFFFFFFFFFFFFFFFFFFF46
:10AA2000FFFFFFFFFFFFFFFFFFFFFFFFFFFFFFFF36
:10AA3000FFFFFFFFFFFFFFFFFFFFFFFFFFFFFFFF26
:10AA4000FFFFFFFFFFFFFFFFFFFFFFFFFFFFFFFF16
:10AA5000FFFFFFFFFFFFFFFFFFFFFFFFFFFFFFFF06
:10AA6000FFFFFFFFFFFFFFFFFFFFFFFFFFFFFFFFF6
:10AA7000FFFFFFFFFFFFFFFFFFFFFFFFFFFFFFFFE6
:10AA8000FFFFFFFFFFFFFFFFFFFFFFFFFFFFFFFFD6
:10AA9000FFFFFFFFFFFFFFFFFFFFFFFFFFFFFFFFC6
:10AAA000FFFFFFFFFFFFFFFFFFFFFFFFFFFFFFFFB6
:10AAB000FFFFFFFFFFFFFFFFFFFFFFFFFFFFFFFFA6
:10AAC000FFFFFFFFFFFFFFFFFFFFFFFFFFFFFFFF96
:10AAD000FFFFFFFFFFFFFFFFFFFFFFFFFFFFFFFF86
:10AAE000FFFFFFFFFFFFFFFFFFFFFFFFFFFFFFFF76
:10AAF000FFFFFFFFFFFFFFFFFFFFFFFFFFFFFFFF66
:10AB0000FFFFFFFFFFFFFFFFFFFFFFFFFFFFFFFF55
:10AB1000FFFFFFFFFFFFFFFFFFFFFFFFFFFFFFFF45
:10AB2000FFFFFFFFFFFFFFFFFFFFFFFFFFFFFFFF35
:10AB3000FFFFFFFFFFFFFFFFFFFFFFFFFFFFFFFF25
:10AB4000FFFFFFFFFFFFFFFFFFFFFFFFFFFFFFFF15
:10AB5000FFFFFFFFFFFFFFFFFFFFFFFFFFFFFFFF05
:10AB6000FFFFFFFFFFFFFFFFFFFFFFFFFFFFFFFFF5
:10AB7000FFFFFFFFFFFFFFFFFFFFFFFFFFFFFFFFE5
:10AB8000FFFFFFFFFFFFFFFFFFFFFFFFFFFFFFFFD5
:10AB9000FFFFFFFFFFFFFFFFFFFFFFFFFFFFFFFFC5
:10ABA000FFFFFFFFFFFFFFFFFFFFFFFFFFFFFFFFB5
:10ABB000FFFFFFFFFFFFFFFFFFFFFFFFFFFFFFFFA5
:10ABC000FFFFFFFFFFFFFFFFFFFFFFFFFFFFFFFF95
:10ABD000FFFFFFFFFFFFFFFFFFFFFFFFFFFFFFFF85
:10ABE000FFFFFFFFFFFFFFFFFFFFFFFFFFFFFFFF75
:10ABF000FFFFFFFFFFFFFFFFFFFFFFFFFFFFFFFF65
:10AC0000FFFFFFFFFFFFFFFFFFFFFFFFFFFFFFFF54
:10AC1000FFFFFFFFFFFFFFFFFFFFFFFFFFFFFFFF44
:10AC2000FFFFFFFFFFFFFFFFFFFFFFFFFFFFFFFF34
:10AC3000FFFFFFFFFFFFFFFFFFFFFFFFFFFFFFFF24
:10AC4000FFFFFFFFFFFFFFFFFFFFFFFFFFFFFFFF14
:10AC5000FFFFFFFFFFFFFFFFFFFFFFFFFFFFFFFF04
:10AC6000FFFFFFFFFFFFFFFFFFFFFFFFFFFFFFFFF4
:10AC7000FFFFFFFFFFFFFFFFFFFFFFFFFFFFFFFFE4
:10AC8000FFFFFFFFFFFFFFFFFFFFFFFFFFFFFFFFD4
:10AC9000FFFFFFFFFFFFFFFFFFFFFFFFFFFFFFFFC4
:10ACA000FFFFFFFFFFFFFFFFFFFFFFFFFFFFFFFFB4
:10ACB000FFFFFFFFFFFFFFFFFFFFFFFFFFFFFFFFA4
:10ACC000FFFFFFFFFFFFFFFFFFFFFFFFFFFFFFFF94
:10ACD000FFFFFFFFFFFFFFFFFFFFFFFFFFFFFFFF84
:10ACE000FFFFFFFFFFFFFFFFFFFFFFFFFFFFFFFF74
:10ACF000FFFFFFFFFFFFFFFFFFFFFFFFFFFFFFFF64
:10AD0000FFFFFFFFFFFFFFFFFFFFFFFFFFFFFFFF53
:10AD1000FFFFFFFFFFFFFFFFFFFFFFFFFFFFFFFF43
:10AD2000FFFFFFFFFFFFFFFFFFFFFFFFFFFFFFFF33
:10AD3000FFFFFFFFFFFFFFFFFFFFFFFFFFFFFFFF23
:10AD4000FFFFFFFFFFFFFFFFFFFFFFFFFFFFFFFF13
:10AD5000FFFFFFFFFFFFFFFFFFFFFFFFFFFFFFFF03
:10AD6000FFFFFFFFFFFFFFFFFFFFFFFFFFFFFFFFF3
:10AD7000FFFFFFFFFFFFFFFFFFFFFFFFFFFFFFFFE3
:10AD8000FFFFFFFFFFFFFFFFFFFFFFFFFFFFFFFFD3
:10AD9000FFFFFFFFFFFFFFFFFFFFFFFFFFFFFFFFC3
:10ADA000FFFFFFFFFFFFFFFFFFFFFFFFFFFFFFFFB3
:10ADB000FFFFFFFFFFFFFFFFFFFFFFFFFFFFFFFFA3
:10ADC000FFFFFFFFFFFFFFFFFFFFFFFFFFFFFFFF93
:10ADD000FFFFFFFFFFFFFFFFFFFFFFFFFFFFFFFF83
:10ADE000FFFFFFFFFFFFFFFFFFFFFFFFFFFFFFFF73
:10ADF000FFFFFFFFFFFFFFFFFFFFFFFFFFFFFFFF63
:10AE0000FFFFFFFFFFFFFFFFFFFFFFFFFFFFFFFF52
:10AE1000FFFFFFFFFFFFFFFFFFFFFFFFFFFFFFFF42
:10AE2000FFFFFFFFFFFFFFFFFFFFFFFFFFFFFFFF32
:10AE3000FFFFFFFFFFFFFFFFFFFFFFFFFFFFFFFF22
:10AE4000FFFFFFFFFFFFFFFFFFFFFFFFFFFFFFFF12
:10AE5000FFFFFFFFFFFFFFFFFFFFFFFFFFFFFFFF02
:10AE6000FFFFFFFFFFFFFFFFFFFFFFFFFFFFFFFFF2
:10AE7000FFFFFFFFFFFFFFFFFFFFFFFFFFFFFFFFE2
:10AE8000FFFFFFFFFFFFFFFFFFFFFFFFFFFFFFFFD2
:10AE9000FFFFFFFFFFFFFFFFFFFFFFFFFFFFFFFFC2
:10AEA000FFFFFFFFFFFFFFFFFFFFFFFFFFFFFFFFB2
:10AEB000FFFFFFFFFFFFFFFFFFFFFFFFFFFFFFFFA2
:10AEC000FFFFFFFFFFFFFFFFFFFFFFFFFFFFFFFF92
:10AED000FFFFFFFFFFFFFFFFFFFFFFFFFFFFFFFF82
:10AEE000FFFFFFFFFFFFFFFFFFFFFFFFFFFFFFFF72
:10AEF000FFFFFFFFFFFFFFFFFFFFFFFFFFFFFFFF62
:10AF0000FFFFFFFFFFFFFFFFFFFFFFFFFFFFFFFF51
:10AF1000FFFFFFFFFFFFFFFFFFFFFFFFFFFFFFFF41
:10AF2000FFFFFFFFFFFFFFFFFFFFFFFFFFFFFFFF31
:10AF3000FFFFFFFFFFFFFFFFFFFFFFFFFFFFFFFF21
:10AF4000FFFFFFFFFFFFFFFFFFFFFFFFFFFFFFFF11
:10AF5000FFFFFFFFFFFFFFFFFFFFFFFFFFFFFFFF01
:10AF6000FFFFFFFFFFFFFFFFFFFFFFFFFFFFFFFFF1
:10AF7000FFFFFFFFFFFFFFFFFFFFFFFFFFFFFFFFE1
:10AF8000FFFFFFFFFFFFFFFFFFFFFFFFFFFFFFFFD1
:10AF9000FFFFFFFFFFFFFFFFFFFFFFFFFFFFFFFFC1
:10AFA000FFFFFFFFFFFFFFFFFFFFFFFFFFFFFFFFB1
:10AFB000FFFFFFFFFFFFFFFFFFFFFFFFFFFFFFFFA1
:10AFC000FFFFFFFFFFFFFFFFFFFFFFFFFFFFFFFF91
:10AFD000FFFFFFFFFFFFFFFFFFFFFFFFFFFFFFFF81
:10AFE000FFFFFFFFFFFFFFFFFFFFFFFFFFFFFFFF71
:10AFF000FFFFFFFFFFFFFFFFFFFFFFFFFFFFFFFF61
:10B00000FFFFFFFFFFFFFFFFFFFFFFFFFFFFFFFF50
:10B01000FFFFFFFFFFFFFFFFFFFFFFFFFFFFFFFF40
:10B02000FFFFFFFFFFFFFFFFFFFFFFFFFFFFFFFF30
:10B03000FFFFFFFFFFFFFFFFFFFFFFFFFFFFFFFF20
:10B04000FFFFFFFFFFFFFFFFFFFFFFFFFFFFFFFF10
:10B05000FFFFFFFFFFFFFFFFFFFFFFFFFFFFFFFF00
:10B06000FFFFFFFFFFFFFFFFFFFFFFFFFFFFFFFFF0
:10B07000FFFFFFFFFFFFFFFFFFFFFFFFFFFFFFFFE0
:10B08000FFFFFFFFFFFFFFFFFFFFFFFFFFFFFFFFD0
:10B09000FFFFFFFFFFFFFFFFFFFFFFFFFFFFFFFFC0
:10B0A000FFFFFFFFFFFFFFFFFFFFFFFFFFFFFFFFB0
:10B0B000FFFFFFFFFFFFFFFFFFFFFFFFFFFFFFFFA0
:10B0C000FFFFFFFFFFFFFFFFFFFFFFFFFFFFFFFF90
:10B0D000FFFFFFFFFFFFFFFFFFFFFFFFFFFFFFFF80
:10B0E000FFFFFFFFFFFFFFFFFFFFFFFFFFFFFFFF70
:10B0F000FFFFFFFFFFFFFFFFFFFFFFFFFFFFFFFF60
:10B10000FFFFFFFFFFFFFFFFFFFFFFFFFFFFFFFF4F
:10B11000FFFFFFFFFFFFFFFFFFFFFFFFFFFFFFFF3F
:10B12000FFFFFFFFFFFFFFFFFFFFFFFFFFFFFFFF2F
:10B13000FFFFFFFFFFFFFFFFFFFFFFFFFFFFFFFF1F
:10B14000FFFFFFFFFFFFFFFFFFFFFFFFFFFFFFFF0F
:10B15000FFFFFFFFFFFFFFFFFFFFFFFFFFFFFFFFFF
:10B16000FFFFFFFFFFFFFFFFFFFFFFFFFFFFFFFFEF
:10B17000FFFFFFFFFFFFFFFFFFFFFFFFFFFFFFFFDF
:10B18000FFFFFFFFFFFFFFFFFFFFFFFFFFFFFFFFCF
:10B19000FFFFFFFFFFFFFFFFFFFFFFFFFFFFFFFFBF
:10B1A000FFFFFFFFFFFFFFFFFFFFFFFFFFFFFFFFAF
:10B1B000FFFFFFFFFFFFFFFFFFFFFFFFFFFFFFFF9F
:10B1C000FFFFFFFFFFFFFFFFFFFFFFFFFFFFFFFF8F
:10B1D000FFFFFFFFFFFFFFFFFFFFFFFFFFFFFFFF7F
:10B1E000FFFFFFFFFFFFFFFFFFFFFFFFFFFFFFFF6F
:10B1F000FFFFFFFFFFFFFFFFFFFFFFFFFFFFFFFF5F
:10B20000FFFFFFFFFFFFFFFFFFFFFFFFFFFFFFFF4E
:10B21000FFFFFFFFFFFFFFFFFFFFFFFFFFFFFFFF3E
:10B22000FFFFFFFFFFFFFFFFFFFFFFFFFFFFFFFF2E
:10B23000FFFFFFFFFFFFFFFFFFFFFFFFFFFFFFFF1E
:10B24000FFFFFFFFFFFFFFFFFFFFFFFFFFFFFFFF0E
:10B25000FFFFFFFFFFFFFFFFFFFFFFFFFFFFFFFFFE
:10B26000FFFFFFFFFFFFFFFFFFFFFFFFFFFFFFFFEE
:10B27000FFFFFFFFFFFFFFFFFFFFFFFFFFFFFFFFDE
:10B28000FFFFFFFFFFFFFFFFFFFFFFFFFFFFFFFFCE
:10B29000FFFFFFFFFFFFFFFFFFFFFFFFFFFFFFFFBE
:10B2A000FFFFFFFFFFFFFFFFFFFFFFFFFFFFFFFFAE
:10B2B000FFFFFFFFFFFFFFFFFFFFFFFFFFFFFFFF9E
:10B2C000FFFFFFFFFFFFFFFFFFFFFFFFFFFFFFFF8E
:10B2D000FFFFFFFFFFFFFFFFFFFFFFFFFFFFFFFF7E
:10B2E000FFFFFFFFFFFFFFFFFFFFFFFFFFFFFFFF6E
:10B2F000FFFFFFFFFFFFFFFFFFFFFFFFFFFFFFFF5E
:10B30000FFFFFFFFFFFFFFFFFFFFFFFFFFFFFFFF4D
:10B31000FFFFFFFFFFFFFFFFFFFFFFFFFFFFFFFF3D
:10B32000FFFFFFFFFFFFFFFFFFFFFFFFFFFFFFFF2D
:10B33000FFFFFFFFFFFFFFFFFFFFFFFFFFFFFFFF1D
:10B34000FFFFFFFFFFFFFFFFFFFFFFFFFFFFFFFF0D
:10B35000FFFFFFFFFFFFFFFFFFFFFFFFFFFFFFFFFD
:10B36000FFFFFFFFFFFFFFFFFFFFFFFFFFFFFFFFED
:10B37000FFFFFFFFFFFFFFFFFFFFFFFFFFFFFFFFDD
:10B38000FFFFFFFFFFFFFFFFFFFFFFFFFFFFFFFFCD
:10B39000FFFFFFFFFFFFFFFFFFFFFFFFFFFFFFFFBD
:10B3A000FFFFFFFFFFFFFFFFFFFFFFFFFFFFFFFFAD
:10B3B000FFFFFFFFFFFFFFFFFFFFFFFFFFFFFFFF9D
:10B3C000FFFFFFFFFFFFFFFFFFFFFFFFFFFFFFFF8D
:10B3D000FFFFFFFFFFFFFFFFFFFFFFFFFFFFFFFF7D
:10B3E000FFFFFFFFFFFFFFFFFFFFFFFFFFFFFFFF6D
:10B3F000FFFFFFFFFFFFFFFFFFFFFFFFFFFFFFFF5D
:10B40000FFFFFFFFFFFFFFFFFFFFFFFFFFFFFFFF4C
:10B41000FFFFFFFFFFFFFFFFFFFFFFFFFFFFFFFF3C
:10B42000FFFFFFFFFFFFFFFFFFFFFFFFFFFFFFFF2C
:10B43000FFFFFFFFFFFFFFFFFFFFFFFFFFFFFFFF1C
:10B44000FFFFFFFFFFFFFFFFFFFFFFFFFFFFFFFF0C
:10B45000FFFFFFFFFFFFFFFFFFFFFFFFFFFFFFFFFC
:10B46000FFFFFFFFFFFFFFFFFFFFFFFFFFFFFFFFEC
:10B47000FFFFFFFFFFFFFFFFFFFFFFFFFFFFFFFFDC
:10B48000FFFFFFFFFFFFFFFFFFFFFFFFFFFFFFFFCC
:10B49000FFFFFFFFFFFFFFFFFFFFFFFFFFFFFFFFBC
:10B4A000FFFFFFFFFFFFFFFFFFFFFFFFFFFFFFFFAC
:10B4B000FFFFFFFFFFFFFFFFFFFFFFFFFFFFFFFF9C
:10B4C000FFFFFFFFFFFFFFFFFFFFFFFFFFFFFFFF8C
:10B4D000FFFFFFFFFFFFFFFFFFFFFFFFFFFFFFFF7C
:10B4E000FFFFFFFFFFFFFFFFFFFFFFFFFFFFFFFF6C
:10B4F000FFFFFFFFFFFFFFFFFFFFFFFFFFFFFFFF5C
:10B50000FFFFFFFFFFFFFFFFFFFFFFFFFFFFFFFF4B
:10B51000FFFFFFFFFFFFFFFFFFFFFFFFFFFFFFFF3B
:10B52000FFFFFFFFFFFFFFFFFFFFFFFFFFFFFFFF2B
:10B53000FFFFFFFFFFFFFFFFFFFFFFFFFFFFFFFF1B
:10B54000FFFFFFFFFFFFFFFFFFFFFFFFFFFFFFFF0B
:10B55000FFFFFFFFFFFFFFFFFFFFFFFFFFFFFFFFFB
:10B56000FFFFFFFFFFFFFFFFFFFFFFFFFFFFFFFFEB
:10B57000FFFFFFFFFFFFFFFFFFFFFFFFFFFFFFFFDB
:10B58000FFFFFFFFFFFFFFFFFFFFFFFFFFFFFFFFCB
:10B59000FFFFFFFFFFFFFFFFFFFFFFFFFFFFFFFFBB
:10B5A000FFFFFFFFFFFFFFFFFFFFFFFFFFFFFFFFAB
:10B5B000FFFFFFFFFFFFFFFFFFFFFFFFFFFFFFFF9B
:10B5C000FFFFFFFFFFFFFFFFFFFFFFFFFFFFFFFF8B
:10B5D000FFFFFFFFFFFFFFFFFFFFFFFFFFFFFFFF7B
:10B5E000FFFFFFFFFFFFFFFFFFFFFFFFFFFFFFFF6B
:10B5F000FFFFFFFFFFFFFFFFFFFFFFFFFFFFFFFF5B
:10B60000FFFFFFFFFFFFFFFFFFFFFFFFFFFFFFFF4A
:10B61000FFFFFFFFFFFFFFFFFFFFFFFFFFFFFFFF3A
:10B62000FFFFFFFFFFFFFFFFFFFFFFFFFFFFFFFF2A
:10B63000FFFFFFFFFFFFFFFFFFFFFFFFFFFFFFFF1A
:10B64000FFFFFFFFFFFFFFFFFFFFFFFFFFFFFFFF0A
:10B65000FFFFFFFFFFFFFFFFFFFFFFFFFFFFFFFFFA
:10B66000FFFFFFFFFFFFFFFFFFFFFFFFFFFFFFFFEA
:10B67000FFFFFFFFFFFFFFFFFFFFFFFFFFFFFFFFDA
:10B68000FFFFFFFFFFFFFFFFFFFFFFFFFFFFFFFFCA
:10B69000FFFFFFFFFFFFFFFFFFFFFFFFFFFFFFFFBA
:10B6A000FFFFFFFFFFFFFFFFFFFFFFFFFFFFFFFFAA
:10B6B000FFFFFFFFFFFFFFFFFFFFFFFFFFFFFFFF9A
:10B6C000FFFFFFFFFFFFFFFFFFFFFFFFFFFFFFFF8A
:10B6D000FFFFFFFFFFFFFFFFFFFFFFFFFFFFFFFF7A
:10B6E000FFFFFFFFFFFFFFFFFFFFFFFFFFFFFFFF6A
:10B6F000FFFFFFFFFFFFFFFFFFFFFFFFFFFFFFFF5A
:10B70000FFFFFFFFFFFFFFFFFFFFFFFFFFFFFFFF49
:10B71000FFFFFFFFFFFFFFFFFFFFFFFFFFFFFFFF39
:10B72000FFFFFFFFFFFFFFFFFFFFFFFFFFFFFFFF29
:10B73000FFFFFFFFFFFFFFFFFFFFFFFFFFFFFFFF19
:10B74000FFFFFFFFFFFFFFFFFFFFFFFFFFFFFFFF09
:10B75000FFFFFFFFFFFFFFFFFFFFFFFFFFFFFFFFF9
:10B76000FFFFFFFFFFFFFFFFFFFFFFFFFFFFFFFFE9
:10B77000FFFFFFFFFFFFFFFFFFFFFFFFFFFFFFFFD9
:10B78000FFFFFFFFFFFFFFFFFFFFFFFFFFFFFFFFC9
:10B79000FFFFFFFFFFFFFFFFFFFFFFFFFFFFFFFFB9
:10B7A000FFFFFFFFFFFFFFFFFFFFFFFFFFFFFFFFA9
:10B7B000FFFFFFFFFFFFFFFFFFFFFFFFFFFFFFFF99
:10B7C000FFFFFFFFFFFFFFFFFFFFFFFFFFFFFFFF89
:10B7D000FFFFFFFFFFFFFFFFFFFFFFFFFFFFFFFF79
:10B7E000FFFFFFFFFFFFFFFFFFFFFFFFFFFFFFFF69
:10B7F000FFFFFFFFFFFFFFFFFFFFFFFFFFFFFFFF59
:10B80000FFFFFFFFFFFFFFFFFFFFFFFFFFFFFFFF48
:10B81000FFFFFFFFFFFFFFFFFFFFFFFFFFFFFFFF38
:10B82000FFFFFFFFFFFFFFFFFFFFFFFFFFFFFFFF28
:10B83000FFFFFFFFFFFFFFFFFFFFFFFFFFFFFFFF18
:10B84000FFFFFFFFFFFFFFFFFFFFFFFFFFFFFFFF08
:10B85000FFFFFFFFFFFFFFFFFFFFFFFFFFFFFFFFF8
:10B86000FFFFFFFFFFFFFFFFFFFFFFFFFFFFFFFFE8
:10B87000FFFFFFFFFFFFFFFFFFFFFFFFFFFFFFFFD8
:10B88000FFFFFFFFFFFFFFFFFFFFFFFFFFFFFFFFC8
:10B89000FFFFFFFFFFFFFFFFFFFFFFFFFFFFFFFFB8
:10B8A000FFFFFFFFFFFFFFFFFFFFFFFFFFFFFFFFA8
:10B8B000FFFFFFFFFFFFFFFFFFFFFFFFFFFFFFFF98
:10B8C000FFFFFFFFFFFFFFFFFFFFFFFFFFFFFFFF88
:10B8D000FFFFFFFFFFFFFFFFFFFFFFFFFFFFFFFF78
:10B8E000FFFFFFFFFFFFFFFFFFFFFFFFFFFFFFFF68
:10B8F000FFFFFFFFFFFFFFFFFFFFFFFFFFFFFFFF58
:10B90000FFFFFFFFFFFFFFFFFFFFFFFFFFFFFFFF47
:10B91000FFFFFFFFFFFFFFFFFFFFFFFFFFFFFFFF37
:10B92000FFFFFFFFFFFFFFFFFFFFFFFFFFFFFFFF27
:10B93000FFFFFFFFFFFFFFFFFFFFFFFFFFFFFFFF17
:10B94000FFFFFFFFFFFFFFFFFFFFFFFFFFFFFFFF07
:10B95000FFFFFFFFFFFFFFFFFFFFFFFFFFFFFFFFF7
:10B96000FFFFFFFFFFFFFFFFFFFFFFFFFFFFFFFFE7
:10B97000FFFFFFFFFFFFFFFFFFFFFFFFFFFFFFFFD7
:10B98000FFFFFFFFFFFFFFFFFFFFFFFFFFFFFFFFC7
:10B99000FFFFFFFFFFFFFFFFFFFFFFFFFFFFFFFFB7
:10B9A000FFFFFFFFFFFFFFFFFFFFFFFFFFFFFFFFA7
:10B9B000FFFFFFFFFFFFFFFFFFFFFFFFFFFFFFFF97
:10B9C000FFFFFFFFFFFFFFFFFFFFFFFFFFFFFFFF87
:10B9D000FFFFFFFFFFFFFFFFFFFFFFFFFFFFFFFF77
:10B9E000FFFFFFFFFFFFFFFFFFFFFFFFFFFFFFFF67
:10B9F000FFFFFFFFFFFFFFFFFFFFFFFFFFFFFFFF57
:10BA0000FFFFFFFFFFFFFFFFFFFFFFFFFFFFFFFF46
:10BA1000FFFFFFFFFFFFFFFFFFFFFFFFFFFFFFFF36
:10BA2000FFFFFFFFFFFFFFFFFFFFFFFFFFFFFFFF26
:10BA3000FFFFFFFFFFFFFFFFFFFFFFFFFFFFFFFF16
:10BA4000FFFFFFFFFFFFFFFFFFFFFFFFFFFFFFFF06
:10BA5000FFFFFFFFFFFFFFFFFFFFFFFFFFFFFFFFF6
:10BA6000FFFFFFFFFFFFFFFFFFFFFFFFFFFFFFFFE6
:10BA7000FFFFFFFFFFFFFFFFFFFFFFFFFFFFFFFFD6
:10BA8000FFFFFFFFFFFFFFFFFFFFFFFFFFFFFFFFC6
:10BA9000FFFFFFFFFFFFFFFFFFFFFFFFFFFFFFFFB6
:10BAA000FFFFFFFFFFFFFFFFFFFFFFFFFFFFFFFFA6
:10BAB000FFFFFFFFFFFFFFFFFFFFFFFFFFFFFFFF96
:10BAC000FFFFFFFFFFFFFFFFFFFFFFFFFFFFFFFF86
:10BAD000FFFFFFFFFFFFFFFFFFFFFFFFFFFFFFFF76
:10BAE000FFFFFFFFFFFFFFFFFFFFFFFFFFFFFFFF66
:10BAF000FFFFFFFFFFFFFFFFFFFFFFFFFFFFFFFF56
:10BB0000FFFFFFFFFFFFFFFFFFFFFFFFFFFFFFFF45
:10BB1000FFFFFFFFFFFFFFFFFFFFFFFFFFFFFFFF35
:10BB2000FFFFFFFFFFFFFFFFFFFFFFFFFFFFFFFF25
:10BB3000FFFFFFFFFFFFFFFFFFFFFFFFFFFFFFFF15
:10BB4000FFFFFFFFFFFFFFFFFFFFFFFFFFFFFFFF05
:10BB5000FFFFFFFFFFFFFFFFFFFFFFFFFFFFFFFFF5
:10BB6000FFFFFFFFFFFFFFFFFFFFFFFFFFFFFFFFE5
:10BB7000FFFFFFFFFFFFFFFFFFFFFFFFFFFFFFFFD5
:10BB8000FFFFFFFFFFFFFFFFFFFFFFFFFFFFFFFFC5
:10BB9000FFFFFFFFFFFFFFFFFFFFFFFFFFFFFFFFB5
:10BBA000FFFFFFFFFFFFFFFFFFFFFFFFFFFFFFFFA5
:10BBB000FFFFFFFFFFFFFFFFFFFFFFFFFFFFFFFF95
:10BBC000FFFFFFFFFFFFFFFFFFFFFFFFFFFFFFFF85
:10BBD000FFFFFFFFFFFFFFFFFFFFFFFFFFFFFFFF75
:10BBE000FFFFFFFFFFFFFFFFFFFFFFFFFFFFFFFF65
:10BBF000FFFFFFFFFFFFFFFFFFFFFFFFFFFFFFFF55
:10BC0000FFFFFFFFFFFFFFFFFFFFFFFFFFFFFFFF44
:10BC1000FFFFFFFFFFFFFFFFFFFFFFFFFFFFFFFF34
:10BC2000FFFFFFFFFFFFFFFFFFFFFFFFFFFFFFFF24
:10BC3000FFFFFFFFFFFFFFFFFFFFFFFFFFFFFFFF14
:10BC4000FFFFFFFFFFFFFFFFFFFFFFFFFFFFFFFF04
:10BC5000FFFFFFFFFFFFFFFFFFFFFFFFFFFFFFFFF4
:10BC6000FFFFFFFFFFFFFFFFFFFFFFFFFFFFFFFFE4
:10BC7000FFFFFFFFFFFFFFFFFFFFFFFFFFFFFFFFD4
:10BC8000FFFFFFFFFFFFFFFFFFFFFFFFFFFFFFFFC4
:10BC9000FFFFFFFFFFFFFFFFFFFFFFFFFFFFFFFFB4
:10BCA000FFFFFFFFFFFFFFFFFFFFFFFFFFFFFFFFA4
:10BCB000FFFFFFFFFFFFFFFFFFFFFFFFFFFFFFFF94
:10BCC000FFFFFFFFFFFFFFFFFFFFFFFFFFFFFFFF84
:10BCD000FFFFFFFFFFFFFFFFFFFFFFFFFFFFFFFF74
:10BCE000FFFFFFFFFFFFFFFFFFFFFFFFFFFFFFFF64
:10BCF000FFFFFFFFFFFFFFFFFFFFFFFFFFFFFFFF54
:10BD0000FFFFFFFFFFFFFFFFFFFFFFFFFFFFFFFF43
:10BD1000FFFFFFFFFFFFFFFFFFFFFFFFFFFFFFFF33
:10BD2000FFFFFFFFFFFFFFFFFFFFFFFFFFFFFFFF23
:10BD3000FFFFFFFFFFFFFFFFFFFFFFFFFFFFFFFF13
:10BD4000FFFFFFFFFFFFFFFFFFFFFFFFFFFFFFFF03
:10BD5000FFFFFFFFFFFFFFFFFFFFFFFFFFFFFFFFF3
:10BD6000FFFFFFFFFFFFFFFFFFFFFFFFFFFFFFFFE3
:10BD7000FFFFFFFFFFFFFFFFFFFFFFFFFFFFFFFFD3
:10BD8000FFFFFFFFFFFFFFFFFFFFFFFFFFFFFFFFC3
:10BD9000FFFFFFFFFFFFFFFFFFFFFFFFFFFFFFFFB3
:10BDA000FFFFFFFFFFFFFFFFFFFFFFFFFFFFFFFFA3
:10BDB000FFFFFFFFFFFFFFFFFFFFFFFFFFFFFFFF93
:10BDC000FFFFFFFFFFFFFFFFFFFFFFFFFFFFFFFF83
:10BDD000FFFFFFFFFFFFFFFFFFFFFFFFFFFFFFFF73
:10BDE000FFFFFFFFFFFFFFFFFFFFFFFFFFFFFFFF63
:10BDF000FFFFFFFFFFFFFFFFFFFFFFFFFFFFFFFF53
:10BE0000FFFFFFFFFFFFFFFFFFFFFFFFFFFFFFFF42
:10BE1000FFFFFFFFFFFFFFFFFFFFFFFFFFFFFFFF32
:10BE2000FFFFFFFFFFFFFFFFFFFFFFFFFFFFFFFF22
:10BE3000FFFFFFFFFFFFFFFFFFFFFFFFFFFFFFFF12
:10BE4000FFFFFFFFFFFFFFFFFFFFFFFFFFFFFFFF02
:10BE5000FFFFFFFFFFFFFFFFFFFFFFFFFFFFFFFFF2
:10BE6000FFFFFFFFFFFFFFFFFFFFFFFFFFFFFFFFE2
:10BE7000FFFFFFFFFFFFFFFFFFFFFFFFFFFFFFFFD2
:10BE8000FFFFFFFFFFFFFFFFFFFFFFFFFFFFFFFFC2
:10BE9000FFFFFFFFFFFFFFFFFFFFFFFFFFFFFFFFB2
:10BEA000FFFFFFFFFFFFFFFFFFFFFFFFFFFFFFFFA2
:10BEB000FFFFFFFFFFFFFFFFFFFFFFFFFFFFFFFF92
:10BEC000FFFFFFFFFFFFFFFFFFFFFFFFFFFFFFFF82
:10BED000FFFFFFFFFFFFFFFFFFFFFFFFFFFFFFFF72
:10BEE000FFFFFFFFFFFFFFFFFFFFFFFFFFFFFFFF62
:10BEF000FFFFFFFFFFFFFFFFFFFFFFFFFFFFFFFF52
:10BF0000FFFFFFFFFFFFFFFFFFFFFFFFFFFFFFFF41
:10BF1000FFFFFFFFFFFFFFFFFFFFFFFFFFFFFFFF31
:10BF2000FFFFFFFFFFFFFFFFFFFFFFFFFFFFFFFF21
:10BF3000FFFFFFFFFFFFFFFFFFFFFFFFFFFFFFFF11
:10BF4000FFFFFFFFFFFFFFFFFFFFFFFFFFFFFFFF01
:10BF5000FFFFFFFFFFFFFFFFFFFFFFFFFFFFFFFFF1
:10BF6000FFFFFFFFFFFFFFFFFFFFFFFFFFFFFFFFE1
:10BF7000FFFFFFFFFFFFFFFFFFFFFFFFFFFFFFFFD1
:10BF8000FFFFFFFFFFFFFFFFFFFFFFFFFFFFFFFFC1
:10BF9000FFFFFFFFFFFFFFFFFFFFFFFFFFFFFFFFB1
:10BFA000FFFFFFFFFFFFFFFFFFFFFFFFFFFFFFFFA1
:10BFB000FFFFFFFFFFFFFFFFFFFFFFFFFFFFFFFF91
:10BFC000FFFFFFFFFFFFFFFFFFFFFFFFFFFFFFFF81
:10BFD000FFFFFFFFFFFFFFFFFFFFFFFFFFFFFFFF71
:10BFE000FFFFFFFFFFFFFFFFFFFFFFFFFFFFFFFF61
:10BFF000FFFFFFFFFFFFFFFFFFFFFFFFFFFFFFFF51
:00000001FF
