:020000040000FA
:1000000001C0D8C0112480914000882369F0282FB6
:1000100030E083FD03C02C7F232B31F4809340001C
:100020008CBB80E0AFD0ECC0A895409A489A109263
:10003000E205809182128370813029F58CE590E091
:10004000809328089093290881E080932B0883E00F
:10005000809327081092250880EC8093260888E07A
:1000600091D0079A87E0815089F4A8950DE983E043
:10007000D82E7CD08134F1F479D0182F8CD012385E
:1000800089F480E013C083E790E0DACF179A2EEC72
:1000900036E5A8959091240897FDE8CF21503109C5
:1000A000C1F7E1CF89E0113809F083E058D080E151
:1000B00056D0DFCF823419F484E175D0F8CF85347F
:1000C00011F485E0FACF853531F450D0C82F4ED0E9
:1000D000D82F61D0ECCF863519F484E064D0D1CF2D
:1000E0008436B9F443D042D0182F40D0863479F406
:1000F000D05C3CD0888321961150D9F74CD004BFF6
:10010000D0920010809102108370E1F7D0CFDC5EB6
:10011000F0CF843791F42AD029D0182F27D0F82E89
:100120003AD086E4F81207C0D05C8881219617D0B7
:100130001150D9F7BCCFDC5EF8CF853751F42BD006
:10014000809100110CD08091011109D08091021191
:10015000ADCF813509F0BDCF81E014D0BACF9091F9
:10016000240895FFFCCF80932208089580912408ED
:1001700087FFFCCF909121088091200892FD01C05B
:10018000A89508959091010190FDFCCF98ED94BF42
:10019000809300010895EADF803219F081E0F2DFF8
:1001A000FFCF84E1DCCFCF93C82FE0DFC150E9F768
:1001B000CF91F1CF683048F48DE984BF609300108F
:1001C000809102108370E1F70895FC014083089547
:1001FE000009FCC0000022C1000020C100001EC189
:10020E0000001CC100001AC100000C94313D16C143
:10021E00000014C1000012C1000010C100000EC188
:10022E0000000CC100000AC100000C94563D0C9455
:10023E00F93D04C100000C942A3C0C94043CFEC011
:10024E0000000C94C23CFAC00000F8C00000F6C0DA
:10025E0000000C94E73C0C94503C0C94DE3B0C9448
:10026E00B83BECC000000C94783CE8C00000E6C03F
:10027E000000E4C00000E2C000000C940C3D0C94A1
:10028E009D3CDCC00000DAC00000D8C00000D6C023
:10029E0000004E414E494E495459494E46CDCCCCA4
:1002AE003D0AD7233C17B7D13877CC2B329595E63C
:1002BE00241FB14F0A000020410000C84200401C1C
:1002CE004620BCBE4CCA1B0E5AAEC59D7400407A69
:1002DE0010F35A00A0724E18090010A5D4E80000C1
:1002EE00E87648170000E40B54020000CA9A3B005F
:1002FE000000E1F505000080969800000040420FD6
:10030E00000000A08601000000102700000000E899
:10031E0003000000006400000000000A000000005E
:10032E00000100000000002C76D888DC674F0823FF
:10033E00DFC1DFAE59E1B1B796E5E3E453C63AE665
:10034E0051997696E8E6C28426EB898C9B62ED4045
:10035E007C6FFCEFBC9C9F40F2BAA56FA5F4900594
:10036E005A2AF75C936B6CF9676DC11BFCE0E40DC8
:10037E0047FEF520E6B500D0ED902E0300943577BC
:10038E00050080841E080000204E0A000000C80CE4
:10039E00333333330F986E12831141EF8D2114894D
:1003AE003BE65516CFFEE6DB18D1844B381BF77CA7
:1003BE001D901DA4BBE424203284725E228100C9EC
:1003CE00F124ECA1E53D27005EBCE2613FDD83C276
:1003DE009C7E20A3FD1F41009D23BE46DB65F88C4D
:1003EE0011AF32CA57E97400B13ED24111241FBE7B
:1003FE00CFEFCDBFDFE3DEBF2EE2AEE1B8E201C04C
:10040E001D92AE3DB207E1F718E2A0E0B8E2E2EBD2
:10041E00F8E902C005900D92AE31B107D9F711E09F
:10042E00CCEFD1E004C02197FE010E94B749CB3F2B
:10043E00D107C9F70E94863F0C94C04BDACE2F929B
:10044E003F924F925F926F927F928F929F92AF9256
:10045E00BF92CF92DF92EF92FF920F931F93CF93A3
:10046E00DF93CDB7DEB72897CDBFDEBF8C01CB01B2
:10047E00BA0120E030E048EC51E40E94C54720E587
:10048E003DE847E95CE30E94C44620E030E040E8E6
:10049E005FE30E94C6474B015C010B831C8326E978
:1004AE003BE229833A83EB80FC8036E9E30EF11CB4
:1004BE0006E91BE2EB81FC8161917191EB83FC8378
:1004CE00072E000C880B990B0E94654620E030E049
:1004DE0040E85AE30E94C44620E030E44CE955E47B
:1004EE000E94C44620E030E04AE754E40E94C4462D
:1004FE0020E030E04DE454E40E942A4820E030E051
:10050E0048E453E40E942A48A50194010E942A4817
:10051E00F80161937193819391938F012B813C81AB
:10052E00E216F30639F66091922B7091932B80911F
:10053E00942B9091952B26E9222E2BE2322EF1014F
:10054E0021913191419151911F010E94C647F2ECC8
:10055E002F16FCE23F0699F720E030E046E952E420
:10056E000E942A482B013C01C0908E2BD0908F2BDD
:10057E00E090902BF090912B20918C2B30918D2B25
:10058E002B833C8306E91BE2F80181909190A190A8
:10059E00B1908F01A5019401C301B2010E940149DE
:1005AE00181674F4A5019401C701B6010E94C6473E
:1005BE006B017C012B813C812F5F3F4F2B833C8352
:1005CE002016310609F7EB81FC81BF01FF0F880B66
:1005DE00990B0E9465469B01AC01C701B6010E94B2
:1005EE002A486B837C838D839E83C090882BD0900A
:1005FE00892BE0908A2BF0908B2B2091862B3091BB
:10060E00872B2F8338870EE51CE2E981FA818190D2
:10061E009190A190B190E983FA83A50194016B8129
:10062E007C818D819E810E945F4687FF16C0A50149
:10063E009401C301B2010E940149181674F4A50178
:10064E009401C701B6010E94C6476B017C012F8140
:10065E0038852F5F3F4F2F83388789819A810817FE
:10066E00190799F61092862B1092872B10928C2BCD
:10067E0010928D2B1092922B1092932B1092942BF2
:10068E001092952B10928E2B10928F2B1092902BE6
:10069E001092912B1092882B1092892B10928A2BEC
:1006AE0010928B2BEF81F885BF01FF0F880B990BF2
:1006BE000E9465469B01AC01C701B6010E942A4803
:1006CE0020E030E04AE754E40E94C4466B017C010E
:1006DE008090822B9090832BA090842BB090852BB2
:1006EE0020E030E048E453E40E94014918162CF54E
:1006FE0020E030E048EC52E4C701B6010E94C54745
:10070E00A50194010E94C6470E949248CB012896EB
:10071E00CDBFDEBFDF91CF911F910F91FF90EF9074
:10072E00DF90CF90BF90AF909F908F907F906F9003
:10073E005F904F903F902F900895A5019401C701AF
:10074E00B601E0CFFB01808100008093C408809148
:10075E00C30887FFFCCF8091C408FB0180830895F6
:10076E008091342890913528019680933428909367
:10077E0035280895AF92BF92CF92DF92EF92FF92FB
:10078E000F931F93CF93DF936C017B018B01040FAB
:10079E00151FEB015E01AE18BF08C017D10759F047
:1007AE006991D601ED91FC910190F081E02DC60189
:1007BE000995892B79F7C501DF91CF911F910F9183
:1007CE00FF90EF90DF90CF90BF90AF900895FB0118
:1007DE004481558160817181CDCFFC01A485B585A1
:1007EE0011968C91119781FD0FC09C9186898F5F18
:1007FE008F732789281749F0A689AE0FBF2FB11D19
:10080E005D969C93868B08958C910895FC01508D76
:10081E00418D252F30E0842F90E0821B930B5417CF
:10082E0010F0CF96089501970895FC019689878957
:10083E00981761F0A789AE0FBF2FB11D5D968C91F1
:10084E0097899F5F9F73978B90E008958FEF9FEF2F
:10085E000895FC0196898789981731F08789E80FEA
:10086E00F11D858D90E008958FEF9FEF0895FC01A7
:10087E0096892789892F90E0805C9F4F821B910972
:10088E008F739927089586E29DE2F1DF21E0892B8F
:10089E0009F420E0822F089583EC9DE2E8DF21E049
:1008AE00892B09F420E0822F0895CF93DF93EC017A
:1008BE00E881F9810680F781E02D0995EC85FD85AB
:1008CE0086818F738683EC85FD8585818F75858303
:1008DE008F898E8B1D8ADF91CF910895FC01613037
:1008EE0019F4648B81E00895148A6623D9F380E0AD
:1008FE000895DC0154961C92549754968C915497FB
:10090E008230A0F4282F30E0F901EE0FFF1FE20F26
:10091E00F31FEA0FFB1F9785961303C09685941756
:10092E0049F08F5F54968C935497E7CF54961C9250
:10093E0080E0089581E00895CF93DF93FC01908DC0
:10094E00818DC485D585981306C08D818F7D8D834D
:10095E00DF91CF910895A18DAE0FBF2FB11DA35A78
:10096E00BF4F2C91818D90E001968F739927818FC7
:10097E0080E48C83A485B58512962C93908D818D01
:10098E009813E6CFA485B58515968C9115978F7D16
:10099E0015968C93838D8823D9F2848D80931301C1
:1009AE00138ED6CFDC011C96ED91FC910FB607FE8F
:1009BE0003C0258125FD03C0248125FDBDCF0895EB
:1009CE00EF92FF920F931F93CF93DF93EC0181E091
:1009DE008D8B988D898D98131CC0AC85BD85149612
:1009EE008C91149785FF15C012966C93AC85BD85BE
:1009FE0080E414968C93EC85FD8585818F7D8583AF
:100A0E0081E090E0DF91CF911F910F91FF90EF90D9
:100A1E0008958091110180FF08C0809113018C8F81
:100A2E008A8D8093130181E08B8FF62E088D10E056
:100A3E000F5F1F4F0F731127E02E898D8E1103C08C
:100A4E00CE01B0DFFACFE88DEC0FFD2FF11DE35A8A
:100A5E00FF4FF082088FEC85FD8585818062CFCFB8
:100A6E00CF93DF93FC0125892223C1F0EC01809105
:100A7E00110180FF08C080911301848F828D8093B5
:100A8E00130181E0838FEC85FD85858185FD03C093
:100A9E00848186FD03C0CE0185DFF5CFDF91CF9136
:100AAE00089580E090E0892B21F0F6DE81110E94FE
:100ABE00000080E090E0892B21F0E5DE81110E949C
:100ACE00000080E090E0892B49F080E090E0892BD7
:100ADE0029F00E94000081110E94000080E090E049
:100AEE00892B49F080E090E0892B29F00E940000CC
:100AFE0081110C940000089581E00895CF93DF9347
:100B0E0090E0FC01EB59F74220812F3F69F0FC0188
:100B1E00E45CF742A08130E2A39FD0011124BC5FB8
:100B2E00613029F411962C93DF91CF91089589535A
:100B3E009842EC01E881EF3F81F0CD014096E80F3D
:100B4E00F92FF11D9FB7F89412962C938081623085
:100B5E0039F4886080839FBFE7CFF0E0E0E0F2CF0A
:100B6E00877FF8CF10923C2B10923B2B10923F2B8D
:100B7E001092812B80913E2B81111DC08091E30537
:100B8E008073D1F462E082E0B9DF62E083E0B6DF29
:100B9E0081E080933E2B10923A2B1092392B1092BB
:100BAE003D2B1092382B91EC9093A3089FE19093DC
:100BBE00A6088093A50808958091E305807380327E
:100BCE0039F762E080E19ADF62E081E1E0CF90E008
:100BDE00FC01E256F842E081EE2319F1E13021F0FA
:100BEE0000F1E630A8F0089589539842FC01208167
:100BFE00233008F02F5F3091010A81E090E001C0B0
:100C0E00880F2A95EAF7809583238093010A089529
:100C1E0080E1E89FF0011124E05AF54F81818F7E2B
:100C2E00818308950F931F93CF93DF93082F10E0C6
:100C3E00F801EB59F742D081DF3F99F0C62F893288
:100C4E0008F4C5DFF801E45CF742E08180E2E89F3A
:100C5E00F0011124FC5F80818D2371F0C11106C05B
:100C6E00D683DF91CF911F910F910895C43011F467
:100C7E00D783F7CFD583F5CFD801A953B8428C913E
:100C8E00309771F08F3F61F07096E80FF11D9FB7AE
:100C9E00F8948081C11107C0877F80839FBFE1CF09
:100CAE00F0E0E0E0F4CF8860F8CF893208F4BACFF4
:100CBE000895AF92BF92CF92DF92EF92FF920F9371
:100CCE001F93CF93DF93EC016A017B01A22E8D89D6
:100CDE00882339F0E881F9810688F789E02DCE0165
:100CEE0009950C8910E0BFB6F89460E070E980EDCC
:100CFE0093E0A70196010E94184969017A018FEFCE
:100D0E00C81AD80AE80AF80AF694E794D794C79452
:100D1E00EC85FD8586818D7F8683EC85FD858681BC
:100D2E0086831D8AA09123110A2E000CBB0BA701EE
:100D3E0096010E94564920E034E040E050E00E94C7
:100D4E003A49EC85FD85C20ED31EE41EF51EC08603
:100D5E00D186EC85FD85A782EC85FD858681806C2C
:100D6E008683EC85FD858581806885839091E2057B
:100D7E008B89809589237801EE0CFF1CF701E00F1B
:100D8E00F11FEC0FFD1F9089892B8093E20586855C
:100D9E00893210F462E0B2DE0E0D1F1DC00FD11F9E
:100DAE0061E08F8582DF8F85893210F461E0A6DEE7
:100DBE00BFBEDF91CF911F910F91FF90EF90DF900B
:100DCE00CF90BF90AF9008950F931F93CF93082F9E
:100DDE0010E0F801EB59F742C081CF3F71F0F7DE1A
:100DEE00F801E45CF742E08180E2E89FF001112413
:100DFE00FC5F8085C82381E009F480E0CF911F91CC
:100E0E000F9108958330910528F0880F991F04974C
:100E1E000197F1F708959F92AF92BF92CF92DF9212
:100E2E00EF92FF920F931F93CF93DF93EC016B0121
:100E3E008885998511E0892B09F010E8F601A080CC
:100E4E008A2D8123992493948111912C2C813D819B
:100E5E004E815F8160E271EA87E090E00E9418495E
:100E6E00022FB12CE22EF12C002311F0C701CADFA4
:100E7E008A858D7F09F04EC08D858F3F89F09A2D22
:100E8E00912381E009F480E0891551F0EF85F8890E
:100E9E008F899923C9F19081892B8083992493940A
:100EAE00E989FA898081998D892B8083002311F03D
:100EBE00C701A8DF8E858F3F39F0EB89FC898081D1
:100ECE00988D892309F0B12AE989FA899081898D53
:100EDE008095892380838E858F3F11F0F601B08235
:100EEE0088859985892B09F043C0110F1111BCCF4C
:100EFE00DF91CF911F910F91FF90EF90DF90CF90E8
:100F0E00BF90AF909F9008959081809589238083A4
:100F1E00912CC6CFE989FA898081998D892B80839E
:100F2E00002311F0C7016EDF8D858F3F49F0EF85ED
:100F3E00F8898F899A2D9123B9F09081892B80831E
:100F4E00E989FA899081898D8095892380838E85A0
:100F5E008F3F09F4C0CFEB89FC898081988D89235E
:100F6E0009F4B9CFB12AB7CF908180958923E7CF05
:100F7E001695BCCF2F923F924F925F926F927F92B7
:100F8E008F929F92AF92BF92CF92DF92EF92FF928B
:100F9E000F931F93CF93DF93CDB7DEB72897CDBFB7
:100FAE00DEBF7C016E837F834A835B83B22EA32ECA
:100FBE000C831D83DC01CD90DC901197C114D104FC
:100FCE0091F01296ED91FC911081B181B887F601E6
:100FDE008681882319F081FF31C0F8941093C008E0
:100FEE00B885B093C108F70183858F3F11F060E09B
:100FFE005CDECE80DF806A807B806C0C7D1C6C1486
:10100E007D0409F0AFC0CB2CDA2C4C805D804C0CEB
:10101E005D1C1FEF4C145D0409F4B8C01983D70191
:10102E008D919C91BE016F5F7F4F009709F4ABC00D
:10103E0089DB8981F60181936F01ECCF80FFCECFE2
:10104E0040855185628573851A012B01612C712CA7
:10105E004301E0E09101A201B301C401A0E00E94AE
:10106E009749B1F1217030E040E050E060E070E06F
:10107E0080E090E00E949749F1F090E080E0E0334C
:10108E0070F48E2F869586958695B0E28B9FC00163
:10109E001124805F9B4F2E2F2770820F911DDC0134
:1010AE004C9196012E0F311DD90150964C93DC01B7
:1010BE002C91287F2C939101A201B301C40101E070
:1010CE000E945E4919012A013B014C01EF5FC2CF1C
:1010DE00F60144855585668577851A012B01612CAD
:1010EE00712C4301E0E29101A201B301C401A0E021
:1010FE000E94974909F472CF217030E040E050E031
:10110E0060E070E080E090E00E949749F1F090E09E
:10111E0080E0E03370F48E2F869586958695F0E20A
:10112E008F9FC0011124805F9B4F2E2F2770820F3F
:10113E00911DDC014C9196012E0F311DD901509657
:10114E004C93DC012C91287F2C939101A201B301C9
:10115E00C40101E00E945E4919012A013B014C01C4
:10116E00EF5FC1CFD6018D916D018983F70180812B
:10117E009181BE016F5F7F4F009711F0E3DA3FCF91
:10118E00C70149DE3CCFC70146DE53CFD7011B96C0
:10119E008C918F3F11F061E088DDD701ED91FC91CC
:1011AE00309731F08681882319F081FF18C078942A
:1011BE0081E02896CDBFDEBFDF91CF911F910F91B9
:1011CE00FF90EF90DF90CF90BF90AF909F908F9059
:1011DE007F906F905F904F903F902F90089580FF7B
:1011EE00E7CF80849184A284B384C12CD12C760164
:1011FE0010E09401A501B601C701A0E00E94974935
:10120E00A1F1217030E040E050E060E070E080E05D
:10121E0090E00E949749E1F090E080E0103370F486
:10122E00812F869586958695B0E28B9FC0011124FD
:10123E00805F9B4F212F2770820F911D9F01210FE1
:10124E00311DD90150962C91DC013C91232B2C930E
:10125E009401A501B601C70101E00E945E49490152
:10126E005A016B017C011F5FC4CF84849584A684D0
:10127E00B784C12CD12C760110E29401A501B601E0
:10128E00C701A0E00E94974909F492CF217030E087
:10129E0040E050E060E070E080E090E00E9497490E
:1012AE00E1F090E080E0103370F4812F8695869502
:1012BE008695B0E28B9FC0011124805F9B4F212F3A
:1012CE002770820F911D9F01210F311DD90150965C
:1012DE002C91DC013C91232B2C939401A501B6019A
:1012EE00C70101E00E945E4949015A016B017C0170
:1012FE001F5FC3CF8FB7F8942091C32A3091C42AB1
:10130E004091C52A5091C62AE091AA0AF091AB0AE3
:10131E009091A60A90FF08C02F5F3F4F4F4F5F4F2F
:10132E00E091AA0AF091AB0A8FBFA8EEB3E00E943B
:10133E007B4723E0F695E7952A95E1F76E0F7F1F21
:10134E00811D911D08958F929F92AF92BF92CF9261
:10135E00DF92EF92FF924B015C01CCDF6B017C01BF
:10136E00A8EEB3E0A50194010E947B47C60ED71EDE
:10137E00E81EF91EC616D706E806F90610F4BADFFF
:10138E00F9CFB8DF6C157D058E059F05D0F3FF9064
:10139E00EF90DF90CF90BF90AF909F908F90089579
:1013AE002FB7F8946091C32A7091C42A8091C52AF0
:1013BE009091C62A2FBF0895EF92FF920F931F931D
:1013CE00CF93DF9390E2899FE0011124DC5FE984E3
:1013DE00082F000F000F000FFF24F39410E08E2D46
:1013EE008F2179F0E02FE10FF0E0EE0FFF1FE953B0
:1013FE00F54D80819181892B21F00190F081E02DB6
:10140E0009951F5FFF0C183051F7E986DF91CF91D8
:10141E001F910F91FF90EF900895DC0180E06150D5
:10142E0090F09D919827E92FEF70F0E0EB52FC4F72
:10143E002491E92FE295EF70F0E0EB51FC4FE4912F
:10144E00822F8E27ECCF0895CF93DF93FC019081EE
:10145E00A181B281F894FD0138978081892B808318
:10146E00ED0124972881392F309523232883C2E05C
:10147E00D0E02197F1F7808183238083E0E1F0E0D3
:10148E003197F1F78C917894E6E6F0E03197F1F729
:10149E00982381E009F480E0DF91CF910895FC015B
:1014AE009081A181B281292F2095FD013497189743
:1014BE0060FF14C0F8948081822380838C91892BE5
:1014CE008C93A0E1B0E01197F1F78081982B908377
:1014DE0078948AE690E00197F1F70895F894808168
:1014EE00822380838C91892B8C93AEE7B0E0119789
:1014FE00F1F78081982B9083789486E090E0EBCF83
:10150E00DF92EF92FF920F931F93CF93DF93EC0135
:10151E00D62EE42E08E010E0FF24F39461E08D2D2A
:10152E008F2109F460E0CE01BADFFF0C01501109E2
:10153E00A9F7E11012C0F894E981FA8138979081E9
:10154E008881809589238083E981FA8134979081FF
:10155E0088818095892380837894DF91CF911F9124
:10156E000F91FF90EF90DF900895EF92FF920F93FF
:10157E001F93CF93DF938C017B0140E065E5C0DFC5
:10158E00E70188E0E80EF11C699140E0C801B8DF80
:10159E00CE15DF05C9F7DF91CF911F910F91FF9007
:1015AE00EF90089508954F925F926F927F928F926F
:1015BE009F92AF92BF92CF92DF92EF92FF92B0E0E6
:1015CE00A0E0BA2FA92F982F882720E130E0C12C58
:1015DE0040E8D42EEE24EA94F12C812C912C50E884
:1015EE00A52EB12C40E050E868E970E024013501E9
:1015FE00482259226A227B2245284628472851F044
:10160E002A013B014C205D206E207F2084259525EC
:10161E00A625B725B694A79497948794F694E79445
:10162E00D794C7947695679557954795215031096C
:10163E00E9F6FF90EF90DF90CF90BF90AF909F9024
:10164E008F907F906F905F904F90089508950F93B5
:10165E0091E090933D2B1092382B60937F2A7093DC
:10166E00802A40937E2A20937D2A1092392B109245
:10167E003A2B00937C2A880F80937B2A93E024E0F8
:10168E0080917E2A882331F090933E2B80917B2A85
:10169E008E7F09C080917D2A882341F020933E2BB6
:1016AE0080917B2A81608093A70808C080917E2A52
:1016BE00811104C080917D2A882331F38091382BCB
:1016CE008823E1F38091382B8330D1F280917D2AEB
:1016DE00882321F080913A2B0F9108959091382B09
:1016EE0081E09130C9F780E0F7CF0F9390913E2BB8
:1016FE00913099F490913D2B911111C0082F20E05B
:10170E004091812B60E47BE28091802BA0DF1092D0
:10171E003F2B1092812B0F91089580E0F8CF81E03E
:10172E00F6CF1F93CF93DF93EA01122FDC011196B0
:10173E008D919C91DC01ED91FC910280F381E02D65
:10174E000995C817D90721F4812FCFDF91E08111B8
:10175E0090E0892FDF91CF911F910895CF93DF9362
:10176E00EC018B81882381F088818093802B1092ED
:10177E003F2B1092812B81E0B8DF91E0811190E038
:10178E00892FDF91CF910895EDD981E08B83CE0122
:10179E00E5DF982F8111E8CFF3CFE0EAF8E09185ED
:1017AE009066918792E090933E2B8093752A1092CB
:1017BE00742A089581E08093742A1092752A93E01A
:1017CE009093AA089091AB0891FF0BC01092792AC2
:1017DE00F0E0E0E009958093782A85E080933E2B37
:1017EE00089510927A2A8093772A86E0F7CF08958B
:1017FE00E0913C2B80913B2BE81730F4F0E0ED5755
:10180E00F54D808190E008958FEF9FEF08959091B0
:10181E003C2B80913B2B2FEF3FEF981748F4E92F8D
:10182E00F0E0ED57F54D208130E09F5F90933C2B1B
:10183E00C901089580913B2B90913C2B891B990BEC
:10184E000895CF92DF92EF92FF920F931F93CF9353
:10185E00DF937C018A01EB016B01C40ED51ECC1502
:10186E00DD0551F06991D701ED91FC910190F08168
:10187E00E02DC7010995F3CFC801DF91CF911F91DC
:10188E000F91FF90EF90DF90CF9008952091812BD4
:10189E00203440F021E030E0FC012283338390E0DD
:1018AE0080E0089580913F2BE82FF0E0E05CF44D4E
:1018BE0060838F5F80933F2B8093812B81E090E03C
:1018CE00089590E080E00895FC01FF2790FD12C07E
:1018DE0080E094E1E82BF92B60838FB7F8949DE9B3
:1018EE0023E094BF209300108FBF8091021081FDE2
:1018FE00FCCF089580E093E1EDCFCF92DF92EF928F
:10190E00FF920F931F93CF93DF938C016B01FB011B
:10191E00E480F5806E2DD8DFD0E0C0E0FF240F5FAD
:10192E001F4FCE15DF05B4F4F60184819581C817DB
:10193E00D90770F480819181009751F08C0F9D1F13
:10194E00FC016081C8018C0F9D1FBEDF2196E9CF7F
:10195E0060E0F8CFDF91CF911F910F91FF90EF9044
:10196E00DF90CF900895FC01FF2790FD06C080E028
:10197E0094E1E82BF92B8081089580E093E1F9CF73
:10198E002F923F924F925F926F927F928F929F9281
:10199E00AF92BF92CF92DF92EF92FF920F931F936F
:1019AE00CF93DF93CDB7DEB72697CDBFDEBF2091A5
:1019BE00652A3091662A4091672A5091682A609173
:1019CE00692A70916A2A80916B2A90916C2AA5E0FF
:1019DE000E9482492093652A3093662A4093672A93
:1019EE005093682A6093692A70936A2A80936B2AAF
:1019FE0090936C2A8091632A9091642A892B09F422
:101A0E00B0C18091612A9091622A8D839E83892B29
:101A1E0009F0A7C140915D2A50915E2A60915F2A1C
:101A2E007091602AA090552AB090562AC090572ADD
:101A3E00D090582AE090592AF0905A2A00915B2AA9
:101A4E0010915C2A9091652A99838091662A8A83E7
:101A5E009091672A9B838091682A8C83B091692A22
:101A6E00A0916A2AF0916B2AE0916C2A9A01AB013F
:101A7E0060E070E080E090E00E947949A980BA8031
:101A8E00CB80DC80EB2EFA2E0F2F1E2F0E948E495C
:101A9E0008F0A9C080911528882309F4A4C060E03D
:101AAE0088E0C0D810921628109217287091652AD7
:101ABE006091662A5091672A4091682A3091692A6E
:101ACE0020916A2A90916B2A80916C2A70934D2AEC
:101ADE0060934E2A50934F2A4093502A3093512AA6
:101AEE002093522A9093532A8093542A10921528A9
:101AFE0081E080934C2A2091652A3091662A40918C
:101B0E00672A5091682A6091692A70916A2A809199
:101B1E006B2A90916C2AA7E20E94974909F008F46B
:101B2E004CC081E080933A2A8091382A9091392ACC
:101B3E00892BE9F58091362A9091372A892BB9F5B0
:101B4E008091612A9091622A892B89F580913B2A96
:101B5E0090913C2A892B59F58091342A9091352AFF
:101B6E00892B29F58091252B9091262B892BF9F421
:101B7E008091322A9091332A892BC9F48091302A90
:101B8E009091312A892B99F480912E2A90912F2AA7
:101B9E00892B69F480912C2A90912D2A892B39F466
:101BAE0080912A2A90912B2A892B09F4E3C081E097
:101BBE0090E08093362B9093372B2696CDBFDEBFC9
:101BCE00DF91CF911F910F91FF90EF90DF90CF900B
:101BDE00BF90AF909F908F907F906F905F904F903F
:101BEE003F902F9008954091482A5091492A609134
:101BFE004A2A70914B2AA0904D2AB0904E2AC0903E
:101C0E004F2AD090502AE090512AF090522A0091FB
:101C1E00532A1091542A9091652A99838091662AAD
:101C2E008A839091672A9B838091682A8C83B091D6
:101C3E00692AA0916A2AF0916B2AE0916C2A9A0186
:101C4E00AB0160E070E080E090E00E947949A980ED
:101C5E00BA80CB80DC80EB2EFA2E0F2F1E2F0E9427
:101C6E008E4908F048CF80914C2A882309F443CF3F
:101C7E008091412A9091422A892B09F464C0809167
:101C8E00162890911728892B09F05DC020E030E0CE
:101C9E0040E85FE360913D2A70913E2A80913F2A91
:101CAE009091402A0E94C6479B01AC016091442A44
:101CBE007091452A8091462A9091472A0E94C547E5
:101CCE0020E030E040E050E40E94014918160CF08C
:101CDE0041C01092282A1092292A8D819E818093CC
:101CEE003B2A90933C2A61E088E00E94190681E02D
:101CFE0090E080931628909317287091652A609132
:101D0E00662A5091672A4091682A3091692A20915B
:101D1E006A2A90916B2A80916C2A7093552A60934F
:101D2E00562A5093572A4093582A3093592A209373
:101D3E005A2A90935B2A80935C2A10924C2A81E057
:101D4E0080931528D8CE8091282A9091292A8D83A8
:101D5E009E83C3CF81E090E08093282A9093292A16
:101D6E00F6CF60E088E00E941906109216281092B5
:101D7E001728C1CE1092362B1092372B1ECFDC01B6
:101D8E00ED91FC910488F589E02D23E030E0099473
:101D9E00CF93DF93FC019081A181B281F894FD0174
:101DAE0038978081292F20958223808378943DE770
:101DBE00315031F18C918923D9F3F894ED012497A8
:101DCE008881822388838081892B80837894CCEBD1
:101DDE00D3E02197F1F7F894808182238083E8E89D
:101DEE00F0E03197F1F78C91982381E009F080E0D3
:101DFE007894E0E3F3E03197F1F7DF91CF91089516
:101E0E0080E0FBCF6F927F928F929F92AF92BF92A4
:101E1E00CF92DF92EF92FF920F931F93CF93DF93A8
:101E2E008C01EB018091BC2E9091BD2EB1DF8823E9
:101E3E0009F43BC0B8018091BC2E9091BD2E95DB6C
:101E4E0040E06EEB8091BC2E9091BD2E59DB7E0151
:101E5E006E0189E0C80ED11C8E01A090BC2EB090F0
:101E6E00BD2E88E0882E912C712C66246394C501BA
:101E7E00EBDA81117628660CE1E08E1A9108B9F73B
:101E8E00F80171928F01CE16DF0639F78091BC2EC4
:101E9E009091BD2E7DDF813041F4F70181917F015C
:101EAE00811105C0E017F107C1F790E007C068E0A7
:101EBE00CE01B3DA91E028852813F7CF892FDF9171
:101ECE00CF911F910F91FF90EF90DF90CF90BF9029
:101EDE00AF909F908F907F906F900895BF92CF920A
:101EEE00DF92EF92FF920F931F93CF93DF93EC014C
:101EFE00B62EC72E8D85811104C0CE0149DF81110A
:101F0E000EC01B861D861C8680E0DF91CF911F912F
:101F1E000F91FF90EF90DF90CF90BF90089540E02B
:101F2E0060EFCE01EDDA01E0E12CD12C11E0CE0113
:101F3E008BDAF82ECE0188DA91E0F91218C08130D2
:101F4E0099F51134F0F2DB86D11002C081E08D8755
:101F5E008B818823B1F22396EB2DFC2DCF010896B1
:101F6E0029912193E817F907D9F781E0CECFEE2D0D
:101F7E00F0E0F8120FC08B851817A0F4DE01AE0F3B
:101F8E00BF1F13968C91802379F4F12C193008F42D
:101F9E001C87D12EEC0FFD1F8381902F90958923E6
:101FAE0083830AC08113F1CFFE01EE0DF11D8381F3
:101FBE00802B8383FF24F3946F2DCE0170DA1F5F85
:101FCE00000F11F4E39401E087E08E1508F0AFCF17
:101FDE00B8CF3F924F925F926F927F928F929F9265
:101FEE00AF92BF92CF92DF92EF92FF920F931F9319
:101FFE00CF93DF9300D0CDB7DEB7FC013B01042FAA
:10200E009681878199838A83A080B180A114B104BF
:10201E0009F48DC0418550E0D50114968D919C91A7
:10202E0084179507B0F4312C832D0F900F90DF910C
:10203E00CF911F910F91FF90EF90DF90CF90BF90B7
:10204E00AF909F908F907F906F905F904F903F904A
:10205E000895F50180818093802B10923F2B109272
:10206E00812B20E0BE016F5F7F4FC5015ADB382EFA
:10207E008823C9F2E02EF12C912C812CD5011496D7
:10208E008D919C916701C818D9088C159D0508F48F
:10209E006C01F501808123E83AE22093812A309386
:1020AE00822A90913E2B9130B9F590913D2B911152
:1020BE0035C001E097012C193D098216930608F4EC
:1020CE0000E02C2D31E4C316D10408F020E440E0EA
:1020DE0070E060E0BCDA10923C2B80933B2B8C15A9
:1020EE001D0409F0A0CF8301080D191D2801C2019E
:1020FE00801B910B8C159D0598F4D50111968D9131
:10210E009C91DC01ED91FC910284F385E02D099503
:10211E00F20181932F01EBCF80E0DDCF81E0DBCFA9
:10212E008C0C9D1C8E149F0408F4A8CF7DCFA28129
:10213E00B381109709F477CF2481358110E0418562
:10214E0050E02330310571F4816089839A834F5FAB
:10215E005F4F9301BE016F5F7F4FCD010E94C1079C
:10216E00382E62CF2115310519F490689983F1CF7D
:10217E002230310511F49F77F9CF2130310549F71F
:10218E00906CF4CFCF93DF93EC0188819981009707
:10219E0011F00E94594A188219821C821D821A82DD
:1021AE001B82DF91CF910895FC01808191810C9467
:1021BE00594A0C94594A0C94594AFC0180819181D8
:1021CE00009711F00C94264260E070E0CB01089568
:1021DE00FC0180819181009711F00C94294260E0FE
:1021EE0070E0CB010895FC0124813581FB0144810F
:1021FE00558124173507E1F4FC0180819181FB01A3
:10220E00608171810097D1F061157105A1F4232BC6
:10221E00C1F0FC01808190E008C0232B91F0FB01FE
:10222E00808190E091958195910921E0892B09F0AB
:10223E0020E0822F08950E94A14BF7CF6115710502
:10224E0061F721E0F6CF0F931F93CF93DF93EC014D
:10225E0088819981009759F02A813B81261737078B
:10226E0030F081E0DF91CF911F910F9108958B0196
:10227E006F5F7F4F0E94E24A009759F088839983DF
:10228E000A831B832C813D81232B59F7FC0110827D
:10229E00E8CF80E0E7CFEF92FF920F931F93CF939B
:1022AE00DF936115710541F480E0DF91CF911F91AD
:1022BE000F91FF90EF90089541155105A9F07B0104
:1022CE00EC010C811D81040F151FB801BCDF8823A2
:1022DE0059F3288139818C819D81B701820F931F1B
:1022EE000E94AA4B0C831D8381E0DFCFEF92FF92F9
:1022FE000F931F93CF93DF93CDB7DEB76497CDBF08
:10230E00DEBF7C01CB01BA018E010F5F1F4F22E0B1
:10231E0044E00E940942FC0101900020E9F7319748
:10232E00AF01481B590BBC01C701B5DF811102C0BB
:10233E00C70128DFC7016496CDBFDEBFDF91CF9105
:10234E001F910F91FF90EF900895EF92FF920F93D0
:10235E001F93CF93DF93CDB7DEB72D97CDBFDEBFE3
:10236E007C01CB01BA012AE08E010F5F1F4FA8013D
:10237E000E947C42F80101900020E9F73197AF01ED
:10238E00401B510BB801C70186DF811102C0C70186
:10239E00F9DEC7012D96CDBFDEBFDF91CF911F9124
:1023AE000F91FF90EF900895EF92FF920F931F936E
:1023BE00CF93DF93CDB7DEB72897CDBFDEBF7C01BD
:1023CE00CB014AE08E010F5F1F4FB8010E944F42B2
:1023DE00F80101900020E9F73197AF01401B510B36
:1023EE00B801C70158DF811102C0C701CBDEC7019A
:1023FE002896CDBFDEBFDF91CF911F910F91FF9039
:10240E00EF900895CF93DF93EC01FB010190002034
:10241E00E9F73197AF01461B570B3DDF811102C023
:10242E00CE01B0DECE01DF91CF910895CF93DF9331
:10243E00EC01FB0144815581608171812CDF81119A
:10244E0002C0CE019FDECE01DF91CF910895EF92B3
:10245E00FF920F931F93CF93DF93EC017B018A01C1
:10246E00BA01F1DE81110AC0CE018CDECE01DF9100
:10247E00CF911F910F91FF90EF9008950C831D83C4
:10248E00B701888199810E94AA4BF0CFFB01019080
:10249E000020E9F73197AF01461B570BD8CFEF92CB
:1024AE00FF920F931F93CF93DF93CDB7DEB7A19714
:1024BE00CDBFDEBF7C01CB01BA01F70110821182C4
:1024CE0012821382148215828E010F5F1F4F22E03B
:1024DE0044E00E940942009769F0BC01C701D6DFB3
:1024EE00A196CDBFDEBFDF91CF911F910F91FF90CF
:1024FE00EF900895C70146DEF3CFCF93DF93EC0143
:10250E00FB018617970741F0608171816115710596
:10251E0039F0448155819BDFCE01DF91CF91089533
:10252E0031DEFACFFC0110821182128213821482E4
:10253E001582E3CFFC011082118212821382148263
:10254E001582FB0101900020E9F73197AF01461B80
:10255E00570B7DCF6F927F928F929F92AF92BF92C9
:10256E00CF92DF92EF92FF920F931F93CF93DF9351
:10257E00CDB7DEB74C015B016DB67EB6CB01F3D99C
:10258E00082F10E0C80101962DB73EB7281B390B56
:10259E002DBF3EBF8DB79EB701966C0175015C01D4
:1025AE009FEFE91AF90AC5018C199D098017910749
:1025BE0034F4C701D8D9F50181935F01F1CFF6014B
:1025CE00E00FF11F1082B601C401B4DFC4016DBE6D
:1025DE007EBEDF91CF911F910F91FF90EF90DF9014
:1025EE00CF90BF90AF909F908F907F906F900895F7
:1025FE001F93CF93DF93CDB7DEB7A497CDBFDEBFCA
:10260E008AE390E0B0D9682F70E090E080E00E94FD
:10261E00634660930429709305298093062990934D
:10262E00072988E490E09FD9682F70E090E080E061
:10263E000E9463466093EB287093EC288093ED28FC
:10264E009093EE2890E080E08ED91CE3819FC0012C
:10265E001124092E000CAA0BBB0B8093482A9093D1
:10266E00492AA0934A2AB0934B2A84E090E07BD962
:10267E00819FC0011124092E000CAA0BBB0B809365
:10268E005D2A90935E2AA0935F2AB093602A1092DF
:10269E004D2A10924E2A10924F2A1092502A1092C2
:1026AE00512A1092522A1092532A1092542A1092A2
:1026BE00552A1092562A1092572A1092582A109282
:1026CE00592A10925A2A10925B2A10925C2A8DE295
:1026DE0090E049D990E0B0E0A0E080934529909336
:1026EE004629A0934729B093482981E390E03BD92E
:1026FE0090E0B0E0A0E08093252990932629A09346
:10270E002729B093282985E390E02DD9819FC00118
:10271E001124809331299093322989E290E023D9B4
:10272E0090E0B0E0A0E080932C2890932D28A09309
:10273E002E28B0932F2885E390E015D9819FC001F4
:10274E0011248093D7289093D8288CE090E00BD951
:10275E00682F70E090E080E00E9465462DEC3CEC26
:10276E004CEC5DE30E94C44660935029709351294E
:10277E00809352299093532988E090E0F4D8682FE3
:10278E0070E090E080E00E9465462DEC3CEC4CEC55
:10279E005DE30E94C44660932C2970932D2980938B
:1027AE002E2990932F2980E190E0DDD8682F70E0DC
:1027BE0090E080E00E9465462DEC3CEC4CEC5DE335
:1027CE000E94C44660934C2970934D2980934E29E4
:1027DE0090934F2964E170E0CE010196BBDECE01ED
:1027EE000196F6DC072E000C880B990B0E946546AD
:1027FE0060935B2970935C2980935D2990935E2989
:10280E0069E170E0CE010796A5DECE010796E0DC09
:10281E00072E000C880B990B0E9465466093572972
:10282E00709358298093592990935A296FE170E03B
:10283E00CE010D968FDE64E270E0CE0143968ADE05
:10284E00CE010D96BADC60932828709329288093C8
:10285E002A2890932B28CE014396AFDC6093D22882
:10286E007093D3288093D4289093D5286CE670E08B
:10287E00CE0149966FDECE0149969FDC60935A28B1
:10288E0070935B2880935C2890935D2862E570E0DE
:10289E00CE014F965FDECE014F968FDC6093822B7A
:1028AE007093832B8093842B9093852BCE014F9620
:1028BE007BDCCE01499678DCCE01439675DCCE01E9
:1028CE000D9672DCCE0107966FDCCE0101966CDCA4
:1028DE00A496CDBFDEBFDF91CF911F9108958F9249
:1028EE009F92AF92BF92CF92DF92EF92FF920F9391
:1028FE001F93CF93DF93EC018B01FB01C480D58036
:10290E00D60111972FEF3FEFB12CA12C90E080E074
:10291E0070E060E0A817B9072CF1461757072CF1A5
:10292E00FC0131967F018C159D0560F4F8018080C5
:10293E0091808114910431F0F401E80FF91FE081C8
:10294E00EC3219F0A817B90759F46F5F7F4F590190
:10295E00FFEFAF1ABF0A9701A817B90709F09C013C
:10296E00C701D8CF46175707D4F569012A153B057D
:10297E0010F06501590161EB78EDCE01DBDDF80158
:10298E00E480F580CE14DF04D0F4AE14BF0408F456
:10299E007501F80160817181FB01EE0DFF1DB080A4
:1029AE0010826C0D7D1DCE0161157105B1F06EDDCD
:1029BE00F80180819181E80EF91EF701B082CE01F7
:1029CE00DF91CF911F910F91FF90EF90DF90CF90FD
:1029DE00BF90AF909F908F900895D4DBE9CF61EBBD
:1029EE0078EDCE01A7DDEBCF8F929F92AF92BF9283
:1029FE00EF92FF920F931F93CF93DF93CDB7DEB776
:102A0E002C97CDBFDEBFE090722AF090732A809093
:102A1E006E2A90906F2AA090702AB090712A009121
:102A2E006D2A10E061EB78EDCE01019683DDBE01DB
:102A3E006F5F7F4FCE01079675DDB801CE01079609
:102A4E00B3DC6EE878EDDEDCB501A4014FDC6EE898
:102A5E0078EDD8DCB701A8DC60EB78EDD3DCBC01F7
:102A6E0083EC9DE20E94EE03CE0107969DDBCE0124
:102A7E0001969ADB2C96CDBFDEBFDF91CF911F91D1
:102A8E000F91FF90EF90BF90AF909F908F90089511
:102A9E000F931F93CF93DF938C01EB0188E2FB0121
:102AAE0011928A95E9F74BE050E060E978EDCE019E
:102ABE000E94B14B1B8681E090E0A0E0B0E08C87D5
:102ACE009D87AE87BF87F80183819481092E000C04
:102ADE00AA0BBB0B888B998BAA8BBB8B8DE090E0DE
:102AEE00A0E0B0E08C8B9D8BAE8BBF8B1CA21DA289
:102AFE001EA21FA280E090E0A0E2B2EC8C8F9D8F10
:102B0E00AE8FBF8F80E090E0AAEAB2E4888F998FF3
:102B1E00AA8FBB8F8AE999E9A9E9BEE388A399A395
:102B2E00AAA3BBA3DF91CF911F910F9108950F938D
:102B3E001F93CF93DF938C01EB0188E2FB0111927F
:102B4E008A95E9F74BE050E069E978EDCE010E94F5
:102B5E00B14B1B8681E090E0A0E0B0E08C879D87B2
:102B6E00AE87BF87F80183819481092E000CAA0BD2
:102B7E00BB0B888B998BAA8BBB8B8CE090E0A0E073
:102B8E00B0E08C8B9D8BAE8BBF8B1CA21DA21EA2A8
:102B9E001FA21C8E1D8E1E8E1F8E80E090E0A8EC54
:102BAE00B2E4888F998FAA8FBB8F80E090E0A0E06F
:102BBE00B0E488A399A3AAA3BBA3DF91CF911F91E1
:102BCE000F9108954F925F926F927F929F92AF9264
:102BDE00BF92CF92DF92EF92FF920F931F93CF93FC
:102BEE00DF93CDB7DEB76A97CDBFDEBF8C017B0119
:102BFE006A010E94D7092B013C0180E48A8FD8011B
:102C0E001C968D919C91FC0124813581232BA9F476
:102C1E00912C892D6A96CDBFDEBFDF91CF911F918A
:102C2E000F91FF90EF90DF90CF90BF90AF909F905D
:102C3E007F906F905F904F90089520812093802B0E
:102C4E0010923F2B1092812B21E041E050E0BE010B
:102C5E00665E7F4F0E94980B8823D1F264E170E08C
:102C6E0080E090E00E94AA09F80184859585188A73
:102C7E00198A1A8A1B8A89839A831B821C8281E095
:102C8E008A871F8218861B8686E0898746E0BE01EA
:102C9E006C5E7F4FCE0101969CD9982E882309F445
:102CAE00B7CFAC88BD88BA24AB24BA24C5010E9424
:102CBE00DA0A9E899813ACCFB50190E080E00E94AD
:102CCE00634620E03FEF4FE757E40E942A4820E09A
:102CDE0030E045E253E40E94C44620E030E040E29A
:102CEE0052E40E94C547D8016D937D938D939C93BA
:102CFE001397AF88B88CBA24AB24BA24C5010E94AE
:102D0E00DA0A998D981385CFB50190E080E00E9484
:102D1E00634620E03FEF4FE757E40E942A4820E049
:102D2E0030E048EC52E40E94C446F8016483758397
:102D3E0086839783C114D10481F1F601349680E223
:102D4E00DF011D928A95E9F784E290E0A0E0B0E001
:102D5E00F60180839183A283B383D8011A968D9155
:102D6E009C91B0E0A0E084839583A683B7838DE029
:102D7E0090E0A0E0B0E080879187A287B387408A79
:102D8E00518A628A738AF80180819181A281B3810E
:102D9E00F601848B958BA68BB78BE114F10409F4A5
:102DAE0038CFF701349680E2DF011D928A95E9F75C
:102DBE0084E290E0A0E0B0E0F70180839183A283EB
:102DCE00B383D80118968D919C91B0E0A0E08483D6
:102DDE009583A683B7838DE090E0A0E0B0E0808776
:102DEE009187A287B387408A518A628A738AF801D3
:102DFE0084819581A681B781F701848B958BA68BF3
:102E0E00B78B07CFAB0170E060E0FC018581968146
:102E1E00D9DE81E0089550E040E0FC018581968185
:102E2E00D1DE81E008952F923F924F925F926F9282
:102E3E007F928F929F92AF92BF92CF92DF92EF923C
:102E4E00FF920F931F93CF93DF93CDB7DEB7CA5088
:102E5E00D140CDBFDEBFA8958E010F5F1F4F180169
:102E6E0086E29DE20E943E043C01892B11F40C94F3
:102E7E00802A86E29DE20E941C048C0189831A82BC
:102E8E0041E050E0B10180E99EE205DA0A30110519
:102E9E0039F72091942E3091952E2093262A309337
:102EAE00272A6091902E7091912E4091242A509154
:102EBE00252A90E080E082179307CCF14093242AD4
:102ECE005093252A10E000E0E090242AF090252A65
:102EDE0060E97EE20E151F050CF03DC0CE0189564D
:102EEE009F4F20DBA801BE0169567F4FC101F7DC61
:102EFE00CE0189569F4F58D9C1015FD99B01AC01B4
:102F0E006091202A7091212A8091222A9091232A61
:102F1E000E94C6476093202A7093212A8093222A0A
:102F2E009093232AC10140D90F5F1F4FCDCF821737
:102F3E00930730F4FB01E80FF91F6115710521F4B9
:102F4E0010922728E7E2F8E2E081EC3211F44F5FAD
:102F5E005F4F0196B0CFC101E5DAA701B101CE01F5
:102F6E0089549F4FBCDCC1011FD9CE0189549F4F9C
:102F7E0024D96B017C0120E030E040E251E4609105
:102F8E00202A7091212A8091222A9091232A0E9430
:102F9E00C647A70196010E945F4681110C94582ADC
:102FAE0060E97EE2C101BEDA41E050E0B101CE013E
:102FBE008F549F4F94DCC101F7D8CE018F549F4F91
:102FCE0007D96093722A7093732A6B30710509F0DA
:102FDE0060C30091632A1091642A40903D2A50905C
:102FEE003E2A60903F2A7090402A2091A929309164
:102FFE00AA294091AB295091AC29C753DF4F2883A2
:10300E0039834A835B83C95CD0404091442A5091F6
:10301E00452A6091462A7091472AC752DF4F48834E
:10302E0059836A837B83C95DD040609181297091F9
:10303E0082298091832990918429CF52DF4F688312
:10304E0079838A839B83C15DD0408091752990914D
:10305E007629A0917729B0917829CF51DF4F8883B7
:10306E009983AA83BB83C15ED04020916829309199
:10307E00692940916A2950916B29C352DF4F2883E9
:10308E0039834A835B83CD5DD040A0907F29B09079
:10309E008029CB51DF4FA882B982C55ED040E09027
:1030AE007D29F0907E29C751DF4FE882F982C95EF3
:1030BE00D040A0907B29B0907C29C351DF4FA882CD
:1030CE00B982CD5ED040E0907929F0907A29CF5028
:1030DE00DF4FE882F982C15FD040A0901228B090F5
:1030EE001328CB50DF4FA882B982C55FD0408090A5
:1030FE00272B9090282BA090292BB0902A2BE09074
:10310E001628F0901728CF5FDE4FE882F982C15063
:10311E00D140E090412AF090422AC750DF4FE8821A
:10312E00F982C95FD040E0901029F0901129C35068
:10313E00DF4FE882F982CD5FD040E090F828F09022
:10314E00F928CD5FDE4FE882F982C350D140E0907E
:10315E002929F0902A29CB5FDE4FE882F982C550EB
:10316E00D140E0904929F0904A29C95FDE4FE882AC
:10317E00F982C750D140E090362BF090372BC75FC5
:10318E00DE4FE882F982C950D140B801012E000C01
:10319E00880B990B0E946546A30192010E94C647B7
:1031AE00C753DF4F288139814A815B81C95CD0408A
:1031BE000E94C647C752DF4F288139814A815B8101
:1031CE00C95DD0400E94C647CF52DF4F288139815A
:1031DE004A815B81C15DD0400E94C647CF51DF4F0F
:1031EE00288139814A815B81C15ED0400E94C647E9
:1031FE00C352DF4F288139814A815B81CD5DD0403A
:10320E000E94C6476B017C01CB51DF4F288139816B
:10321E00C55ED040B901330F880B990B0E946546ED
:10322E009B01AC01C701B6010E94C6476B017C0130
:10323E00C751DF4F48815981C95ED040BA01550F41
:10324E00880B990B0E9465469B01AC01C701B60124
:10325E000E94C6476B017C01C351DF4FA881B98123
:10326E00CD5ED040BD01BB0F880B990B0E94654609
:10327E009B01AC01C701B6010E94C6476B017C01E0
:10328E00CF50DF4FE881F981C15FD040BF01FF0F02
:10329E00880B990B0E9465469B01AC01C701B601D4
:1032AE000E94C6476B017C01CB50DF4F28813981CC
:1032BE00C55FD040B901330F880B990B0E9465464C
:1032CE009B01AC01C701B6010E94C6476B017C0190
:1032DE00C501B4010E9465469B01AC01C701B60150
:1032EE000E94C6476B017C01CF5FDE4F488159813A
:1032FE00C150D140BA01550F880B990B0E946546FB
:10330E009B01AC01C701B6010E94C6476B017C014F
:10331E00C750DF4FA881B981C95FD040BD01BB0F37
:10332E00880B990B0E9465469B01AC01C701B60143
:10333E000E94C6476B017C01C350DF4FE881F981C3
:10334E00CD5FD040BF01FF0F880B990B0E946546E1
:10335E009B01AC01C701B6010E94C6476B017C01FF
:10336E00CD5FDE4F28813981C350D140B901330F73
:10337E00880B990B0E9465469B01AC01C701B601F3
:10338E000E94C6476B017C01CB5FDE4F488159819D
:10339E00C550D140BA01550F880B990B0E94654656
:1033AE009B01AC01C701B6010E94C6476B017C01AF
:1033BE00C95FDE4FA881B981C750D140BD01BB0F97
:1033CE00880B990B0E9465469B01AC01C701B601A3
:1033DE000E94C6476B017C01C75FDE4FE881F98111
:1033EE00C950D140BF01FF0F880B990B0E94654653
:1033FE009B01AC01C701B6010E94C64720E030E038
:10340E0040E251E40E94C6476B017C01C0926E2AD5
:10341E00D0926F2AE092702AF092712A209116288B
:10342E0030911728CF5FDE4F28833983C150D140AA
:10343E0061EB78EDCE0181569F4F7CD8BE0161566F
:10344E007F4FCE0189569F4F6DD8B301A201CE0199
:10345E0089569F4F0E947D116EE878ED0E940912E9
:10346E00B8010E94DB116EE878ED0E940912C75375
:10347E00DF4F488159816A817B81C95CD0400E94AF
:10348E007D116EE878ED0E940912C752DF4F488118
:10349E0059816A817B81C95DD0400E947D116EE8A1
:1034AE0078ED0E940912CF52DF4F488159816A810F
:1034BE007B81C15DD0400E947D116EE878ED0E9447
:1034CE000912CF51DF4F488159816A817B81C15EDC
:1034DE00D0400E947D116EE878ED0E940912C35211
:1034EE00DF4F488159816A817B81CD5DD0400E943A
:1034FE007D116EE878ED0E940912CB51DF4F688185
:10350E007981C55ED0400E94DB116EE878ED0E9495
:10351E000912C751DF4F68817981C95ED0400E9480
:10352E00DB116EE878ED0E940912C351DF4F6881FE
:10353E007981CD5ED0400E94DB116EE878ED0E945D
:10354E000912CF50DF4F68817981C15FD0400E9450
:10355E00DB116EE878ED0E940912CB50DF4F6881C7
:10356E007981C55FD0400E94DB116EE878ED0E9434
:10357E0009128C012AE0A101C501B4010E94594231
:10358E00F10101900020E9F73197AF01421953097B
:10359E00B101C8010E945211811103C0C8010E94DD
:1035AE00C9106EE878EDC8010E940912CF5FDE4F98
:1035BE0068817981C150D1400E94DB116EE878EDAF
:1035CE000E940912C750DF4F68817981C95FD040D0
:1035DE000E94DB116EE878ED0E940912C350DF4F96
:1035EE0068817981CD5FD0400E94DB116EE878ED65
:1035FE000E940912CD5FDE4F68817981C350D140A0
:10360E000E94DB116EE878ED0E940912CB5FDE4F4F
:10361E0068817981C550D1400E94DB116EE878ED4A
:10362E000E940912C95FDE4F68817981C750D1406F
:10363E000E94DB116EE878ED0E940912C75FDE4F23
:10364E0068817981C950D1400E94DB116EE878ED16
:10365E000E940912B701A6010E947D116EE878ED55
:10366E000E9409126BE070E00E94DB1160EB78EDB6
:10367E000E940912BC0186E29DE20E94EE03CE0179
:10368E0089569F4F0E94DB10CE0181569F4F0E949C
:10369E00DB108091722A9091732A819709F049C0AC
:1036AE0080E090E0A8EDB1E480936E2A90936F2AAB
:1036BE00A093702AB093712A61EB78EDCE018956F2
:1036CE009F4F0E94A112BE0169567F4FC1010E94F9
:1036DE00991261E070E0C1010E94DB116EE878ED95
:1036EE000E94091260E170E00E94DB116EE878ED35
:1036FE000E94091240E050E068ED71E40E947D11D5
:10370E006EE878ED0E94091261E270E00E94DB1112
:10371E0060EB78ED0E940912BC0186E29DE20E94E8
:10372E00EE03C1010E94DB10CE0189569F4F0E940D
:10373E00DB108091722A9091732A469709F041C04E
:10374E0060E97EE2C1010E94991242E050E0B101AF
:10375E00CE0189569F4FC3D8C1010E94DB10CE0106
:10376E0089569F4F0E94EF106130710509F04BC7CB
:10377E0060E97EE2CE0181569F4F0E94991243E08E
:10378E0050E0BE0161567F4FC101A9D8CE018156CE
:10379E009F4F0E94DB10C1010E94E41021E0209394
:1037AE001F2A60931B2A70931C2A80931D2A9093C4
:1037BE001E2AC1010E94DB10CE0189569F4F0E9426
:1037CE00DB108091722A9091732A82349105D1F484
:1037DE0010916D2A612F70E0665F7F4F072E000CEF
:1037EE00880B990B0E94654660936E2A70936F2A20
:1037FE008093702A9093712A112309F42BC7F4D861
:10380E0010926D2A8091722A9091732AC79709F0AF
:10381E0078C200915D2A10915E2A20915F2A309124
:10382E00602A4090482A5090492A60904A2A709007
:10383E004B2A40912C2950912D2960912E2970915F
:10384E002F29C753DF4F488359836A837B83C95C13
:10385E00D0406091502970915129809152299091B8
:10386E005329C752DF4F688379838A839B83C95D4F
:10387E00D04080914C2990914D29A0914E29B09124
:10388E004F29CF52DF4F88839983AA83BB83C15DB3
:10389E00D04040915B2950915C2960915D297091D7
:1038AE005E29CF51DF4F488359836A837B83C15E84
:1038BE00D040609157297091582980915929909143
:1038CE005A29C352DF4F688379838A839B83CD5DE8
:1038DE00D0408091282890912928A0912A28B09133
:1038EE002B28CB51DF4F88839983AA83BB83C55E78
:1038FE00D0404091D2285091D3286091D428709115
:10390E00D528C751DF4F488359836A837B83C95EAD
:10391E00D04060912C2870912D2880912E28909166
:10392E002F28C351DF4F688379838A839B83CD5EB3
:10393E00D0408091252990912629A0912729B091D8
:10394E002829CF50DF4F88839983AA83BB83C15F19
:10395E00D040409145295091462960914729709158
:10396E004829CB50DF4F488359836A837B83C55FD9
:10397E00D04080913129909132296CE370E00E9401
:10398E000549C750DF4F68837983C95FD040BCE3D8
:10399E00CB2ED12CE12CF12CC901B801A701960137
:1039AE000E94184949015A01C301B201A7019601AB
:1039BE000E941849C501B401620F731F841F951F21
:1039CE000E946346C753DF4F288139814A815B814C
:1039DE00C95CD0400E94C647C752DF4F288139814B
:1039EE004A815B81C95DD0400E94C647CF52DF4FEE
:1039FE00288139814A815B81C15DD0400E94C647D2
:103A0E00CF51DF4F288139814A815B81C15ED04021
:103A1E000E94C647C352DF4F288139814A815B819C
:103A2E00CD5DD0400E94C647CB51DF4F28813981F2
:103A3E004A815B81C55ED0400E94C647C751DF4FA9
:103A4E00288139814A815B81C95ED0400E94C64778
:103A5E004B015C01C351DF4F688179818A819B8163
:103A6E00CD5ED0400E9463469B01AC01C501B401FE
:103A7E000E94C6474B015C01CF50DF4F68817981B0
:103A8E008A819B81C15FD0400E9463469B01AC013D
:103A9E00C501B4010E94C6474B015C01CB50DF4FFC
:103AAE00688179818A819B81C55FD0400E9463467F
:103ABE009B01AC01C501B4010E94C6474B015C01DC
:103ACE00C750DF4F48805980C95FD040B201550CB6
:103ADE00880B990B0E9465469B01AC01C501B40190
:103AEE000E94C64720E030E040E251E40E94C64703
:103AFE004B015C0180926E2A90926F2AA092702ADE
:103B0E00B092712A0091482A1091492A20914A2A8E
:103B1E0030914B2AC350DF4F088319832A833B838E
:103B2E00CD5FD04040905D2A50905E2A60905F2A13
:103B3E007090602A61EB78EDCE0189569F4F0E94FE
:103B4E00A112BE0169567F4FC1010E949912C30195
:103B5E00B201A70196010E941849BA01A901C1013B
:103B6E000E94AC116EE878ED0E9409128C01C350D0
:103B7E00DF4F688179818A819B81CD5FD040A7011B
:103B8E0096010E941849BA01A901C8010E94AC1100
:103B9E006EE878ED0E940912C753DF4F48815981B4
:103BAE006A817B81C95CD0400E947D116EE878ED00
:103BBE000E940912C752DF4F488159816A817B8169
:103BCE00C95DD0400E947D116EE878ED0E94091209
:103BDE00CF52DF4F488159816A817B81C15DD040D0
:103BEE000E947D116EE878ED0E940912CF51DF4FD1
:103BFE00488159816A817B81C15ED0400E947D11CE
:103C0E006EE878ED0E940912C352DF4F4881598148
:103C1E006A817B81CD5DD0400E947D116EE878ED8A
:103C2E000E940912CB51DF4F488159816A817B81F5
:103C3E00C55ED0400E947D116EE878ED0E9409129B
:103C4E00C751DF4F488159816A817B81C95ED0405F
:103C5E000E947D116EE878ED0E940912C351DF4F6C
:103C6E00488159816A817B81CD5ED0400E94AC1122
:103C7E006EE878ED0E940912CF50DF4F48815981CE
:103C8E006A817B81C15FD0400E94AC116EE878EDF5
:103C9E000E940912CB50DF4F488159816A817B8186
:103CAE00C55FD0400E94AC116EE878ED0E940912FB
:103CBE00C750DF4F68817981C95FD0400E94DB1108
:103CCE006EE878ED0E940912B501A4010E947D11E3
:103CDE006EE878ED0E94091267E370E00E94DB1136
:103CEE0060EB78ED0E940912BC0186E29DE20E9413
:103CFE00EE03C1010E94DB10CE0189569F4F0E9438
:103D0E00DB108091722A9091732A8D34910519F4EB
:103D1E00F0E0E0E009958091722A9091732A8C97D9
:103D2E0009F069C080912A2A90912B2A892B41F0A3
:103D3E001092C8281092C92810922A2A10922B2A63
:103D4E0080912E2A90912F2A892B31F480912C2A42
:103D5E0090912D2A892B61F01092CA281092CB28AF
:103D6E0010922E2A10922F2A10922C2A10922D2A5F
:103D7E001092322A1092332A1092302A1092312A3F
:103D8E001092362A1092372A1092612A1092622AC5
:103D9E001092252B1092262B10923B2A10923C2A21
:103DAE001092342A1092352A1092382A1092392AFB
:103DBE0061EB78EDC1010E94A112B101CE018956CD
:103DCE009F4F0E94991262E77EE2CE0189569F4F65
:103DDE000E941D1260EB78ED0E940912BC0186E272
:103DEE009DE20E94EE03CE0189569F4F0E94DB108A
:103DFE00C1010E94DB108091722A9091732A833642
:103E0E00910509F031C18090612A9090622AA090AC
:103E1E00362AB090372AC0903B2AD0903C2AE090A8
:103E2E00342AF090352A0091252B1091262B4090A4
:103E3E00322A5090332AC753DF4F48825982C95CC9
:103E4E00D0404090302A5090312AC752DF4F4882DE
:103E5E005982C95DD04040902A2A50902B2ACF52C9
:103E6E00DF4F48825982C15DD04040902E2A50903B
:103E7E002F2ACF51DF4F48825982C15ED0404090E9
:103E8E002C2A50902D2AC352DF4F48825982CD5D85
:103E9E00D0404090382A5090392ACB51DF4F48827B
:103EAE005982C55ED040B4016A0D7B1D6C0D7D1D1F
:103EBE006E0D7F1D600F711FC753DF4F48805980F5
:103ECE00C95CD040640D751DC752DF4F48805980C4
:103EDE00C95DD040640D751DCF52DF4F48805980AB
:103EEE00C15DD040640D751DCF51DF4F48805980A4
:103EFE00C15ED040640D751DC352DF4F488059809E
:103F0E00CD5DD040640D751DCB51DF4F488059807B
:103F1E00C55ED040640D751D665F7F4F072E000C89
:103F2E00880B990B0E9465462B013C0140926E2A2C
:103F3E0050926F2A6092702A7092712A61EB78ED1E
:103F4E00CE0189569F4F0E94A112BE0169567F4F26
:103F5E00C1010E949912B401C1010E94DB116EE8E9
:103F6E0078ED0E940912B5010E94DB116EE878ED22
:103F7E000E940912B6010E94DB116EE878ED0E94D4
:103F8E000912B7010E94DB116EE878ED0E9409124A
:103F9E00B8010E94DB116EE878ED0E940912C7533A
:103FAE00DF4F68817981C95CD0400E94DB116EE8D9
:103FBE0078ED0E940912C752DF4F68817981C95D81
:103FCE00D0400E94DB116EE878ED0E940912CF52AC
:103FDE00DF4F68817981C15DD0400E94DB116EE8B0
:103FEE0078ED0E940912CF51DF4F68817981C15E51
:103FFE00D0400E94DB116EE878ED0E940912C35288
:10400E00DF4F68817981CD5DD0400E94DB116EE873
:10401E0078ED0E940912CB51DF4F68817981C55E20
:10402E00D0400E94DB116EE878ED0E940912B301B8
:10403E00A2010E947D116EE878ED0E94091263E6DE
:10404E0070E00E94DB1160EB78ED0E940912BC015A
:10405E0086E29DE20E94EE03C1010E94DB10CE01BA
:10406E0089569F4F0E94DB108091722A9091732A7D
:10407E00892B09F05EC260E97EE2C1010E949912AD
:10408E0042E050E0B101CE0189569F4F0E94761456
:10409E00C1010E94DB1060E97EE2CE0181569F4F86
:1040AE000E94991243E050E0BE0161567F4FC1015C
:1040BE000E947614CE0181569F4F0E94DB10CE01D6
:1040CE0089569F4F0E94EF108B016093142A7093B4
:1040DE00152AC1010E94EF106093122A7093132AC1
:1040EE00012B09F077C0672B09F0B7C21092112A85
:1040FE0081E08093102A109214280E94D7098B0118
:10410E009C016093082A1093092A80930A2A3093FF
:10411E000B2A10920C2A10920D2A10920E2A10922F
:10412E000F2A6093002A1093012A8093022A30935B
:10413E00032A1092042A1092052A1092062A10922F
:10414E00072A6093F8291093F9298093FA2930935E
:10415E00FB291092FC291092FD291092FE29109233
:10416E00FF296093F0291093F1298093F22930935F
:10417E00F3291092F4291092F5291092F629109233
:10418E00F72961EB78EDCE0181569F4F0E94A11267
:10419E00BE0161567F4FCE018B559F4F0E949912E3
:1041AE0062E77EE2CE018B559F4F0E941D1260EB9F
:1041BE0078ED0E940912BC0186E29DE20E94EE0398
:1041CE00CE018B559F4F0E94DB10CE0181569F4F23
:1041DE000E94DB100091142A1091152A013011054E
:1041EE00D1F58091122A9091132A892B09F039C2A8
:1041FE0060E088E00E941906109216281092172887
:10420E001092EF2961EB78EDCE0181569F4F0E94FF
:10421E00A112BE0161567F4FCE018B559F4F0E945A
:10422E00991262E77EE2CE018B559F4F0E941D12BE
:10423E0060EB78ED0E940912BC0186E29DE20E94BD
:10424E00EE03CE018B559F4F0E94DB10CE0181569F
:10425E009F4F0E94DB108091142A9091152A02978D
:10426E00D1F58091122A9091132A892B09F005C25B
:10427E0060E087E00E9419061092412A1092422AAD
:10428E001092432A61EB78EDCE0181569F4F0E942A
:10429E00A112BE0161567F4FCE018B559F4F0E94DA
:1042AE00991262E77EE2CE018B559F4F0E941D123E
:1042BE0060EB78ED0E940912BC0186E29DE20E943D
:1042CE00EE03CE018B559F4F0E94DB10CE0181561F
:1042DE009F4F0E94DB108091142A9091152A03970C
:1042EE00C1F58091122A9091132A892B09F0D2C11F
:1042FE0060E083E00E94190660E084E00E941906E7
:10430E0061EB78EDCE0181569F4F0E94A112BE0146
:10431E0061567F4FCE018B559F4F0E94991262E7D7
:10432E007EE2CE018B559F4F0E941D1260EB78ED01
:10433E000E940912BC0186E29DE20E94EE03CE01AC
:10434E008B559F4F0E94DB10CE0181569F4F0E94CE
:10435E00DB108091142A9091152A0497A1F5809173
:10436E00122A9091132A60E0892B09F061E085E012
:10437E000E94190661EB78EDCE0181569F4F0E9487
:10438E00A112BE0161567F4FCE018B559F4F0E94E9
:10439E00991262E77EE2CE018B559F4F0E941D124D
:1043AE0060EB78ED0E940912BC0186E29DE20E944C
:1043BE00EE03CE018B559F4F0E94DB10CE0181562E
:1043CE009F4F0E94DB108091142A9091152A059719
:1043DE00A1F58091122A9091132A60E0892B09F0A1
:1043EE0061E086E00E94190661EB78EDCE01815600
:1043FE009F4F0E94A112BE0161567F4FCE018B5579
:10440E009F4F0E94991262E77EE2CE018B559F4F1D
:10441E000E941D1260EB78ED0E940912BC0186E22B
:10442E009DE20E94EE03CE018B559F4F0E94DB1042
:10443E00CE0181569F4F0E94DB108091142A9091DD
:10444E00152A0697A1F58091122A9091132A60E001
:10445E00892B09F061E083E00E94190661EB78ED8B
:10446E00CE0181569F4F0E94A112BE0161567F4F11
:10447E00CE018B559F4F0E94991262E77EE2CE01CC
:10448E008B559F4F0E941D1260EB78ED0E94091212
:10449E00BC0186E29DE20E94EE03CE018B559F4F3A
:1044AE000E94DB10CE0181569F4F0E94DB1080913F
:1044BE00142A9091152A0797A1F58091122A9091AE
:1044CE00132A60E0892B09F061E084E00E9419064E
:1044DE0061EB78EDCE0181569F4F0E94A112BE0175
:1044EE0061567F4FCE018B559F4F0E94991262E706
:1044FE007EE2CE018B559F4F0E941D1260EB78ED30
:10450E000E940912BC0186E29DE20E94EE03CE01DA
:10451E008B559F4F0E94DB10CE0181569F4F0E94FC
:10452E00DB10C1010E94DB10CE0189569F4F0E9405
:10453E00DB10C090722AD090732A01E0C016D1040D
:10454E0009F001C260E97EE2C1010E94991242E0C7
:10455E0050E0B101CE0189569F4F0E947614C101E1
:10456E000E94DB1060E97EE2CE0181569F4F0E94D1
:10457E00991243E050E0BE0161567F4FC1010E9487
:10458E007614CE0181569F4F0E94DB10CE018956C4
:10459E009F4F0E94EF108B016093ED297093EE29CF
:1045AE00C1010E94EF107B016093EB297093EC29FF
:1045BE000115110509F074C0609312287093132829
:1045CE000430110509F0D5C080910A2890910B286E
:1045DE00EF2809F085C1019709F02EC160E081E056
:1045EE000E94190610920A2810920B288091272BF0
:1045FE009091282BA091292BB0912A2B805B9F4F55
:10460E00AF4FBF4F11C16230710509F0D5C860E9D7
:10461E007EE2CE0181569F4F0E94991243E050E0F8
:10462E00BE0161567F4FC1010E947614CE018156A4
:10463E009F4F0E94DB10C1010E94E41021E02093E5
:10464E001A2A6093162A7093172A8093182A909329
:10465E00192AAFC80E94FB14D5C881E08093112A95
:10466E0090CD61E088E00E94190600931628109301
:10467E00172881E08093EF29C5CD61E087E00E9485
:10468E00190681E090E08093412A9093422A80930C
:10469E00432AF8CD61E083E00E94190661E02DCE39
:1046AE000F3F1105E1F5672B09F560E086E20E94E8
:1046BE00190660E087E20E94190660E080E00E9421
:1046CE00190660E081E00E94190660E082E00E9417
:1046DE0019068FE996E8A1E0B0E08093272B90931E
:1046EE00282BA093292BB0932A2B6ACF61E086E268
:1046FE000E94190661E087E20E94190661E080E0DF
:10470E000E94190661E081E00E94190661E082E0D4
:10471E000E94190687E69BE2A0E0B0E0DECF0130F2
:10472E00110509F05FC08091102890911128E114B5
:10473E00F10409F040C00197E1F460E086E20E94C6
:10474E00190610921028109211288091272B909103
:10475E00282BA091292BB0912A2B8058974CAE4F25
:10476E00BF4F8093272B9093282BA093292BB09388
:10477E002A2B0530110509F05FC080910828909111
:10478E000928EF2809F0C6C0019709F055C060E06E
:10479E0082E00E9419061092082810920928809132
:1047AE00272B9091282BA091292BB0912A2B08967C
:1047BE00A11DB11D39C0892BE1F661E086E20E9490
:1047CE00190600931028109311288091272B909191
:1047DE00282BA091292BB0912A2B80589843A140C9
:1047EE00B109BFCF0230110511F00C94913B8091AD
:1047FE000E2890910F28EF2809F044C00197E1F49C
:10480E0060E087E20E94190610920E2810920F287F
:10481E008091272B9091282BA091292BB0912A2B98
:10482E00805C904EAF4FBF4F8093272B9093282BD9
:10483E00A093292BB0932A2BC1010E94DB10CE012D
:10484E0089569F4F0E94DB1061EB78ED80E99EE266
:10485E000E944D12CE018F549F4F0E94DB1010927A
:10486E00202A1092212A1092222A1092232A109284
:10487E00242A1092252ACE0189549F4F0E94DB10C4
:10488E000C943717892BC1F661E087E20E94190656
:10489E00C0920E28D0920F288091272B9091282B12
:1048AE00A091292BB0912A2B80549F41A109B109C7
:1048BE00BBCF892B09F661E080E00E941906C092F9
:1048CE000C28D0920D288091272B9091282BA09107
:1048DE00292BB0912A2B80529340A109B109A4CF64
:1048EE00892B09F0A9CF61E081E00E94190681E0D1
:1048FE0090E080930A2890930B288091272B90911B
:10490E00282BA091292BB0912A2B80559109A10912
:10491E00B1098ACF892B09F08FCF61E082E00E9426
:10492E00190681E090E080930828909309288091E1
:10493E00272B9091282BA091292BB0912A2B0897E9
:10494E00A109B10971CF12E0C116D10409F07CCFD3
:10495E0060E97EE2C1010E94991242E050E0B1018D
:10496E00CE0185559F4F0E947614C1010E94DB1027
:10497E00CE0185559F4F0E94EF106093E9297093E9
:10498E00EA29672B11F40E94FF128091E929909178
:10499E00EA29019709F091C060E97EE2C1010E9407
:1049AE00991243E050E0B101CE0189569F4F0E940B
:1049BE007614C1010E94DB1060E97EE2CE018156C1
:1049CE009F4F0E94991244E050E0BE0161567F4F06
:1049DE00C1010E947614CE0181569F4F0E94DB10BA
:1049EE00CE0189569F4F0E94EF10C62EE62EF72E4F
:1049FE00E092E729F092E829C1010E94EF10D62E2D
:104A0E00062F172F0093E5291093E6298091E329AD
:104A1E009091E429E816F90609F030C58091E12954
:104A2E009091E2290817190709F028C51092072856
:104A3E006C2D90E080E00E946B0C6D2D84E090E078
:104A4E000E946B0CE092E329F092E4290093E12995
:104A5E001093E22961EB78EDCE0181569F4F0E94B3
:104A6E00A112BE0161567F4FCE018B559F4F0E9402
:104A7E00991262E77EE2CE018B559F4F0E941D1266
:104A8E0060EB78ED0E940912BC0186E29DE20E9465
:104A9E00EE03CE018B559F4F0E94DB10CE01815647
:104AAE009F4F0E94DB100E94FF12C1010E94DB107B
:104ABE00CE0189569F4F0E94DB108091E92990917B
:104ACE00EA29029709F0F6C060E97EE2C1010E9470
:104ADE00991243E050E0B101CE0181569F4F0E94E2
:104AEE007614C1010E94DB1060E97EE2C1010E94D2
:104AFE00991244E050E0B101CE0189569F4F0E94B9
:104B0E007614C1010E94DB1060E97EE2CE018B5566
:104B1E009F4F0E94991245E050E0BE016B557F4FAA
:104B2E00C1010E947614CE018B559F4F0E94DB105F
:104B3E00CE0181569F4F0E94E4106B017C01CE0185
:104B4E0089569F4F0E94E4102B013C01C1010E9427
:104B5E00E4104B015C0120E030E040E251E4C7017B
:104B6E00B6010E94C4460E949248D62EC72EE62E4B
:104B7E00F72E862F9C2D8093DF299093E02920E03D
:104B8E0030E040E251E4C301B2010E94C4460E94EB
:104B9E009248762E672E062F172F862F962D8093EE
:104BAE00DD299093DE2920E030E040E251E4C5019A
:104BBE00B4010E94C4460E949248B62EA72E262FFC
:104BCE00372F862F9A2D8093DB299093DC298091A5
:104BDE00D9299091DA29E816F90609F053C4809183
:104BEE00D7299091D8290817190709F04BC480913D
:104BFE00D5299091D6292817390709F043C4109268
:104C0E0007286D2D88E090E00E946B0C672D8CE0DC
:104C1E0090E00E946B0C6B2D80E190E00E946B0C7B
:104C2E008D2D9C2D8093D9299093DA29872D962D41
:104C3E008093D7299093D8298B2D9A2D8093D5299F
:104C4E009093D62961EB78EDCE018B559F4F0E9444
:104C5E00A112BE016B557F4FCE0183549F4F0E9410
:104C6E00991262E77EE2CE0183549F4F0E941D127D
:104C7E0060EB78ED0E940912BC0186E29DE20E9473
:104C8E00EE03CE0183549F4F0E94DB10CE018B5555
:104C9E009F4F0E94DB100E94FF12C1010E94DB1089
:104CAE00CE0189569F4F0E94DB10CE0181569F4F39
:104CBE000E94DB108091E9299091EA29039709F06F
:104CCE0083C060E97EE2C1010E94991243E050E088
:104CDE00B101CE0189569F4F0E947614C1010E94E8
:104CEE00DB1060E97EE2CE0181569F4F0E94991241
:104CFE0044E050E0BE0161567F4FC1010E94761420
:104D0E00CE0181569F4F0E94DB106EE77EE2CE01F0
:104D1E0089569F4F0E94FA10882309F4B7C368E79B
:104D2E007EE2C1010E94FA10882309F4AFC31092EB
:104D3E000728BE0169567F4F84E190E00E94840CE3
:104D4E00B10189E190E00E94840CBE0169567F4F4B
:104D5E008EE79EE20E948412B10188E79EE20E94D5
:104D6E00841261EB78EDCE0181569F4F0E94A11205
:104D7E00BE0161567F4FCE018B559F4F0E949912F7
:104D8E0062E77EE2CE018B559F4F0E941D1260EBB3
:104D9E0078ED0E940912BC0186E29DE20E94EE03AC
:104DAE00CE018B559F4F0E94DB10CE0181569F4F37
:104DBE000E94DB100E94FF12C1010E94DB10CE0187
:104DCE0089569F4F0E94DB108091E9299091EA2924
:104DDE00049709F082C060E97EE2C1010E94991237
:104DEE0043E050E0B101CE0189569F4F0E947614E8
:104DFE00C1010E94DB1060E97EE2CE0181569F4F19
:104E0E000E94991244E050E0BE0161567F4FC101ED
:104E1E000E947614CE0181569F4F0E94DB106AE8E5
:104E2E007EE2CE0189569F4F0E94FA10882339F0F8
:104E3E0064E87EE2C1010E94FA1081112BC381E069
:104E4E0080930728BE0169567F4F8FE190E00E9444
:104E5E00840CB10184E290E00E94840CBE0169567C
:104E6E007F4F8AE89EE20E948412B10184E89EE29E
:104E7E000E94841261EB78EDCE0181569F4F0E9405
:104E8E00A112BE0161567F4FCE018B559F4F0E94DE
:104E9E00991262E77EE2CE018B559F4F0E941D1242
:104EAE0060EB78ED0E940912BC0186E29DE20E9441
:104EBE00EE03CE018B559F4F0E94DB10CE01815623
:104ECE009F4F0E94DB100E94FF12C1010E94DB1057
:104EDE00CE0189569F4F0E94DB108091E929909157
:104EEE00EA29059709F0F5C060E97EE2C1010E944A
:104EFE00991243E050E0B101CE018B559F4F0E94B5
:104F0E007614C1010E94DB1060E97EE2C1010E94AD
:104F1E00991244E050E0B101CE0181569F4F0E949C
:104F2E007614C1010E94DB1060E97EE2C1010E948D
:104F3E00991245E050E0B101CE0189569F4F0E9473
:104F4E007614C1010E94DB1060E97EE2CE0183542B
:104F5E009F4F0E94991246E050E0BE0163547F4F6E
:104F6E00C1010E947614CE0183549F4F0E94DB1024
:104F7E00CE018B559F4F0E94EF10662EA62EB72E98
:104F8E00A092D329B092D429CE0181569F4F0E9470
:104F9E00EF10762EC62ED72EC092D129D092D229BE
:104FAE00CE0189569F4F0E94EF10862EE62EF72EC9
:104FBE00E092CF29F092D029C1010E94EF10962ED7
:104FCE00062F172F0093CD291093CE298091CB2930
:104FDE009091CC29A816B90609F05FC28091C92913
:104FEE009091CA29C816D90609F057C28091C729CF
:104FFE009091C829E816F90609F04FC28091C5298B
:10500E009091C6290817190709F047C21092072870
:10501E00662D89E290E00E946B0C672D8DE290E088
:10502E000E946B0C682D81E390E00E946B0C692D41
:10503E0085E390E00E946B0CA092CB29B092CC2914
:10504E00C092C929D092CA29E092C729F092C829E4
:10505E000093C5291093C62961EB78EDCE018354D8
:10506E009F4F0E94A112BE0163547F4FCE018D53FC
:10507E009F4F0E94991262E77EE2CE018D539F4FA1
:10508E000E941D1260EB78ED0E940912BC0186E2AF
:10509E009DE20E94EE03CE018D539F4F0E94DB10C6
:1050AE00CE0183549F4F0E94DB100E94FF12C1015C
:1050BE000E94DB10CE0189569F4F0E94DB10CE015D
:1050CE0081569F4F0E94DB10CE018B559F4F0E9441
:1050DE00DB108091E9299091EA29069709F0D9C051
:1050EE0060E97EE2C1010E94991243E050E0B101F5
:1050FE00CE0189569F4F0E947614C1010E94DB108B
:10510E00CE0189569F4F0E94EF106093C329709372
:10511E00C42960E97EE2CE0181569F4F0E9499120A
:10512E0044E050E0BE0161567F4FC1010E947614EB
:10513E00CE0181569F4F0E94DB10C1010E94E410E8
:10514E006B017C018091C3299091C4290197A1F52F
:10515E0081E08093C229C092BE29D092BF29E092ED
:10516E00C029F092C12961EB78EDCE0181569F4F97
:10517E000E94A112BE0161567F4FCE018B559F4FEB
:10518E000E94991262E77EE2CE018B559F4F0E94DC
:10519E001D1260EB78ED0E940912BC0186E29DE2C1
:1051AE000E94EE03CE018B559F4F0E94DB10CE0165
:1051BE0081569F4F0E94DB108091C3299091C42984
:1051CE000297A1F581E08093BD29C092B929D092B2
:1051DE00BA29E092BB29F092BC2961EB78EDCE01A1
:1051EE0081569F4F0E94A112BE0161567F4FCE0184
:1051FE008B559F4F0E94991262E77EE2CE018B552E
:10520E009F4F0E941D1260EB78ED0E940912BC01A7
:10521E0086E29DE20E94EE03CE018B559F4F0E94C7
:10522E00DB10CE0181569F4F0E94DB1061EB78EDB3
:10523E00CE0181569F4F0E94A112BE0161567F4F33
:10524E00CE018B559F4F0E94991262E77EE2CE01EE
:10525E008B559F4F0E941D1260EB78ED0E94091234
:10526E00BC0186E29DE20E94EE03CE018B559F4F5C
:10527E000E94DB10CE0181569F4F0E94DB100E94D0
:10528E00FF12C1010E94DB10CE0189569F4F0E9472
:10529E00DB108091E9299091EA29079709F0EAC07D
:1052AE0060E97EE2C1010E94991243E050E0B10133
:1052BE00CE0189569F4F0E947614C1010E94DB10C9
:1052CE00CE0189569F4F0E94EF106093B7297093BD
:1052DE00B8296130710509F04EC060E97EE2CE0159
:1052EE0081569F4F0E94991244E050E0BE016156D4
:1052FE007F4FC1010E947614CE0181569F4F0E94AE
:10530E00DB10C1010E94E41021E02093B6296093C6
:10531E00B2297093B3298093B4299093B52961EB88
:10532E0078EDCE0181569F4F0E94A112BE016156AB
:10533E007F4FCE018B559F4F0E94991262E77EE2FE
:10534E00CE018B559F4F0E941D1260EB78ED0E948F
:10535E000912BC0186E29DE20E94EE03CE018B553E
:10536E009F4F0E94DB10CE0181569F4F0E94DB1093
:10537E00C1010E94DB108091B7299091B829029744
:10538E0009F04EC060E97EE2CE0181569F4F0E9429
:10539E00991244E050E0BE0161567F4FC1010E9458
:1053AE007614CE0181569F4F0E94DB10C1010E94E0
:1053BE00E41021E02093B1296093AD297093AE29BA
:1053CE008093AF299093B02961EB78EDCE01815691
:1053DE009F4F0E94A112BE0161567F4FCE018B5589
:1053EE009F4F0E94991262E77EE2CE018B559F4F2E
:1053FE000E941D1260EB78ED0E940912BC0186E23C
:10540E009DE20E94EE03CE018B559F4F0E94DB1052
:10541E00CE0181569F4F0E94DB10C1010E94DB100E
:10542E0061EB78EDC1010E94A112B101CE0181564E
:10543E009F4F0E94991262E77EE2CE0181569F4FE6
:10544E000E941D1260EB78ED0E940912BC0186E2EB
:10545E009DE20E94EE03CE0181569F4F0E94DB100B
:10546E00C1010E94DB100E94FF12CE0189569F4F90
:10547E000E94DB10CE0185559F4FE4C981E08093D9
:10548E000728D6CA81E080930728BBCB81E08093A2
:10549E0007284FCC10920728D5CC81E0809307289F
:1054AE00B7CD61EB78ED80E99EE20E944D1261EB83
:1054BE0078EDC1010E94A112B101CE0189569F4F14
:1054CE000E9499126CE67EE2CE0189569F4F0E9491
:1054DE001D1260EB78ED0E940912BC0186E29DE27E
:1054EE000E94EE03CE0189569F4F0E94DB10C10130
:1054FE00B4C98091B629882301F120E030E040E75D
:10550E0052E46091B2297091B3298091B42990919F
:10551E00B5290E942A489B01AC0160E070E080E250
:10552E0091E40E942A480E9497488AE390E00E94E4
:10553E006B0C0E94FF121092B6298091B12988231C
:10554E0019F120E030E040E752E46091AD2970910E
:10555E00AE298091AF299091B0290E942A489B01D3
:10556E00AC0160E070E080E291E40E942A480E9463
:10557E00974888E490E00E946B0C0E94FF121092F4
:10558E00B12981E080936D2AE091BC2EF091BD2E61
:10559E001386158614861286118610861782168239
:1055AE001582148213821092BA2E1092BB2E4E01C7
:1055BE0027E9820E911C11E0B4018091BC2E9091CE
:1055CE00BD2E0E94750F882309F475C067E0C401D3
:1055DE000E94140AD40117969C9117978913ECCF49
:1055EE008091BA2E8F5F8093BA2E8C91883231F0D3
:1055FE0008F047C0803111F08232F1F68091BB2E57
:10560E008F5F8093BB2E8091B32E811126C0809127
:10561E00BC2E9091BD2E0E94CF0EB4018091BC2E57
:10562E009091BD2E0E94BC0A40E064EB8091BC2E8E
:10563E009091BD2E0E94870A8091BC2E9091BD2E16
:10564E000E942B0A082F8091BC2E9091BD2E0E9495
:10565E00CF0E011102C01093B32EF4018081803160
:10566E00D9F0BE016F5F7F4FC4010E94090F8823DE
:10567E0031F08D818F3391F058F48F31C1F080E08D
:10568E000EC08B3309F4BACF823409F095CFB6CF62
:10569E008F3579F08F3799F78CE001C08AE09091C1
:1056AE00B62E981708F088CF8093B62E85CF89E056
:1056BE00F6CF8BE0F4CF8091BC2E9091BD2E0E9440
:1056CE00CF0E40E06CEC8091BC2E9091BD2E0E94CE
:1056DE00870A4091B32E64E48091BC2E9091BD2E2A
:1056EE000E94870A8091B72E882321F1E091B62E71
:1056FE008091B82E882311F40C946F378091B32EBD
:10570E0081110C946F370E94D7096B017C01809137
:10571E00BC2E9091BD2E0E942B0A813059F00E9412
:10572E00D7096C197D098E099F096E3E724081055D
:10573E00910568F3E091BC2EF091BD2E138615866F
:10574E00148612861186108617821682158214828E
:10575E001382B4018091BC2E9091BD2E0E94750FC4
:10576E0081110C94993760E070E08EEF92EC6093AB
:10577E003D2A70933E2A80933F2A9093402A8EE1D1
:10578E000E94EB06182F81E090E0112311F090E0BB
:10579E0080E080932B2B90932C2B86E10E94EB06BE
:1057AE0090E011110C94EF37892B11F40C94F13712
:1057BE0082E090E08093632A9093642A0E94D70936
:1057CE007B018C0120E030E0A901C753DF4F6883D5
:1057DE00C95CD040C653DF4FF882CA5CD040C55377
:1057EE00DF4F8883CB5CD040C453DF4F1883CC5C33
:1057FE00D040C353DF4F2883CD5CD040C253DF4F20
:10580E003883CE5CD040C153DF4F4883CF5CD0404D
:10581E00C053DF4F5883C05DD04020912E2B309166
:10582E002F2B4091302B5091312B6091322B709158
:10583E00332B8091342B9091352B28573C4E4F4F64
:10584E005F4F6F4F7F4F8F4F9F4F59016A017B0103
:10585E008C01C753DF4F2881C95CD040C653DF4F40
:10586E003881CA5CD040C553DF4F4881CB5CD040F5
:10587E00C453DF4F5881CC5CD04060E070E080E0D4
:10588E0090E00E948E4950F120932E2B30932F2BB7
:10589E004093302B5093312B1092322B1092332B8E
:1058AE001092342B1092352B8091342890913528FC
:1058BE0069E470E00E940549072E000C880B990BD5
:1058CE000E94654660933028709331288093322869
:1058DE0090933328109234281092352820E030E02F
:1058EE0040E451E460913028709131288091322843
:1058FE00909133280E94C44620E030E040EF51E4FE
:10590E000E942A486093A9297093AA298093AB29F3
:10591E009093AC2980912D2B882311F40C94FB3796
:10592E0046E358E265E879E281EA9EE20E94E915D3
:10593E0080914A2890914B28A0914C28B0914D28E7
:10594E008093442A9093452AA093462AB093472ADF
:10595E008091992990919A29A0919B29B0919C2987
:10596E008093812990938229A0938329B0938429CF
:10597E0081E20E94EB0621E030E0882311F030E056
:10598E0020E020937F29309380298DE10E94EB0641
:10599E0021E030E0882311F030E020E020937D29D3
:1059AE0030937E298FE10E94EB0621E030E08823C0
:1059BE0011F030E020E020937B2930937C2980E2A7
:1059CE000E94EB0621E030E0882311F030E020E069
:1059DE002093792930937A298091102A882309F40B
:1059EE00A8C160E08CE00E9419060E94D7095B01F5
:1059FE006C012091082A3091092A40910A2A50916F
:105A0E000B2A60910C2A70910D2A80910E2A90918A
:105A1E000F2A28573C4E4F4F5F4F6F4F7F4F8F4F80
:105A2E009F4F19012A01B62FA72FF82FE92F9501A5
:105A3E00A60160E070E080E090E051016201EB2E83
:105A4E00FA2E0F2F1E2F0E948E4929F020F061E0B2
:105A5E008BE00E9419060E94D7095B016C01209110
:105A6E00002A3091012A4091022A5091032A609116
:105A7E00042A7091052A8091062A9091072A2856A9
:105A8E00354C4F4F5F4F6F4F7F4F8F4F9F4F1901C9
:105A9E002A01B62FA72FF82FE92F9501A60160E056
:105AAE0070E080E090E051016201EB2EFA2E0F2F94
:105ABE001E2F0E948E4909F008F43BC10091AE28BA
:105ACE001091AF28C0905A28D0905B28E0905C28A7
:105ADE00F0905D28A9E2B0E023E02093060631E0C5
:105AEE003093080680910B0680FFFCCF20911006A4
:105AFE0030911106C8010196000F111FF801E25AEC
:105B0E00F74D2083318310E000E08832910509F0D3
:105B1E008C0140915E2850915F28CF52DF4F488311
:105B2E005983C15DD0402091602830916128421781
:105B3E00530794F4522F432FCF52DF4F28813981D0
:105B4E00C15DD040CF52DF4F5883C15DD040CE52A1
:105B5E00DF4F4883C25DD040E2E6F8E260E070E0DD
:105B6E00CB01419151914217530714F00C94013817
:105B7E001901330F44085508620D731D841D951DC0
:105B8E009A0148E2EE3AF40761F7119709F0A4CFB3
:105B9E000E94654620E030E048E152E40E942A4827
:105BAE0020E030E040EA50E40E94C44620E030ECB1
:105BBE004FE754E40E942A4820E030E040E650E4EB
:105BCE000E94C446A70196010E94C6479B01AC01E4
:105BDE000093AE281093AF28209375293093762921
:105BEE0040937729509378298091C229882319F1FF
:105BFE006091BE297091BF298091C0299091C129D1
:105C0E000E94C5479B01AC01609171297091722968
:105C1E0080917329909174290E94C64760937129CF
:105C2E007093722980937329909374291092C229CC
:105C3E0081E080936D2A80911F2A882339F120916B
:105C4E001B2A30911C2A40911D2A50911E2A6091C8
:105C5E0071297091722980917329909174290E94F3
:105C6E002A48AB01BC01CE0101960E945612BE011C
:105C7E006F5F7F4F8CE690E00E94840C0E94FF12B3
:105C8E0010921F2ACE0101960E94DB10C09075293A
:105C9E00D0907629E0907729F090782901E010E0F5
:105CAE0020E030E040E05FE3C701B6010E945F46AE
:105CBE0087FD02C010E000E00093322A1093332AD1
:105CCE0080917029882361F0C0926C29D0926D2941
:105CDE00E0926E29F0926F29109206281092702988
:105CEE001092102A81E0809314280E94D7098B010C
:105CFE009C016093F8291093F9298093FA29309327
:105D0E00FB291092FC291092FD291092FE29109267
:105D1E00FF296093F0291093F1298093F229309393
:105D2E00F3291092F4291092F5291092F629109267
:105D3E00F72980911428882309F475C160E08BE05F
:105D4E000E9419060E94D7095B016C012091F82967
:105D5E003091F9294091FA295091FB296091FC2943
:105D6E007091FD298091FE299091FF2928573C4E74
:105D7E004F4F5F4F6F4F7F4F8F4F9F4F19012A012C
:105D8E00B62FA72FF82FE92F9501A60160E070E03E
:105D9E0080E090E051016201EB2EFA2E0F2F1E2FA4
:105DAE000E948E4929F020F061E08CE00E941906D5
:105DBE000E94D7095B016C012091F0293091F129E5
:105DCE004091F2295091F3296091F4297091F529AF
:105DDE008091F6299091F7292856354C4F4F5F4FF9
:105DEE006F4F7F4F8F4F9F4F19012A01B62FA72F4D
:105DFE00F82FE92F9501A60160E070E080E090E0B9
:105E0E0051016201EB2EFA2E0F2F1E2F0E948E498A
:105E1E0009F008F408C1FE013196CF0144E051E0CB
:105E2E00409306065093080620910B0620FFFCCFE8
:105E3E002091100630911106219331938E169F06F4
:105E4E0079F72091342A3091352A40E050E068EC01
:105E5E0071E4232B41F440913D2A50913E2A6091EA
:105E6E003F2A7091402A0E942602BC01990F880B8E
:105E7E00990B0E94654660936829709369298093F7
:105E8E006A2990936B298091BD29882359F120911D
:105E9E0068293091692940916A2950916B29609146
:105EAE00B9297091BA298091BB299091BC290E9481
:105EBE00C5479B01AC016091642970916529809161
:105ECE006629909167290E94C64760936429709352
:105EDE006529809366299093672981E080936D2AC6
:105EEE001092BD2980911A2A882319F12091162A21
:105EFE003091172A4091182A5091192A60916429DD
:105F0E007091652980916629909167290E942A488F
:105F1E00AB01BC01C4010E945612B40182E590E0AF
:105F2E000E94840C0E94FF1210921A2AC4010E9431
:105F3E00DB100091632A1091642AC0906829D090DA
:105F4E006929E0906A29F0906B29C701B6010E9479
:105F5E009248643671053CF491E080E0012B09F41F
:105F6E0090E0692E782E6092302A7092312A8091BC
:105F7E006329882361F0C0925F29D0926029E09254
:105F8E006129F092622910920528109263292091BE
:105F9E005729309158294091592950915A29609189
:105FAE005B2970915C2980915D2990915E290E94F8
:105FBE00C5479B01AC01C701B6010E945F4687FF32
:105FCE0009C08091552990915629019680935529A3
:105FDE009093562981E08093102A109214280E94E3
:105FEE00D7098B019C016093082A1093092A80938C
:105FFE000A2A30930B2A10920C2A10920D2A109214
:10600E000E2A10920F2A6093002A1093012A809371
:10601E00022A3093032A1092042A1092052A109213
:10602E00062A1092072A20905B2930905C29409016
:10603E005D2950905E29C752DF4F288239824A82ED
:10604E005B82C95DD04020E030E046E953E4C201F6
:10605E00B1010E94C6476B017C01209068293090E7
:10606E00692940906A2950906B29C753DF4F2882C7
:10607E0039824A825B82C95CD040A20191010E94A2
:10608E005F4687FFDAC78091632A9091642A813038
:10609E00910509F0D2C78093382A9093392A8091BE
:1060AE00112A81110C94F8380E94D709613C744D65
:1060BE008140910508F4D5C6C753DF4F2881398139
:1060CE004A815B81C95CD040C752DF4F68817981BC
:1060DE008A819B81C95DD0400E945F4687FD07C0C3
:1060EE0080912A2A90912B2A892B09F4C0C71092ED
:1060FE005529109256291092542940904C295090AF
:10610E004D2960904E2970904F292091752930911C
:10611E0076294091772950917829CF51DF4F2883E6
:10612E0039834A835B83C15ED040209054292091ED
:10613E005029309151294091522950915329C30130
:10614E00B2010E94C647CF51DF4F288139814A8163
:10615E005B81C15ED0400E945F4687FF64C0211004
:10616E0062C080910428882309F45DC08091632A5F
:10617E009091642A892B09F456C08091322A90910D
:10618E00332A892B09F04FC080912C2A90912D2A09
:10619E00892B09F048C080917D2990917E29892B09
:1061AE0009F441C01092152810924C2A60E088E044
:1061BE000E941906109216281092172861E086E0A8
:1061CE000E9419061092042881E080933C29E091E8
:1061DE00652A7091662A6091672A5091682A4091CB
:1061EE00692A30916A2A20916B2A90916C2AE09349
:1061FE003D2970933E2960933F2950934029409347
:10620E004129309342292093432990934429809326
:10621E004B2981E090E08093492990934A2961E0CF
:10622E008CE10E941906A0903D29B0903E29C090A5
:10623E003F29D0904029E0904129F09042290091C9
:10624E00432910914429E091652AF091662AA09184
:10625E00672AB091682A9090692A80906A2A3090B5
:10626E006B2A30916C2AC352DF4F3883CD5DD040FC
:10627E0040914529509146296091472970914829AE
:10628E009A01AB0160E070E0CB01CF52DF4F288363
:10629E00C15DD040CE52DF4F3883C25DD040CD526B
:1062AE00DF4F4883C35DD040CC52DF4F5883C45D6F
:1062BE00D040CB52DF4F6883C55DD040CA52DF4F0E
:1062CE007883C65DD040C952DF4F8883C75DD0400A
:1062DE00C852DF4F9883C85DD04060E070E080E028
:1062EE0090E00E9479495F016D01E92CF82C032D95
:1062FE00C352DF4F1881CD5DD0400E948E4909F008
:10630E0020F480913C29811103C0222009F47DC024
:10631E0060E086E00E9419061092492910924A29DF
:10632E0010923C2911E010933B2921104EC061E0E0
:10633E0088E00E94190681E090E0809316289093E1
:10634E0017287091652A6091662A5091672A4091AC
:10635E00682A3091692A20916A2A90916B2A80913D
:10636E006C2A7093552A6093562A5093572A40935D
:10637E00582A3093592A20935A2A90935B2A809355
:10638E005C2A7091652A6091662A5091672A409125
:10639E00682A3091692A20916A2A90916B2A8091FD
:1063AE006C2A70934D2A60934E2A50934F2A409335
:1063BE00502A3093512A2093522A9093532A809335
:1063CE00542A10924C2A109315287091652A6091C8
:1063DE00662A5091672A4091682A3091692A209145
:1063EE006A2A90916B2A80916C2A7093332960935C
:1063FE0034295093352940933629309337292093E9
:10640E0038299093392980933A2930903229209156
:10641E003129C352DF4F2883CD5DD040932C990C88
:10642E009908A0903329B0903429C0903529D09086
:10643E003629E0903729F0903829009139291091AA
:10644E003A29B091652AA091662AF091672AE091C7
:10645E00682A8090692A50916A2ACF52DF4F58835A
:10646E00C15DD04060916B2ACB51DF4F6883C55E12
:10647E00D04070916C2AC751DF4F7883C95ED040EF
:10648E00332D492D592D692D792D892D992D0E9448
:10649E007949AB2EBA2ECF2EDE2EE82CCF52DF4FFF
:1064AE00F880C15DD040CB51DF4F0881C55ED04032
:1064BE00C751DF4F1881C95ED0400E948E4909F046
:1064CE0020F480913B29811102C0222049F081E005
:1064DE008093302910923B2960E08CE10E941906CE
:1064EE00A301920160912C2970912D2980912E2962
:1064FE0090912F290E94C5479B01AC01CF51DF4FD0
:10650E00688179818A819B81C15ED0400E945F46FD
:10651E0087FF64C0211062C080910428882309F48B
:10652E005DC08091632A9091642A892B09F456C02C
:10653E008091322A9091332A892B09F04FC0809195
:10654E002E2A90912F2A892B09F048C080917F29FD
:10655E0090918029892B09F441C010921528109230
:10656E004C2A60E088E00E941906109216281092BC
:10657E00172861E085E00E9419061092042881E038
:10658E0080931C29E091652A7091662A6091672A92
:10659E005091682A4091692A30916A2A20916B2A7B
:1065AE0090916C2AE0931D2970931E2960931F29E8
:1065BE005093202940932129309322292093232977
:1065CE009093242980932B2981E090E080932929B0
:1065DE0090932A2961E08CE10E941906A0901D2952
:1065EE00B0901E29C0901F29D0902029E09021291B
:1065FE00F090222900912329109124295090652A88
:10660E006090662A7090672A8090682AB091692AF5
:10661E00A0916A2AF0916B2AE0916C2A209125298B
:10662E00309126294091272950912829BA01AB0192
:10663E0060E070E0CB01CF52DF4F2883C15DD040C8
:10664E00CE52DF4F3883C25DD040CD52DF4F4883EC
:10665E00C35DD040CC52DF4F5883C45DD040CB5287
:10666E00DF4F6883C55DD040CA52DF4F7883C65D69
:10667E00D040C952DF4F8883C75DD040C852DF4F2C
:10668E009883C85DD04060E070E080E090E00E94AA
:10669E007949A52CB62CC72CD82CEB2EFA2E0F2F01
:1066AE001E2F0E948E4909F020F480911C29811121
:1066BE0003C0222009F47DC060E085E00E94190627
:1066CE001092292910922A2910921C2911E0109358
:1066DE001B2921104EC061E088E00E94190681E05E
:1066EE0090E080931628909317287091652A6091F8
:1066FE00662A5091672A4091682A3091692A209122
:10670E006A2A90916B2A80916C2A7093552A609315
:10671E00562A5093572A4093582A3093592A209339
:10672E005A2A90935B2A80935C2A7091652A609115
:10673E00662A5091672A4091682A3091692A2091E1
:10674E006A2A90916B2A80916C2A70934D2A6093DD
:10675E004E2A50934F2A4093502A3093512A209319
:10676E00522A9093532A8093542A10924C2A1093B3
:10677E0015287091652A6091662A5091672A40917A
:10678E00682A3091692A20916A2A90916B2A809109
:10679E006C2A7093132960931429509315294093F2
:1067AE00162930931729209318299093192980932D
:1067BE001A29A0901329B0901429C0901529D090B1
:1067CE001629E0901729F090182900911929109197
:1067DE001A295090652A6090662A7090672A8090D8
:1067EE00682AB091692AA0916A2AF0916B2AE091E9
:1067FE006C2AC352DF4F2881CD5DD040332D492DF9
:10680E00592D692D792D892D992D0E947949A52C07
:10681E00B62CC72CD82CEB2EFA2E0F2F1E2F0E9423
:10682E008E4909F020F480911B29811102C022208B
:10683E0049F010921B2981E08093302960E08CE1B1
:10684E000E941906C0905729D0905829E0905929D6
:10685E00F0905A29A7019601C752DF4F68817981BE
:10686E008A819B81C95DD0400E94C5479B01AC01C6
:10687E00C753DF4F688179818A819B81C95CD04083
:10688E000E945F4687FF94C08091552990915629AA
:10689E0003970CF48DC01092552910925629A7011A
:1068AE009601C701B6010E94C6479B01AC01C752B3
:1068BE00DF4F688179818A819B81C95DD0400E94BA
:1068CE00C5479B01AC01C753DF4F688179818A812F
:1068DE009B81C95CD0400E945F4687FF69C0809152
:1068EE000328882309F464C08091632A9091642A56
:1068FE00892B09F45DC08091302A9091312A892B21
:10690E0009F056C080912A2A90912B2A892B09F0E2
:10691E004FC080917B2990917C29892B09F448C026
:10692E008091792990917A29892B09F441C010928E
:10693E00152810924C2A60E088E00E9419061092E9
:10694E0016281092172861E083E00E941906109213
:10695E00032881E080930329E091652A7091662ACD
:10696E006091672A5091682A4091692A30916A2A6B
:10697E0020916B2A90916C2AE09308297093092933
:10698E0060930A2950930B2940930C2930930D29BB
:10699E0020930E2990930F298093122981E090E085
:1069AE00809310299093112961E08BE10E941906C2
:1069BE002091652A3091662A4091672A5091682A63
:1069CE006091692A70916A2A80916B2A90916C2A43
:1069DE00609008297090092980900A2990900B29BF
:1069EE00A0900C29B0900D2900910E2910910F291D
:1069FE000E94C3486B017C019301A401B501C8013B
:106A0E000E94C348209104293091052940910629FE
:106A1E00509107290E94C6479B01AC01C701B601E0
:106A2E000E94014987FD44C080910329882309F4FF
:106A3E003FC01092022860E083E00E941906109277
:106A4E001029109211298091412A9091422A892B66
:106A5E0051F461E087E00E94190681E090E0809396
:106A6E00412A9093422A7091652A6091662A50912C
:106A7E00672A4091682A3091692A20916A2A90915A
:106A8E006B2A80916C2A7093FB286093FC2850939C
:106A9E00FD284093FE283093FF28209300299093E1
:106AAE0001298093022981E08093FA28109203290C
:106ABE00A090652AB090662AC090672AD090682A66
:106ACE00E090692AF0906A2A00916B2A10916C2A44
:106ADE002091FB283091FC284091FD285091FE28F2
:106AEE006091FF28709100298091012990910229CF
:106AFE00245D3E4F4F4F5F4F6F4F7F4F8F4F9F4FD6
:106B0E000E948E4909F0D8F58091FA288823B9F1B0
:106B1E0060E087E00E9419061092412A1092422AE4
:106B2E0061E084E00E94190681E090E08093F828ED
:106B3E009093F9287091652A6091662A5091672A80
:106B4E004091682A3091692A20916A2A90916B2A85
:106B5E0080916C2A7093F0286093F1285093F2285C
:106B6E004093F3283093F4282093F5289093F62839
:106B7E008093F72881E08093EF281092FA28809175
:106B8E00EF28882309F475C02091652A3091662A72
:106B9E004091672A5091682A6091692A70916A2AF9
:106BAE0080916B2A90916C2A0E94C3486B017C01E4
:106BBE002091F0283091F1284091F2285091F3283D
:106BCE006091F4287091F5288091F6289091F7281D
:106BDE000E94C3482091EB283091EC284091ED287B
:106BEE005091EE280E94C6479B01AC01C701B60129
:106BFE000E94014987FD3DC060E084E00E941906B5
:106C0E001092F8281092F9288091412A9091422AE8
:106C1E00892B51F461E087E00E94190681E090E033
:106C2E008093412A9093422A7091652A6091662A38
:106C3E005091672A4091682A3091692A20916A2AD8
:106C4E0090916B2A80916C2A7093E3286093E428CC
:106C5E005093E5284093E6283093E7282093E828C0
:106C6E009093E9288093EA2881E08093E22810929D
:106C7E00EF288091E228882309F4AAC0A090652A03
:106C8E00B090662AC090672AD090682AE090692A50
:106C9E00F0906A2A00916B2A10916C2A2091E328B9
:106CAE003091E4284091E5285091E6286091E7283C
:106CBE007091E8288091E9289091EA28245D3E4F52
:106CCE004F4F5F4F6F4F7F4F8F4F9F4F0E948E4999
:106CDE0011F008F07DC060E087E00E941906109266
:106CEE00412A1092422A1092E22881E080930228D3
:106CFE008093E128E091652A7091662A6091672A57
:106D0E005091682A4091692A30916A2A20916B2A03
:106D1E0090916C2AE093552A7093562A6093572AC5
:106D2E005093582A4093592A30935A2A20935B2A1B
:106D3E0090935C2AE091652A7091662A6091672A89
:106D4E005091682A4091692A30916A2A20916B2AC3
:106D5E0090916C2AE0934D2A70934E2A60934F2A9D
:106D6E005093502A4093512A3093522A2093532AFB
:106D7E009093542A10924C2A8093152861E088E053
:106D8E000E94190681E090E08093162890931728B0
:106D9E007091652A6091662A5091672A4091682AFF
:106DAE003091692A20916A2A90916B2A80916C2ADF
:106DBE007093D9286093DA285093DB284093DC280F
:106DCE003093DD282093DE289093DF288093E028EF
:106DDE00A090D928B090DA28C090DB28D090DC287B
:106DEE00E090DD28F090DE280091DF281091E02859
:106DFE006090652A7090662A8090672A9090682A23
:106E0E00B091692AA0916A2AF0916B2AE0916C2ABE
:106E1E003091D8282091D728932F990F990B492F6D
:106E2E00592F692F792F892F0E94794953016401B7
:106E3E00EB2EFA2E0F2F1E2F0E948E4909F088F48A
:106E4E008091E128882369F081E08093D628809391
:106E5E0003281092E1281092122960E08BE10E9423
:106E6E0019068091982E882309F41FC10E94D70914
:106E7E006B017C0180919D2E90919E2EA0919F2E54
:106E8E00B091A02E0097A105B105A1F04091992EC9
:106E9E0050919A2E60919B2E70919C2E9701860197
:106EAE00081B190B2A0B3B0B041715072607370770
:106EBE0008F4E8C0E091962EF091972E0995C092B5
:106ECE009D2ED0929E2EE0929F2EF092A02EEDC07F
:106EDE00E9508EEE92E0E33038F4F0E0EE0FFF1F53
:106EEE00E856F842808191816C01990FEE08FF08F7
:106EFE008091B42E882329F060E08091B52E0E94F7
:106F0E005C06C701B6010E94AA098091B42E88239F
:106F1E0011F40C94A12B61E08091B52E0E945C06B9
:106F2E000C94A12B67E0C4010E94140AD401179699
:106F3E009C9189130C94BA2BBE016F5F7F4FC401D5
:106F4E000E94090F882311F40C94BA2B6A8170E009
:106F5E00762F6627770F770F770F2981B8E02B9F53
:106F6E0090011124262B372BF40180818031E1F41E
:106F7E0068856623C9F070E08F811B01281A3108DD
:106F8E00C1019695982F8827979587950E94054958
:106F9E00CB018097B901E3E0660F771FEA95E1F721
:106FAE0060789C01260F371F213804EE300714F449
:106FBE000C94BA2BB901330F880B990B0E946546BE
:106FCE0020E030E040E05CE30E94C4460C94BE2B0F
:106FDE00892B21F081E090E00C94E12B1092632A32
:106FEE001092642A0C94E52B80E090E0A0E8BFE3B9
:106FFE000C94A72CCF52DF4F48805980C15DD040F2
:10700E004416550684F41201550C44085508620DB9
:10701E00731D841D951DCF52DF4F48835983C15D6B
:10702E00D0400C94C82D1A01550F44085508620D16
:10703E00731D841D951D0C94C82DC753DF4F2881D9
:10704E0039814A815B81C95CD040C701B6010E947B
:10705E00014918163CF08091632A9091642A029798
:10706E0009F01DC81092382A1092392A18C880913A
:10707E0055299091562903970CF43FC881E08093CF
:10708E0054293BC8C816D906EA06FB0670F480954B
:10709E009095A095B0958C199D09AE09BF098417DE
:1070AE009507A607B70708F005CF609112287091D3
:1070BE001328072E000C880B990B0E9465462AE0B8
:1070CE0037ED43E250E40E94C4460E949248F62EE9
:1070DE00062F172F61E083E10E94850560E01016F0
:1070EE0011062CF40F3F11050CF4ADC061E083E1E5
:1070FE000E941906C090D228D090D328E090D428B0
:10710E00F090D528C092CE28D092CF28E092D028E9
:10711E00F092D12880903D2A90903E2AA0903F2A4E
:10712E00B090402AA5019401C701B6010E945F46A6
:10713E0087FF25C08091342A9091352A892BF9F446
:10714E0080913B2A90913C2A892BC9F48091632A25
:10715E009091642A892B99F0809116289091172886
:10716E00892B69F48091CC289091CD2801968B3093
:10717E0091050CF073C08093CC289093CD2880910C
:10718E000228882371F12DEC3CEC4CE45EE3C70140
:10719E00B6010E94C5479B01AC01C501B4010E9416
:1071AE005F4687FD12C080913B2A90913C2A892B25
:1071BE0061F48091632A9091642A892B31F0809139
:1071CE00162890911728892B61F01092CC281092D6
:1071DE00CD281092412A1092422A60E087E00E9448
:1071EE00190680913A2A882309F402C28091632AF3
:1071FE009091642A892B09F040C01092362A109281
:10720E00372A40903D2A50903E2A60903F2A709037
:10721E00402A80910128882309F4CEC04092C428C8
:10722E005092C5286092C6287092C72810920128E5
:10723E002090C2283090C328C550DF4F2882398253
:10724E00CB5FD040DDC08FB7F894F0922D0A8FBF80
:10725E008091010A80648093010A4CCF1092CC2851
:10726E001092CD2881E090E08093412A9093422A9B
:10727E0061E087E00E94190682CF3090EF292090BE
:10728E001528211002C0332031F180910028882367
:10729E0011F10E94D7098B019C016093B2281093C3
:1072AE00B3288093B4283093B5281092B628109244
:1072BE00B7281092B8281092B92810920028809101
:1072CE00B0289091B1288093362A9093372A892B33
:1072DE0009F066C096CF4090A9295090AA296090D7
:1072EE00AB297090AC290E94D7094B015C0120910B
:1072FE00B2283091B3284091B4285091B5286091AE
:10730E00B6287091B7288091B8289091B928285640
:10731E00354C4F4F5F4F6F4F7F4F8F4F9F4FC75320
:10732E00DF4F2883C95CD040C752DF4F3883C95D19
:10733E00D040B42FA52FF62FE72F8C019401A50175
:10734E0060E070E080E090E0C753DF4FA880C95C3A
:10735E00D040C752DF4FB880C95DD040CB2EDA2E59
:10736E00EF2EFE2E0E948E4909F008F4A8CF8091D0
:10737E0000288111A4CF81E080930028211003C042
:10738E00332009F49CCFC301B2010E949248161615
:10739E0017066CF081E090E08093B0289093B128AE
:1073AE0081E090E08093362A9093372A2ACF10926C
:1073BE00B0281092B12821CF20E030E0A901C301FE
:1073CE00B2010E945F46181654F420E030E048ECFB
:1073DE0052E4C301B2010E94014987FD20C181E040
:1073EE008093012881E090E08093C2289093C32877
:1073FE0001E010E0C550DF4F08831983CB5FD0400A
:10740E00C550DF4F48805980CB5FD0404092342A20
:10741E005092352A80912B29811104C080914B29DD
:10742E00882339F080910628882319F081E0809313
:10743E00702980913029882391F08091CA289091EB
:10744E00CB2801968093CA289093CB2881E0809315
:10745E0004281092302910922B2910924B298091DA
:10746E00CA289091CB2802970CF45AC01092CA28C1
:10747E001092CB2820916C2930916D2940916E2964
:10748E0050916F2960917529709176298091772995
:10749E00909178290E94C5470E9492489B0177FFE0
:1074AE0004C022273327261B370BB901330F880B55
:1074BE00990B0E94654620E030E040E85EE30E94B2
:1074CE005F4687FF2AC080917F2990918029892B62
:1074DE0079F080912B29882359F08091322A90914E
:1074EE00332A892B09F401C110922E2A10922F2AC9
:1074FE0080917D2990917E29892B79F080914B295D
:10750E00882359F08091322A9091332A892B09F4DD
:10751E00F3C010922C2A10922D2A81E08093062817
:10752E0080911229882339F080910528882319F03B
:10753E0081E0809363298091D628882359F0809129
:10754E00C8289091C92801968093C8289093C9287D
:10755E001092D6288091C8289091C92802970CF4D1
:10756E0047C01092C8281092C92820915F293091E7
:10757E00602940916129509162296091682970912A
:10758E00692980916A2990916B290E94C5470E94B2
:10759E0092489B0177FF04C022273327261B370B07
:1075AE00B901330F880B990B0E94654620E030E03D
:1075BE0048EC51E40E945F4687FF17C080917B29FB
:1075CE0090917C29892B89F08091792990917A2943
:1075DE00892B59F08091302A9091312A892B09F408
:1075EE0092C010922A2A10922B2A81E080930528AD
:1075FE00C65FDE4FCDBFDEBFDF91CF911F910F91E2
:10760E00FF90EF90DF90CF90BF90AF909F908F90B4
:10761E007F906F905F904F903F902F9008950E94B3
:10762E00D7094B015C012091BA283091BB284091BB
:10763E00BC285091BD286091BE287091BF288091C2
:10764E00C0289091C128205C3848444E5F4F6F4F40
:10765E007F4F8F4F9F4F1901B42FA52FF62FE72F76
:10766E008C019401A50160E070E080E090E0510192
:10767E00CB2EDA2EEF2EFE2E0E948E4909F008F444
:10768E00D7CD0E94D7098B019C016093BA28109325
:10769E00BB288093BC283093BD281092BE28109230
:1076AE00BF281092C0281092C12881E08093012833
:1076BE002091C4283091C5284091C6285091C728E2
:1076CE00C301B2010E945F4681119ACE81E090E023
:1076DE008093C2289093C32821E030E0C550DF4F3D
:1076EE0028833983CB5FD0408BCE81E090E08093AE
:1076FE002E2A90932F2AFCCE81E090E080932C2AA4
:10770E0090932D2A0ACF81E090E080932A2A9093BD
:10771E002B2A6BCF0330110511F00C94E7228091C8
:10772E000C2890910D28EF2811F00C9460240197ED
:10773E0011F00C94232460E080E00E941906109250
:10774E000C2810920D288091272B9091282BA09118
:10775E00292BB0912A2B805E9C4FAF4FBF4F0C94BC
:10776E001B241F920F920FB60F9211242F933F934B
:10777E004F935F936F937F938F939F93AF93BF932B
:10778E00EF93FF9386E29DE20E94A304FF91EF9197
:10779E00BF91AF919F918F917F916F915F914F911B
:1077AE003F912F910F900FBE0F901F9018951F9223
:1077BE000F920FB60F9211242F933F934F935F9317
:1077CE006F937F938F939F93AF93BF93EF93FF939B
:1077DE0086E29DE20E94F403FF91EF91BF91AF917B
:1077EE009F918F917F916F915F914F913F912F91CB
:1077FE000F900FBE0F901F9018951F920F920FB6FD
:10780E000F9211242F933F934F935F936F937F9318
:10781E008F939F93AF93BF93EF93FF9383EC9DE270
:10782E000E94A304FF91EF91BF91AF919F918F9111
:10783E007F916F915F914F913F912F910F900FBE5E
:10784E000F901F9018951F920F920FB60F92112442
:10785E002F933F934F935F936F937F938F939F934A
:10786E00AF93BF93EF93FF9383EC9DE20E94F403DB
:10787E00FF91EF91BF91AF919F918F917F916F91FA
:10788E005F914F913F912F910F900FBE0F901F90D0
:10789E0018951F920F920FB60F9211248F939F93EC
:1078AE00AF93BF938091C32A9091C42AA091C52A09
:1078BE00B091C62A0196A11DB11D8093C32A909343
:1078CE00C42AA093C52AB093C62A81E08093A60A43
:1078DE00BF91AF919F918F910F900FBE0F901F9000
:1078EE0018951F920F920FB60F9211242F933F935C
:1078FE004F935F936F937F938F939F93AF93BF93AA
:10790E00EF93FF9385E00E94E309FF91EF91BF9102
:10791E00AF919F918F917F916F915F914F913F9119
:10792E002F910F900FBE0F901F9018951F920F92D0
:10793E000FB60F9211242F933F934F935F936F9334
:10794E007F938F939F93AF93BF93EF93FF9384E0B7
:10795E000E94E309FF91EF91BF91AF919F918F919B
:10796E007F916F915F914F913F912F910F900FBE2D
:10797E000F901F9018951F920F920FB60F92112411
:10798E002F933F934F935F936F937F938F939F9319
:10799E00AF93BF93EF93FF9383E00E94E309FF91B0
:1079AE00EF91BF91AF919F918F917F916F915F9169
:1079BE004F913F912F910F900FBE0F901F901895E2
:1079CE001F920F920FB60F9211242F933F934F9346
:1079DE005F936F937F938F939F93AF93BF93EF9329
:1079EE00FF9382E00E94E309FF91EF91BF91AF9167
:1079FE009F918F917F916F915F914F913F912F91B9
:107A0E000F900FBE0F901F9018951F920F920FB6EA
:107A1E000F9211242F933F934F935F936F937F9306
:107A2E008F939F93AF93BF93EF93FF9381E00E9449
:107A3E00E309FF91EF91BF91AF919F918F917F914C
:107A4E006F915F914F913F912F910F900FBE0F90BD
:107A5E001F9018951F920F920FB60F9211242F930D
:107A6E003F934F935F936F937F938F939F93AF93B8
:107A7E00BF93EF93FF9380E00E94E309FF91EF9194
:107A8E00BF91AF919F918F917F916F915F914F9128
:107A9E003F912F910F900FBE0F901F9018951F9230
:107AAE000F920FB60F9211242F933F934F935F9324
:107ABE006F937F938F939F93AF93BF93CF93EF93D8
:107ACE00FF93C091AB08C2FF0AC010927A2A10929F
:107ADE00792A1092782A84E00E94D40B12C0C6FF35
:107AEE002DC08091772A813041F480917A2A90E0DE
:107AFE00F0E0E0E009951092772AC0FF14C00E94D2
:107B0E00E10BFF91EF91CF91BF91AF919F918F912B
:107B1E007F916F915F914F913F912F910F900FBE7B
:107B2E000F901F90189580E48093AB0881E00E941F
:107B3E00D40B8091AB0885FFE4CFE1CFC7FF50C0D7
:107B4E00C3FF08C010927A2A1092792A1092782ACE
:107B5E0083E0C2CF8091A90880668093A9088091A6
:107B6E00AB0881FF26C08091792A882349F0809145
:107B7E00AB0884FF05C082E08093AA0881E0ACCFF9
:107B8E009091792A8091782A981778F4E091792A41
:107B9E00F0E080818093AD088091792A8F5F809389
:107BAE00792A83E08093AA08ACCF82E08093AA085A
:107BBE0093CF90917A2A8091762A981760F48091CB
:107BCE00AD08E0917A2AF0E0808380917A2A8F5F67
:107BDE0080937A2AE6CF86E08093AA0882E07CCF53
:107BEE0085E07ACF1F920F920FB60F9211242F932A
:107BFE003F938F939F93EF93FF938091A508982FB8
:107C0E009C70C9F08091A50894E082FF93E0909358
:107C1E00382B8093A50881E080933E2B10923D2B4C
:107C2E00FF91EF919F918F913F912F910F900FBEEA
:107C3E000F901F90189586FF4CC020917E2A909130
:107C4E007D2A8091A50884FF10C080917C2A88230C
:107C5E0051F083E08093A40885E08093382B109236
:107C6E003D2B81E031C081E0F5CF8091392B821719
:107C7E0090F4E091392B80917F2A9091802AE80F21
:107C8E00F92FF11D80818093A8088091392B8F5F89
:107C9E008093392BC5CF80913A2B891748F484E015
:107CAE0080933E2B80917B2A81608093A708B8CF6A
:107CBE0080917C2A882359F083E08093A40881E088
:107CCE008093382B10923D2B80933E2BA9CF81E0D1
:107CDE00F4CF87FF3DC090913A2B80917D2A981763
:107CEE00D8F48091A808E0913A2B2091812A309106
:107CFE00822AE20FF32FF11D808380913A2B8F5F42
:107D0E0080933A2B90917D2A80913A2B8917C0F45B
:107D1E0082E08093A40884CF80917C2A882371F01E
:107D2E0087E08093A40882E08093382B10923D2B3D
:107D3E0081E080933E2B10927D2A72CF85E0F1CFA9
:107D4E0080917C2A882311F087E0B7CF85E0B5CFEC
:107D5E0086E083CFCF93E6E2FDE21282138288EEB5
:107D6E0093E0A0E0B0E084839583A683B78340E1DF
:107D7E0058ED4083518320E238E0248735872FE089
:107D8E0026872EE02787108A23E1218B22E1228B82
:107D9E0034E0338B148A158A168A178A108E118E48
:107DAE006BE1628F138E148EE3ECFDE2128213826E
:107DBE0084839583A683B7834083518340E058E044
:107DCE0044875587C1E0C6871786108A45E0418BE8
:107DDE00328BC38B148A158A168A178A108E118ECF
:107DEE00228F138E148EE0E6FEE2128213828483BB
:107DFE009583A683B7838EE298ED80839183E1EA23
:107E0E00FEE21486158616861786108A118A14824B
:107E1E001582168217821082118212821382E6E96F
:107E2E00FEE2128210821182138214821582168251
:107E3E00178210861186128661EB78ED80E99EE23C
:107E4E000E94A11261EB78ED8AE89EE20E94A112D7
:107E5E0061EB78ED84E89EE20E94A11261EB78ED71
:107E6E008EE79EE20E94A11261EB78ED88E79EE21A
:107E7E000E94A11262EA78ED82E79EE20E94A112B0
:107E8E0068EA78ED8CE69EE20E94A11260E08DE039
:107E9E000E948505EAECFEE280E2808388E294E0AF
:107EAE008183928313861586148612861186108618
:107EBE0017821682158214821382A3EBBEE25596A8
:107ECE001D921C92569711961C9211971996ED932E
:107EDE00FC931A9717961C92179718961C92189740
:107EEE001C9289E013968C9313971496CC93149747
:107EFE001596CC9315971696CC93CF910895CF9354
:107F0E00DF93CDB7DEB76797CDBFDEBF91E088EDCB
:107F1E0084BF909361008091020685608093020673
:107F2E0080910006816080930006809102068F7C0E
:107F3E008065809302061092E20582E08093E4054C
:107F4E009093030A8EEF8093270A8093260A80E887
:107F5E0080932D0A80932B0A8093290A80932C0AF2
:107F6E0080932A0A8093280A89E08093000A87E08A
:107F7E008093E505E0E8FAE037E02EEF90E885E043
:107F8E0031832487958780837096E03C4AE0F4071E
:107F9E00B9F71092A10A8FE39FE18093AC0A9093F8
:107FAE00AD0A8091A50A81608093A50A1092A00A5D
:107FBE008091A00A81608093A00A789440E052ECF0
:107FCE0061E070E086E29DE20E94C60E8091E305BC
:107FDE008F7C80628093E3050E94FF121092362BF5
:107FEE001092372BA89518EDA89514BF809100011B
:107FFE00807F8093000168EE73E080E090E00E9445
:10800E00AA09A895809140008091400088608093D5
:10801E004000A89514BF109100011B601093000141
:10802E001091010111FDFCCF61E088E00E948505F1
:10803E0061E087E00E94850561E086E00E9485058B
:10804E0061E085E00E94850561E083E00E94850580
:10805E0061E084E00E94850561E086E20E9485056C
:10806E0061E087E20E94850561E080E00E9485055F
:10807E0061E081E00E94850561E082E00E94850555
:10808E0061E08BE00E94850561E08CE00E94850531
:10809E0060E088E00E94190660E087E00E94190601
:1080AE0060E086E00E94190660E085E00E941906F5
:1080BE0060E083E00E94190660E084E00E941906E9
:1080CE0061E086E20E94190661E087E20E941906CD
:1080DE0061E080E00E94190661E081E00E941906CD
:1080EE0061E082E00E94190660E088E10E94850549
:1080FE0060E081E20E94850560E08DE10E948505C9
:10810E0060E08FE10E94850560E080E20E948505B7
:10811E0060E08EE10E94850560E086E10E948505A3
:10812E0061E08EE10E94190661E086E10E94190667
:10813E0061E08CE10E94850561E08BE10E9485057E
:10814E0087EB93E08093FB2A9093FC2A8091720434
:10815E00887F80937204809172048260809372048F
:10816E0078940E94D7098B019C0160932E2B10935B
:10817E002F2B8093302B3093312B1092322B109269
:10818E00332B1092342B1092352B8091AD2E909173
:10819E00AE2E009711F00E94594A86E090E00E94A0
:1081AE00BD497C0180E4F701808380E69EE28183F5
:1081BE009283138280E290E08483958301EA1EE22B
:1081CE00E092AD2EF092AE2E0E94B905DD24D3942E
:1081DE00F701D382C7010E94B50B882309F4D3C0DF
:1081EE008EE189838091AD2E9091AE2EFC0124817B
:1081FE003581232B09F4C7C020812093802B109248
:10820E003F2B1092812B21E041E050E0BE016F5FC9
:10821E007F4F0E94980B882309F4B5C06FE070E081
:10822E0080E090E00E94AA098091AD2E9091AE2E32
:10823E00188A198A1A8A1B8A89839A831B821C823E
:10824E00DA868AE090E08F8398871B8684E08987A0
:10825E0044E0BE016C5E7F4FCE0101960E94F00F8E
:10826E00F82E882309F48FC08C899D899827892739
:10827E009827B0E0A0E0BA2FA92F982F88272F8932
:10828E00822BBA2FA92F982F8827288D822B892BE6
:10829E008A2B8B2B09F477C087E090E00E94BD49B2
:1082AE00FC0182E098ED8083918381ED91E38383DD
:1082BE00948305831683E093B12EF093B22E87E05C
:1082CE0090E00E94BD49FC0184EF97ED808391837D
:1082DE0080ED91E38383948305831683E093AF2E21
:1082EE00F093B02E1092252B1092262BF0922D2B60
:1082FE0042E050E06FEA78ED86E29DE20E94C10313
:10830E008EE10E94EB06182F81E090E0112311F010
:10831E0090E080E080932B2B90932C2B86E10E9493
:10832E00EB0611110AC061E088E00E94190681E097
:10833E0090E0809316289093172887E69BE2A0E0A2
:10834E00B0E08093272B9093282BA093292BB093EA
:10835E002A2B88E893E1A0E0B0E08093992E9093C9
:10836E009A2EA0939B2EB0939C2E87EC9CE080932C
:10837E00962E9093972E81E08093982E0E941A1736
:10838E000E945805FBCF81E090E08093252B9093BF
:10839E00262BF12CABCF8CE69EE20E94DB1082E7FF
:1083AE009EE20E94DB1088E79EE20E94DB108EE7C1
:1083BE009EE20E94DB1084E89EE20E94DB108AE8B7
:1083CE009EE20E94DB1080E99EE20E94DB1080910B
:1083DE00AF2E9091B02E009739F0DC01ED91FC910B
:1083EE000280F381E02D09958091B12E9091B22EED
:1083FE00009739F0DC01ED91FC910280F381E02DC4
:10840E0009940895EF920F931F93CF93DF93E80192
:10841E0034E047FD34E1042E000C550B57FF03C02A
:10842E00519541955109E32E022F242FAE0197D07D
:10843E00CE01DF91CF911F910F91EF900895662796
:10844E007727E9C11F93FC0199278827BC01E8947F
:10845E0011911032E9F3193010F01E30C8F31B32AF
:10846E0049F01D3241F4689405C02AD0610F711D88
:10847E00811D911D119110531A30B8F33EF4909551
:10848E008095709561957F4F8F4F9F4F1F910895E7
:10849E00BB274A3031F4992322F4BDE290958195A1
:1084AE009F4F45C0BB272A3051F4992342F4BDE2B9
:1084BE0090958095709561957F4F8F4F9F4F16C009
:1084CE00592F482F372F262F660F771F881F991F7A
:1084DE00660F771F881F991F620F731F841F951FCA
:1084EE00660F771F881F991F0895BB27FA01A62FC5
:1084FE006217710581059105330B30FB66F0AA27D3
:10850E00660F771F881F991FAA1FA21710F0A21BB4
:10851E0063953850A9F7A05DAA3308F0A95DA19321
:10852E0036F7B111B1931082CA01B2C3BB27FB015A
:10853E005527AA27880F991FAA1FA41710F0A41B4E
:10854E0083955051B9F7A05DAA3308F0A95DA193A8
:10855E00009779F7B111B1931192CB0199C3A9E0AC
:10856E00B0E0EBEBF2E4D0C46A01F22EB02E102F85
:10857E00FBE3AF2EA01608F41BE31F5F012F27E0CD
:10858E00AE014F5F5F4F8CD2BC018981982F9970DD
:10859E00913009F43EC09BE2E1FC04C09E2D917027
:1085AE00E0FC39C05E2D5071E82FE87083FF45C0A6
:1085BE0084E0911101C083E0EF2DE81B8F1508F0C8
:1085CE00E0E0D6018E2F20E2552349F1992329F0C0
:1085DE00D6019C93C60101966C0196012D5F3F4F0B
:1085EE00E2FE23C08EE4D6018C9391E411969C9307
:1085FE00119712968C93D9018E2F90E281111AC089
:10860E00E20FF32FF11D10828EEF9FEF2996ECE013
:10861E0094C49DE2C7CF90E2C5CF2D9381508111B6
:10862E00FCCFCE0ED11CE0E0D1CF8EE6D6018C93DE
:10863E0091E6DCCF9D938150E1CF482F447082FFAD
:10864E003DC084E0911101C083E08F1510F4EF2D31
:10865E00E81BD6018E2F20E2552309F1992329F02C
:10866E00D6019C93C60101966C0196012D5F3F4F7A
:10867E00E2FE1BC089E4D6018C938EE411968C9396
:10868E00119786E412968C93D9018E2F90E288234F
:10869E0009F4B6CF9D938150FACF2D93815081115D
:1086AE00FCCFCE0ED11CE0E0D9CF89E6D6018C935B
:1086BE008EE611968C93119786E6E4CF9B0177FF99
:1086CE0002C030E020E0A1E0B0E0911102C0B0E0C5
:1086DE00A0E0F9013196AE0FBF1F8B2C912CBB2061
:1086EE0009F461C05401EFEFAE1ABE0AAA0DBB1D0C
:1086FE00FA161B0619F014F04F2D4A1B511188C0A3
:10870E00E3FC59C07601A42FB0E2A1114FC0C40EF4
:10871E00D11C992309F45BC040E0D6011196F601F5
:10872E0090836D01552309F448C0012F060F9A81DD
:10873E00582F507184FF03C0913309F40150101665
:10874E000CF047C0093008F008E0EEE2FE2E5B01A7
:10875E00A01AB10885019194819491082F3F320798
:10876E0029F4D601FC92F60131966F016217730758
:10877E0094F1021713077CF5DB01A21BB30BAA249D
:10878E00A394B12CAC0EBD1EAA0DBB1D11968C91DF
:10879E0021503109D601119628153905F4F0F6014C
:1087AE0080836D01DBCFB12CA12CA0CFF701B1934B
:1087BE007F01A150AACF9111B0CFD601942F50E3D3
:1087CE0002C05D9391509111FCCFC40ED11C40E0BC
:1087DE00ACCF01E0BACF80E3DBCF6217730731F481
:1087EE00963388F4953311F4552369F0F60180839E
:1087FE00FD01842F90E2811108C0A40FB11D1C92BF
:10880E0090E080E003CF81E3F1CF91938150F3CFDD
:10881E00911183CF8ACFB0E0A0E0E7E1F4E474C316
:10882E005C017B016115710519F0DB018D939C9341
:10883E0085010F5F1F4FF501D0818D2F90E008D27B
:10884E006C01892BA9F5DD32A9F50F5F1F4FD501FC
:10885E001196DC91C1E05801F1E0AF1AB10843E086
:10886E0050E068EA72E0C501FBD1892B61F5680121
:10887E0082E0C80ED11C45E050E063EA72E0C6010A
:10888E00EFD1892B21F4680197E0C90ED11CE114B8
:10889E00F10419F0D701CD92DC9260E070E080E82F
:1088AE009FEFC111F9C060E070E080E89FE7F4C06F
:1088BE005801BECFDB3229F485010E5F1F4FF50143
:1088CE00D181C0E0C8CF43E050E060EA72E0C5015C
:1088DE00C7D1892BE9F0F80110E000E020E030E08C
:1088EE00A9015F01B0ED8B2E8D0E89E08815C0F1C8
:1088FE009C2E689491F88C2F8870C2FF16C081113F
:10890E0002C00F5F1F4F3196D501DC91C92DE9CF03
:10891E00E114F10429F00E5F1F4FF701008311835C
:10892E0060E070E080EC9FE7B7C0882311F0015043
:10893E001109A5E0B0E0D8D29B01AC01220F331F84
:10894E00441F551F280D311D411D511D283999E910
:10895E003907490799E15907B0F2C6609C2ED3CF6B
:10896E00AEEF8A1206C0C3FD3CC09C2E689493F8ED
:10897E00CACFDF7DD534A9F580818D3239F4C0613F
:10898E00DF011296818162E070E006C0DF018B325A
:10899E00C1F3119661E070E080535D01A61AB70A2B
:1089AE008A30F8F4E0E8CE16ECE0DE065CF4B601B0
:1089BE00660F771F660F771FC60ED71ECC0CDD1CF9
:1089CE00C80ED11C5D01FFEFAF1ABF0A8C91805308
:1089DE008A3098F1C4FF03C0D194C194D1080C0D14
:1089EE001D1DC1FF09C0E114F10431F081E0A81A88
:1089FE00B108D701AD92BC92CA01B9015DD1C37065
:108A0E00C33009F490584B015C0120E030E0A9011D
:108A1E004FD1882309F43EC0C7EDD2E017FF05C041
:108A2E00119501951109CFEBD2E06E01B8E1CB1A89
:108A3E00D10880E2E82EF12C0EC0D501B3CFFE0195
:108A4E0025913591459154910E191F09C501B40117
:108A5E0094D14B015C01D501C4010E151F057CF7A5
:108A6E002497F594E794CC16DD06A9F78A2F880F84
:108A7E008B2F881F8F3F41F020E030E0A901C50108
:108A8E00B40116D1811106C082E290E08093D82EF7
:108A9E009093D92EC501B401CDB7DEB7ECE04DC22F
:108AAE00283008F027E03327DA01990F311D87FDB2
:108ABE00916000966105710539F432602E5F3D9329
:108ACE0030E32A95E1F708959F3F30F08038710525
:108ADE00610509F03C5F3C5F3D93913008F0806882
:108AEE00911DDF93CF931F930F93FF92EF92192F48
:108AFE00987F9695E92F96959695E90FFF27EB5C53
:108B0E00FC4F99273327EE24FF24A701E701059098
:108B1E000894079428F4360FE71EF81E491F511DBE
:108B2E00660F771F881F991F0694A1F7059007946B
:108B3E0028F4E70EF81E491F561FC11D770F881F18
:108B4E00991F661F0694A1F70590079428F4F80E56
:108B5E00491F561FC71FD11D880F991F661F771FEC
:108B6E000694A1F70590079420F4490F561FC71FCE
:108B7E00D81F990F661F771F881F0694A9F7849137
:108B8E001095177041F0D695C79557954795F79460
:108B9E00E7941A95C1F7EBEDF2E0689415901591F4
:108BAE0035916591959105907FE27395E118F10AE3
:108BBE00430B560BC90BD009C0F7E10CF11E431F36
:108BCE00561FC91FD01D7EF4703311F48A95E6CF5F
:108BDE00E894015030F0080F0AF40027021708F449
:108BEE00202F2395022F7A3328F079E37D932A954F
:108BFE00E9F710C07D932A9589F6069497956795A7
:108C0E00379517951794E118F10A430B560BC90BBC
:108C1E00D00998F023957E9173957A3308F070E31E
:108C2E007C932013B8F77E9170617D9330F083951D
:108C3E0071E37D9370E32A95E1F71124EF90FF9095
:108C4E000F911F91CF91DF91992787FD90950895F0
:108C5E009111F6C0803219F089508550D0F70895E1
:108C6E00FB01DC014150504088F08D9181341CF0A5
:108C7E008B350CF4805E659161341CF06B350CF411
:108C8E00605E861B611171F3990B0895881BFCCFF2
:108C9E00DC01FC01672F71917723E1F7329704C055
:108CAE007C916D9370836291AE17BF07C8F30895E0
:108CBE0040D008F481E00895E89409C097FB3EF493
:108CCE0090958095709561957F4F8F4F9F4F99230B
:108CDE00A9F0F92F96E9BB279395F6958795779589
:108CEE006795B795F111F8CFFAF4BB0F11F460FF49
:108CFE001BC06F5F7F4F8F4F9F4F16C0882311F0A1
:108D0E0096E911C0772321F09EE8872F762F05C0B4
:108D1E00662371F096E8862F70E060E02AF09A954F
:108D2E00660F771F881FDAF7880F9695879597F944
:108D3E000895990F0008550FAA0BE0E8FEEF1616DE
:108D4E001706E807F907C0F012161306E407F50731
:108D5E0098F0621B730B840B950B39F40A2661F0A5
:108D6E00232B242B252B21F408950A2609F4A14048
:108D7E00A6958FEF811D811D08950BD07BC06CD001
:108D8E0028F071D018F0952309F05DC062C011244F
:108D9E00A5C081D0A0F3959FD1F3950F50E0551F3C
:108DAE00629FF001729FBB27F00DB11D639FAA2732
:108DBE00F00DB11DAA1F649F6627B00DA11D661F81
:108DCE00829F2227B00DA11D621F739FB00DA11DA2
:108DDE00621F839FA00D611D221F749F3327A00D5C
:108DEE00611D231F849F600D211D822F762F6A2FF8
:108DFE0011249F5750408AF0E1F088234AF0EE0F7D
:108E0E00FF1FBB1F661F771F881F91505040A9F789
:108E1E009E3F510570F017C061C05F3FECF3983E66
:108E2E00DCF3869577956795B795F795E7959F5FF0
:108E3E00C1F7FE2B880F911D9695879597F908958A
:108E4E0099278827089597F99F6780E870E060E07A
:108E5E0008959FEF80EC089500240A9416161706C5
:108E6E0018060906089500240A941216130614060D
:108E7E0005060895092E0394000C11F4882352F070
:108E8E00BB0F40F4BF2B11F460FF04C06F5F7F4F28
:108E9E008F4F9F4F089557FD9058440F551F59F00F
:108EAE005F3F71F04795880F97FB991F61F09F3FC9
:108EBE0079F087950895121613061406551FF2CFF2
:108ECE004695F1DF08C0161617061806991FF1CF42
:108EDE0086957105610508940895E894BB27662769
:108EEE007727CB0197F908953AD0A59F900DB49F9F
:108EFE00900DA49F800D911D112408952F923F92E5
:108F0E004F925F926F927F928F929F92AF92BF928B
:108F1E00CF92DF92EF92FF920F931F93CF93DF9337
:108F2E00CDB7DEB7CA1BDB0BCDBFDEBF09942A88D7
:108F3E00398848885F846E847D848C849B84AA845F
:108F4E00B984C884DF80EE80FD800C811B81AA81EC
:108F5E00B981CE0FD11DCDBFDEBFED010895A29F09
:108F6E00B001B39FC001A39F700D811D1124911DEF
:108F7E00B29F700D811D1124911D08955058BB276D
:108F8E00AA270ED077CF68DF30F06DDF20F031F4F6
:108F9E009F3F11F41EF45DCF0EF4E095E7FB53CF27
:108FAE00E92F79DF80F3BA176207730784079507F5
:108FBE0018F071F49EF591CF0EF4E0950B2EBA2FAA
:108FCE00A02D0B01B90190010C01CA01A0011124C1
:108FDE00FF27591B99F0593F50F4503E68F11A166D
:108FEE00F040A22F232F342F4427585FF3CF4695FE
:108FFE0037952795A795F0405395C9F77EF41F1620
:10900E00BA0B620B730B840BBAF09150A1F0FF0FE9
:10901E00BB1F661F771F881FC2F70EC0BA0F621FD5
:10902E00731F841F48F4879577956795B795F795C5
:10903E009E3F08F0B3CF9395880F08F09927EE0F57
:10904E009795879508950CD015CF0DDF40F004DF6E
:10905E0030F021F45F3F19F0F6CE51113FCFF9CE2B
:10906E001ADF98F39923C9F35523B1F3951B550BCA
:10907E00BB27AA2762177307840738F09F5F5F4FDD
:10908E00220F331F441FAA1FA9F333D00E2E3AF01E
:10909E00E0E830D091505040E695001CCAF729D038
:1090AE00FE2F27D0660F771F881FBB1F2617370787
:1090BE004807AB07B0E809F0BB0B802DBF01FF27B7
:1090CE0093585F4F2AF09E3F510568F0BCCE06CFF5
:1090DE005F3FECF3983EDCF3869577956795B795F1
:1090EE00F7959F5FC9F7880F911D9695879597F90C
:1090FE000895E1E0660F771F881FBB1F6217730785
:10910E008407BA0720F0621B730B840BBA0BEE1F99
:10911E0088F7E095089504D06894B111DFCE0895D4
:10912E00C2DE88F09F5790F0B92F9927B751A0F063
:10913E00D1F0660F771F881F991F1AF0BA95C9F7DD
:10914E0012C0B13081F0C9DEB1E00895C6CE672FEE
:10915E00782F8827B85F39F0B93FCCF3869577958D
:10916E006795B395D9F73EF4909580957095619576
:10917E007F4F8F4F9F4F0895E894F92F96EBFF2363
:10918E0081F0121613061406440B9395F6958795E7
:10919E007795679557954040FF23B9F71BC09927E0
:1091AE000895882351F49850D2F7872B762F652F88
:1091BE00542F432F322F20E0B1F31216130614064C
:1091CE00440B88233AF09A95440F551F661F771F5C
:1091DE00881FCAF755234AF4440F551F11F460FF38
:1091EE0004C06F5F7F4F8F4F9F4F880F9695879567
:1091FE0097F908959EDD08F48FEF089597FB072EDB
:10920E0016F4009406D077FD08D096D007FC05D052
:10921E003EF4909581959F4F0895709561957F4F7F
:10922E000895A1E21A2EAA1BBB1BFD010DC0AA1F99
:10923E00BB1FEE1FFF1FA217B307E407F50720F0B1
:10924E00A21BB30BE40BF50B661F771F881F991F2C
:10925E001A9469F760957095809590959B01AC0175
:10926E00BD01CF010895052E97FB16F400940FD083
:10927E0057FD05D0D6DF07FC02D046F408C0509546
:10928E004095309521953F4F4F4F5F4F08959095E4
:10929E008095709561957F4F8F4F9F4F0895B7FFC3
:1092AE0023CE22DE821B930B089597FD1094002E81
:1092BE00083098F00850232F342F452F562F672F44
:1092CE00782F892F912DF4CF1594979587957795B3
:1092DE00679557954795379527950A95AAF71124BF
:1092EE00002D08952A0D3B1D4C1D5D1D6E1D7F1D0D
:1092FE00801F911F08950024A7FD00942A0F301D92
:10930E00401D501D601D701D801D901D08952A1555
:10931E003B054C055D056E057F0580079107089599
:10932E000024A7FD00942A1730054005500560055E
:10933E007005800590050895AA1BBB1B51E107C05F
:10934E00AA1FBB1FA617B70710F0A61BB70B881FC7
:10935E00991F5A95A9F780959095BC01CD01089556
:10936E00EE0FFF1F0590F491E02D09940F931F93BC
:10937E00CF93DF938230910510F482E090E0E0917C
:10938E00DC2EF091DD2E30E020E0B0E0A0E0309752
:10939E0099F42115310509F44AC0281B390B2430E4
:1093AE003105D8F58A819B816115710589F1FB0123
:1093BE0082839383FE0111C040815181028113810A
:1093CE0048175907E0F04817590799F4109761F0BC
:1093DE0012960C93129713961C933296CF01DF912F
:1093EE00CF911F910F9108950093DC2E1093DD2ED7
:1093FE00F4CF2115310551F04217530738F0A9016A
:10940E00DB019A01BD01DF01F801C1CFEF01F9CFF8
:10941E008093DC2E9093DD2ECDCFFE01E20FF31F55
:10942E00819391932250310928833983D7CF20918C
:10943E00DA2E3091DB2E232B41F420911A28309115
:10944E001B282093DA2E3093DB2E20911828309192
:10945E0019282115310541F42DB73EB740911C282E
:10946E0050911D28241B350BE091DA2EF091DB2E46
:10947E00E217F307A0F42E1B3F0B2817390778F0DD
:10948E00AC014E5F5F4F2417350748F04E0F5F1F3C
:10949E004093DA2E5093DB2E819391939FCFF0E081
:1094AE00E0E09CCFCF93DF930097E9F0FC01329779
:1094BE0012821382A091DC2EB091DD2EED0130E0F0
:1094CE0020E01097A1F420813181820F931F20910B
:1094DE00DA2E3091DB2E2817390709F061C0E093A0
:1094EE00DA2EF093DB2EDF91CF910895EA01CE179D
:1094FE00DF07E8F54A815B819E0141155105B1F701
:10950E00E901EA83FB8349915991C40FD51FEC17EA
:10951E00FD0761F4808191810296840F951FE90108
:10952E0088839983828193818A839B83F0E0E0E034
:10953E0012968D919C9113970097B9F52D913C91B0
:10954E001197CD010296820F931F2091DA2E309142
:10955E00DB2E2817390739F6309751F51092DC2E8D
:10956E001092DD2EA093DA2EB093DB2EBCCFC283E9
:10957E00D38340815181840F951FC817D90761F499
:10958E004E5F5F4F88819981480F591F40835183E9
:10959E008A819B81828393832115310509F0B0CF97
:1095AE00E093DC2EF093DD2E9ECFFD01DC01C0CFCB
:1095BE0012821382D7CFB0E0A0E0E7EEFAE4A0CC9F
:1095CE008C01009741F4CB01D1DE8C01C801CDB7DF
:1095DE00DEB7E0E1AECCFC01E60FF71F9C01225096
:1095EE003109E217F30708F499C0D901CD91DC9146
:1095FE001197C617D70790F0C530D10538F3CE01B5
:10960E0004978617970710F3C61BD70B2297C193A3
:10961E00D1936D937C93CF0145DFD8CF5B01AC1A0C
:10962E00BD0A4C018C0E9D1EA091DC2EB091DD2E3C
:10963E00512C412CF12CE12C109731F58091DA2E22
:10964E009091DB2E8815990509F05CC046165706D9
:10965E0008F058C08091182890911928009741F46D
:10966E008DB79EB740911C2850911D28841B950BD9
:10967E00E817F90708F052C0E093DA2EF093DB2ECC
:10968E00F90160837183A2CF8D919C9111971296EF
:10969E006C90129713967C901397A815B90559F5EF
:1096AE006C0142E0C40ED11CCA14DB0420F1AC01E3
:1096BE004A195B09DA011296159780F0628273825D
:1096CE0040835183D9016D937C93E114F10471F0C1
:1096DE00D7011296ED93FC93139778CF22968C0FA9
:1096EE009D1FF90180839183F301EFCFE093DC2E70
:1096FE00F093DD2E6BCF4816590608F42C017D0130
:10970E00D3019ACFCB0132DE7C01009739F0AE0146
:10971E00B80107D0C801C6DE870158CF10E000E0BF
:10972E0055CFFB01DC0102C001900D92415050401B
:10973E00D8F70895FB01DC018D910190801901107D
:10974E00D9F3990B0895FB01DC0101900D920020D5
:10975E00E1F70895FB01DC014150504048F00190C3
:10976E000D920020C9F701C01D9241505040E0F704
:10977E00089511E0CCEFD1E003C0FE01F1DD21969A
:10978E00CD3FD107D1F7F894FFCF5E00BC00770133
:10979E0000000000000000000000000000050101B4
:1097AE0001010101000000000000000000000000A7
:1097BE000000000000000203000001020304050681
:1097CE000700010203040500010203040506070059
:1097DE00010203040506070001020300010203044F
:1097EE00050600000000D90AE2102D0B09174F15CF
:1097FE0000000000D90AE0102D0B12179E15000074
:10980E000000E704C1030D0437053E041C043004B8
:10981E0080047504C60E60065C048305000000001B
:10982E004D0C280C680CFE0B210C0E0CFF0B0000CF
:10983E00000000000000010101010101020202020C
:10984E0002020202030303030303030304040404DA
:10985E0005050505050505010204081020408001D7
:10986E0002040810200102040810204080010204A6
:10987E000810204080010204080102040810204054
:10988E002C004854553331445F54004854553331FD
:10989E00445F480038382C39380039392C3130398A
:1098AE00000D0A0001010101010101010100010089
:1098BE000100010001005000010101000000DE2E38
:0298CE00800018
:00000001FF
