:10020000FCC0000022C1000020C100001EC100008F
:100210001CC100001AC100000C94763F16C10000FA
:1002200014C1000012C1000010C100000EC1000086
:100230000CC100000AC100000C949B3F0C943E408E
:1002400004C100000C946F3E0C94493EFEC00000B7
:100250000C94073FFAC00000F8C00000F6C0000090
:100260000C942C3F0C94953E0C94233E0C94FD3D35
:10027000ECC000000C94BD3EE8C00000E6C00000E9
:10028000E4C00000E2C000000C94513F0C94E23E38
:10029000DCC00000DAC00000D8C00000D6C00000FA
:1002A0004E414E494E495459494E46CDCCCC3D0A5B
:1002B000D7233C17B7D13877CC2B329595E6241F3E
:1002C000B14F0A000020410000C84200401C4620F7
:1002D000BCBE4CCA1B0E5AAEC59D7400407A10F3CA
:1002E0005A00A0724E18090010A5D4E80000E87664
:1002F00048170000E40B54020000CA9A3B000000BB
:10030000E1F505000080969800000040420F0000D3
:1003100000A08601000000102700000000E8030094
:100320000000006400000000000A0000000000015E
:1003300000000000002C76D888DC674F0823DFC15E
:10034000DFAE59E1B1B796E5E3E453C63AE6519919
:100350007696E8E6C28426EB898C9B62ED407C6F42
:10036000FCEFBC9C9F40F2BAA56FA5F490055A2AF9
:10037000F75C936B6CF9676DC11BFCE0E40D47FE05
:10038000F520E6B500D0ED902E03009435770500FA
:1003900080841E080000204E0A000000C80C333381
:1003A00033330F986E12831141EF8D2114893BE690
:1003B0005516CFFEE6DB18D1844B381BF77C1D9019
:1003C0001DA4BBE424203284725E228100C9F12482
:1003D000ECA1E53D27005EBCE2613FDD83C29C7E6F
:1003E00020A3FD1F41009D23BE46DB65F88C11AFA5
:1003F00032CA57E97400F640114411241FBECFEFF2
:10040000CDBFDFE3DEBF2EE2A0E2B8E201C01D9265
:10041000A73AB207E1F718E2A0E0B8E2E3E6FDE9A7
:1004200002C005900D92A032B107D9F711E0CCEFD0
:10043000D1E004C02197FE010E94F64BCB3FD107CB
:10044000C9F70E94CB410C94FF4DDACE2F923F9218
:100450004F925F926F927F928F929F92AF92BF92D4
:10046000CF92DF92EF92FF920F931F93CF93DF9380
:10047000CDB7DEB72897CDBFDEBF8C01CB01BA0167
:1004800020E030E048EC51E40E94044A20E53DE8D9
:1004900047E95CE30E94034920E030E040E85FE385
:1004A0000E94054A4B015C010B831C832FE53BE254
:1004B00029833A83EB80FC8036E9E30EF11C0FE5DB
:1004C0001BE2EB81FC8161917191EB83FC83072E30
:1004D000000C880B990B0E94A44820E030E040E813
:1004E0005AE30E94034920E030E44CE955E40E94BD
:1004F000034920E030E04AE754E40E94034920E049
:1005000030E04DE454E40E94694A20E030E048E4E1
:1005100053E40E94694AA50194010E94694AF801C6
:1005200061937193819391938F012B813C81E216AA
:10053000F30639F660915B2B70915C2B80915D2BFB
:1005400090915E2B2FE5222E2BE2322EF10121918C
:100550003191419151911F010E94054AFBE82F16EC
:10056000FCE23F0699F720E030E046E952E40E94C1
:10057000694A2B013C01C090572BD090582BE0903A
:10058000592BF0905A2B2091552B3091562B2B83C1
:100590003C830FE51BE2F80181909190A190B1900E
:1005A0008F01A5019401C301B2010E94404B1816AE
:1005B00074F4A5019401C701B6010E94054A6B01BC
:1005C0007C012B813C812F5F3F4F2B833C83201686
:1005D000310609F7EB81FC81BF01FF0F880B990BF6
:1005E0000E94A4489B01AC01C701B6010E94694A60
:1005F0006B837C838D839E83C090512BD090522B34
:10060000E090532BF090542B20914F2B3091502B96
:100610002F83388707E21CE2E981FA81819091906B
:10062000A190B190E983FA83A50194016B817C814B
:100630008D819E810E949E4887FF16C0A50194016E
:10064000C301B2010E94404B181674F4A501940135
:10065000C701B6010E94054A6B017C012F813885D4
:100660002F5F3F4F2F83388789819A810817190799
:1006700099F610924F2B1092502B1092552B1092EE
:10068000562B10925B2B10925C2B10925D2B1092CC
:100690005E2B1092572B1092582B1092592B1092C0
:1006A0005A2B1092512B1092522B1092532B1092C6
:1006B000542BEF81F885BF01FF0F880B990B0E9427
:1006C000A4489B01AC01C701B6010E94694A20E021
:1006D00030E04AE754E40E9403496B017C018091B9
:1006E0001928811131C081E08093192820E030E081
:1006F00048E453E4C701B6010E94404B18160CF5BC
:1007000020E030E048EC52E4C701B6010E94044A00
:100710000E94D14ACB012896CDBFDEBFDF91CF9199
:100720001F910F91FF90EF90DF90CF90BF90AF900F
:100730009F908F907F906F905F904F903F902F9001
:100740000895C701B601E4CF80904B2B90904C2BBD
:10075000A0904D2BB0904E2B20E030E048E453E4C5
:10076000C701B6010E94404B18166CF420E030E03F
:1007700048EC52E4C701B6010E94044AA501940165
:100780000E94054AC5CFA5019401C701B601F8CF63
:10079000FB01808100008093C4088091C30887FF1B
:1007A000FCCF8091C408FB01808308958091362896
:1007B0009091372801968093362890933728089592
:1007C000AF92BF92CF92DF92EF92FF920F931F935F
:1007D000CF93DF936C017B018B01040F151FEB019D
:1007E0005E01AE18BF08C017D10759F06991D60154
:1007F000ED91FC910190F081E02DC6010995892BC6
:1008000079F7C501DF91CF911F910F91FF90EF9084
:10081000DF90CF90BF90AF900895FC014481558147
:10082000608171818FEE9CE2CBCFFC01A485B58500
:1008300011968C91119781FD0FC09C9186898F5FD5
:100840008F732789281749F0A689AE0FBF2FB11DD6
:100850005D969C93868B08958C910895FC01508D34
:10086000418D252F30E0842F90E0821B930B54178D
:1008700010F0CF96089501970895FC019689878915
:10088000981761F0A789AE0FBF2FB11D5D968C91AF
:1008900097899F5F9F73978B90E008958FEF9FEFED
:1008A0000895FC0196898789981731F08789E80FA8
:1008B000F11D858D90E008958FEF9FEF0895FC0165
:1008C00096892789892F90E0805C9F4F821B910930
:1008D0008F73992708958FEE9CE2F1DF21E0892B39
:1008E00009F420E0822F08958CE89DE2E8DF21E002
:1008F000892B09F420E0822F0895CF93DF93EC0138
:10090000E881F9810680F781E02D0995EC85FD8568
:1009100086818F738683EC85FD8585818F758583C0
:100920008F898E8B1D8ADF91CF910895FC016130F4
:1009300019F4648B81E00895148A6623D9F380E06A
:100940000895DC0154961C92549754968C915497B8
:100950008230A0F4282F30E0F901EE0FFF1FE20FE4
:10096000F31FEA0FFB1F9785961303C09685941714
:1009700049F08F5F54968C935497E7CF54961C920E
:1009800080E0089581E00895CF93DF93FC01908D7E
:10099000818DC485D585981306C08D818F7D8D830B
:1009A000DF91CF910895A18DAE0FBF2FB11DA35A36
:1009B000BF4F2C91818D90E001968F739927818F85
:1009C00080E48C83A485B58512962C93908D818DBF
:1009D0009813E6CFA485B58515968C9115978F7DD4
:1009E00015968C93838D8823D9F2848D809313017F
:1009F000138ED6CFDC011C96ED91FC910FB607FE4D
:100A000003C0258125FD03C0248125FDBDCF0895A8
:100A1000EF92FF920F931F93CF93DF93EC0181E04E
:100A20008D8B988D898D98131CC0AC85BD851496CF
:100A30008C91149785FF15C012966C93AC85BD857B
:100A400080E414968C93EC85FD8585818F7D85836C
:100A500081E090E0DF91CF911F910F91FF90EF9097
:100A600008958091110180FF08C0809113018C8F3F
:100A70008A8D8093130181E08B8FF62E088D10E014
:100A80000F5F1F4F0F731127E02E898D8E1103C04A
:100A9000CE01B0DFFACFE88DEC0FFD2FF11DE35A48
:100AA000FF4FF082088FEC85FD8585818062CFCF76
:100AB000CF93DF93FC0125892223C1F0EC018091C3
:100AC000110180FF08C080911301848F828D809373
:100AD000130181E0838FEC85FD85858185FD03C051
:100AE000848186FD03C0CE0185DFF5CFDF91CF91F4
:100AF000089580E090E0892B21F0F6DE81110E94BC
:100B0000000080E090E0892B21F0E5DE81110E9459
:100B1000000080E090E0892B49F080E090E0892B94
:100B200029F00E94000081110E94000080E090E006
:100B3000892B49F080E090E0892B29F00E94000089
:100B400081110C940000089581E00895CF93DF9304
:100B500090E0FC01ED51F34220812F3F69F0FC0150
:100B6000E654F342A08130E2A39FD0011124BC5F80
:100B7000613029F411962C93DF91CF9108958B5B0E
:100B80009342EC01E881EF3F81F0CD014096E80F00
:100B9000F92FF11D9FB7F89412962C938081623043
:100BA00039F4886080839FBFE7CFF0E0E0E0F2CFC8
:100BB000877FF8CF1092052B1092042B1092082BF0
:100BC00010924A2B8091072B81111DC08091E30563
:100BD0008073D1F462E082E0B9DF62E083E0B6DFE7
:100BE00081E08093072B1092032B1092022B10921E
:100BF000062B1092012B91EC9093A3089FE1909308
:100C0000A6088093A50808958091E305807380323B
:100C100039F762E080E19ADF62E081E1E0CF90E0C5
:100C2000FC01E45EF342E081EE2319F1E13021F0B2
:100C300000F1E630A8F008958B5B9342FC0120811F
:100C4000233008F02F5F3091010A81E090E001C06D
:100C5000880F2A95EAF7809583238093010A0895E7
:100C600080E1E89FF0011124E05AF54F81818F7EE9
:100C7000818308950F931F93CF93DF93082F10E084
:100C8000F801ED51F342D081DF3F99F0C62F893250
:100C900008F4C5DFF801E654F342E08180E2E89F02
:100CA000F0011124FC5F80818D2371F0C11106C019
:100CB000D683DF91CF911F910F910895C43011F425
:100CC000D783F7CFD583F5CFD801AB5BB3428C91F7
:100CD000309771F08F3F61F07096E80FF11D9FB76C
:100CE000F8948081C11107C0877F80839FBFE1CFC7
:100CF000F0E0E0E0F4CF8860F8CF893208F4BACFB2
:100D00000895AF92BF92CF92DF92EF92FF920F932E
:100D10001F93CF93DF93EC016A017B01A22E8D8993
:100D2000882339F0E881F9810688F789E02DCE0122
:100D300009950C8910E0BFB6F89460E070E980ED89
:100D400093E0A70196010E94574B69017A018FEF4A
:100D5000C81AD80AE80AF80AF694E794D794C79410
:100D6000EC85FD8586818D7F8683EC85FD8586817A
:100D700086831D8AA09123110A2E000CBB0BA701AC
:100D800096010E94954B20E034E040E050E00E9444
:100D9000794BEC85FD85C20ED31EE41EF51EC08680
:100DA000D186EC85FD85A782EC85FD858681806CEA
:100DB0008683EC85FD858581806885839091E20539
:100DC0008B89809589237801EE0CFF1CF701E00FD9
:100DD000F11FEC0FFD1F9089892B8093E20586851A
:100DE000893210F462E0B2DE0E0D1F1DC00FD11F5C
:100DF00061E08F8582DF8F85893210F461E0A6DEA5
:100E0000BFBEDF91CF911F910F91FF90EF90DF90C8
:100E1000CF90BF90AF9008950F931F93CF93082F5B
:100E200010E0F801ED51F342C081CF3F71F0F7DEE1
:100E3000F801E654F342E08180E2E89FF0011124DA
:100E4000FC5F8085C82381E009F480E0CF911F9189
:100E50000F9108958330910528F0880F991F04970A
:100E60000197F1F708959F92AF92BF92CF92DF92D0
:100E7000EF92FF920F931F93CF93DF93EC016B01DF
:100E80008885998511E0892B09F010E8F601A0808A
:100E90008A2D8123992493948111912C2C813D8159
:100EA0004E815F8160E271EA87E090E00E94574BDB
:100EB000022FB12CE22EF12C002311F0C701CADF62
:100EC0008A858D7F09F04EC08D858F3F89F09A2DE0
:100ED000912381E009F480E0891551F0EF85F889CC
:100EE0008F899923C9F19081892B808399249394C8
:100EF000E989FA898081998D892B8083002311F0FB
:100F0000C701A8DF8E858F3F39F0EB89FC8980818E
:100F1000988D892309F0B12AE989FA899081898D10
:100F20008095892380838E858F3F11F0F601B082F2
:100F300088859985892B09F043C0110F1111BCCF09
:100F4000DF91CF911F910F91FF90EF90DF90CF90A5
:100F5000BF90AF909F900895908180958923808362
:100F6000912CC6CFE989FA898081998D892B80835C
:100F7000002311F0C7016EDF8D858F3F49F0EF85AB
:100F8000F8898F899A2D9123B9F09081892B8083DC
:100F9000E989FA899081898D8095892380838E855E
:100FA0008F3F09F4C0CFEB89FC898081988D89231C
:100FB00009F4B9CFB12AB7CF908180958923E7CFC3
:100FC0001695BCCF2F923F924F925F926F927F9275
:100FD0008F929F92AF92BF92CF92DF92EF92FF9249
:100FE0000F931F93CF93DF93CDB7DEB72897CDBF75
:100FF000DEBF7C016E837F834A835B83B22EA32E88
:101000000C831D83DC01CD90DC901197C114D104B9
:1010100091F01296ED91FC911081B181B887F601A3
:101020008681882319F081FF31C0F8941093C0089D
:10103000B885B093C108F70183858F3F11F060E058
:101040005CDECE80DF806A807B806C0C7D1C6C1443
:101050007D0409F0AFC0CB2CDA2C4C805D804C0CA9
:101060005D1C1FEF4C145D0409F4B8C01983D7014F
:101070008D919C91BE016F5F7F4F009709F4ABC0CB
:1010800087DB8981F60181936F01ECCF80FFCECFA2
:1010900040855185628573851A012B01612C712C65
:1010A0004301E0E09101A201B301C401A0E00E946C
:1010B000D64BB1F1217030E040E050E060E070E0EC
:1010C00080E090E00E94D64BF1F090E080E0E033C9
:1010D00070F48E2F869586958695B0E28B9FC00121
:1010E0001124805F9B4F2E2F2770820F911DDC01F2
:1010F0004C9196012E0F311DD90150964C93DC0175
:101100002C91287F2C939101A201B301C40101E02D
:101110000E949D4B19012A013B014C01EF5FC2CF98
:10112000F60144855585668577851A012B01612C6A
:10113000712C4301E0E29101A201B301C401A0E0DE
:101140000E94D64B09F472CF217030E040E050E0AD
:1011500060E070E080E090E00E94D64BF1F090E01B
:1011600080E0E03370F48E2F869586958695F0E2C8
:101170008F9FC0011124805F9B4F2E2F2770820FFD
:10118000911DDC014C9196012E0F311DD901509615
:101190004C93DC012C91287F2C939101A201B30187
:1011A000C40101E00E949D4B19012A013B014C0141
:1011B000EF5FC1CFD6018D916D018983F7018081E9
:1011C0009181BE016F5F7F4F009711F0E1DA3FCF51
:1011D000C70149DE3CCFC70146DE53CFD7011B967E
:1011E0008C918F3F11F061E088DDD701ED91FC918A
:1011F000309731F08681882319F081FF18C07894E8
:1012000081E02896CDBFDEBFDF91CF911F910F9176
:10121000FF90EF90DF90CF90BF90AF909F908F9016
:101220007F906F905F904F903F902F90089580FF38
:10123000E7CF80849184A284B384C12CD12C760121
:1012400010E09401A501B601C701A0E00E94D64BB1
:10125000A1F1217030E040E050E060E070E080E01B
:1012600090E00E94D64BE1F090E080E0103370F403
:10127000812F869586958695B0E28B9FC0011124BB
:10128000805F9B4F212F2770820F911D9F01210F9F
:10129000311DD90150962C91DC013C91232B2C93CC
:1012A0009401A501B601C70101E00E949D4B4901CF
:1012B0005A016B017C011F5FC4CF84849584A6848E
:1012C000B784C12CD12C760110E29401A501B6019E
:1012D000C701A0E00E94D64B09F492CF217030E004
:1012E00040E050E060E070E080E090E00E94D64B8B
:1012F000E1F090E080E0103370F4812F86958695C0
:101300008695B0E28B9FC0011124805F9B4F212FF7
:101310002770820F911D9F01210F311DD901509619
:101320002C91DC013C91232B2C939401A501B60157
:10133000C70101E00E949D4B49015A016B017C01EC
:101340001F5FC3CF8FB7F89420918C2A30918D2ADC
:1013500040918E2A50918F2AE091AA0AF091AB0A0F
:101360009091A60A90FF08C02F5F3F4F4F4F5F4FED
:10137000E091AA0AF091AB0A8FBFA8EEB3E00E94F9
:10138000BA4923E0F695E7952A95E1F76E0F7F1F9E
:10139000811D911D08958F929F92AF92BF92CF921F
:1013A000DF92EF92FF924B015C01CCDF6B017C017D
:1013B000A8EEB3E0A50194010E94BA49C60ED71E5B
:1013C000E81EF91EC616D706E806F90610F4BADFBD
:1013D000F9CFB8DF6C157D058E059F05D0F3FF9022
:1013E000EF90DF90CF90BF90AF909F908F90089537
:1013F0002FB7F89460918C2A70918D2A80918E2A53
:1014000090918F2A2FBF0895EF92FF920F931F9311
:10141000CF93DF9390E2899FE0011124DC5FE984A0
:10142000082F000F000F000FFF24F39410E08E2D03
:101430008F2179F0E02FE10FF0E0EE0FFF1FE05772
:10144000F54D80819181892B21F00190F081E02D73
:1014500009951F5FFF0C183051F7E986DF91CF9196
:101460001F910F91FF90EF900895DC0180E0615093
:1014700090F09D919827E92FEF70F0E0EB52FC4F30
:101480002491E92FE295EF70F0E0EB51FC4FE491ED
:10149000822F8E27ECCF0895CF93DF93FC019081AC
:1014A000A181B281F894FD0138978081892B8083D6
:1014B000ED0124972881392F309523232883C2E01A
:1014C000D0E02197F1F7808183238083E0E1F0E091
:1014D0003197F1F78C917894E6E6F0E03197F1F7E7
:1014E000982381E009F480E0DF91CF910895FC0119
:1014F0009081A181B281292F2095FD013497189701
:1015000060FF14C0F8948081822380838C91892BA2
:101510008C93A0E1B0E01197F1F78081982B908334
:1015200078948AE690E00197F1F70895F894808125
:10153000822380838C91892B8C93AEE7B0E0119746
:10154000F1F78081982B9083789486E090E0EBCF40
:10155000DF92EF92FF920F931F93CF93DF93EC01F3
:10156000D62EE42E08E010E0FF24F39461E08D2DE8
:101570008F2109F460E0CE01BADFFF0C01501109A0
:10158000A9F7E11012C0F894E981FA8138979081A7
:101590008881809589238083E981FA8134979081BD
:1015A00088818095892380837894DF91CF911F91E2
:1015B0000F91FF90EF90DF900895EF92FF920F93BD
:1015C0001F93CF93DF938C017B0140E065E5C0DF83
:1015D000E70188E0E80EF11C699140E0C801B8DF3E
:1015E000CE15DF05C9F7DF91CF911F910F91FF90C5
:1015F000EF90089508954F925F926F927F928F922D
:101600009F92AF92BF92CF92DF92EF92FF92B0E0A3
:10161000A0E0BA2FA92F982F882720E130E0C12C15
:1016200040E8D42EEE24EA94F12C812C912C50E841
:10163000A52EB12C40E050E868E970E024013501A6
:10164000482259226A227B2245284628472851F001
:101650002A013B014C205D206E207F2084259525AA
:10166000A625B725B694A79497948794F694E79403
:10167000D794C7947695679557954795215031092A
:10168000E9F6FF90EF90DF90CF90BF90AF909F90E2
:101690008F907F906F905F904F90089508950F9373
:1016A00091E09093062B1092012B6093482A70933F
:1016B000492A4093472A2093462A1092022B1092DF
:1016C000032B0093452A880F8093442A93E024E05B
:1016D0008091472A882331F09093072B8091442AE8
:1016E0008E7F09C08091462A882341F02093072BE2
:1016F0008091442A81608093A70808C08091472A7E
:10170000811104C08091462A882331F38091012BF6
:101710008823E1F38091012B8330D1F28091462A16
:10172000882321F08091032B0F9108959091012B34
:1017300081E09130C9F780E0F7CF0F939091072BAC
:10174000913099F49091062B911111C0082F20E04F
:1017500040914A2B69E07BE28091492BA0DF1092F7
:10176000082B10924A2B0F91089580E0F8CF81E06A
:10177000F6CF1F93CF93DF93EA01122FDC0111966E
:101780008D919C91DC01ED91FC910280F381E02D23
:101790000995C817D90721F4812FCFDF91E0811176
:1017A00090E0892FDF91CF911F910895CF93DF9320
:1017B000EC018B81882381F088818093492B1092E2
:1017C000082B10924A2B81E0B8DF91E0811190E064
:1017D000892FDF91CF910895EDD981E08B83CE01E0
:1017E000E5DF982F8111E8CFF3CFE0EAF8E09185AB
:1017F0009066918792E09093072B80933E2A1092F7
:101800003D2A089581E080933D2A10923E2A93E07C
:101810009093AA089091AB0891FF0BC01092422AB6
:10182000F0E0E0E009958093412A85E08093072B62
:1018300008951092432A8093402A86E0F7CF0895B6
:10184000E091052B8091042BE81730F4F0E0E45B85
:10185000F54D808190E008958FEF9FEF089590916E
:10186000052B8091042B2FEF3FEF981748F4E92FB9
:10187000F0E0E45BF54D208130E09F5F9093052B15
:10188000C90108958091042B9091052B891B990B18
:101890000895CF92DF92EF92FF920F931F93CF9311
:1018A000DF937C018A01EB016B01C40ED51ECC15C0
:1018B000DD0551F06991D701ED91FC910190F08126
:1018C000E02DC7010995F3CFC801DF91CF911F919A
:1018D0000F91FF90EF90DF90CF90089520914A2BC9
:1018E000203440F021E030E0FC012283338390E09B
:1018F00080E008958091082BE82FF0E0E75FF44D39
:1019000060838F5F8093082B80934A2B81E090E067
:10191000089590E080E00895FC01FF2790FD12C03B
:1019200080E094E1E82BF92B60838FB7F8949DE970
:1019300023E094BF209300108FBF8091021081FD9F
:10194000FCCF089580E093E1EDCFCF92DF92EF924C
:10195000FF920F931F93CF93DF938C016B01FB01D9
:10196000E480F5806E2DD8DFD0E0C0E0FF240F5F6B
:101970001F4FCE15DF05B4F4F60184819581C81799
:10198000D90770F480819181009751F08C0F9D1FD1
:10199000FC016081C8018C0F9D1FBEDF2196E9CF3D
:1019A00060E0F8CFDF91CF911F910F91FF90EF9002
:1019B000DF90CF900895FC01FF2790FD06C080E0E6
:1019C00094E1E82BF92B8081089580E093E1F9CF31
:1019D0002F923F924F925F926F927F928F929F923F
:1019E000AF92BF92CF92DF92EF92FF920F931F932D
:1019F000CF93DF93CDB7DEB72697CDBFDEBF209163
:101A00002E2A30912F2A4091302A5091312A60910C
:101A1000322A7091332A8091342A9091352AA5E098
:101A20000E94C14B20932E2A30932F2A4093302AB4
:101A30005093312A6093322A7093332A8093342A48
:101A40009093352A80912C2A90912D2A892B09F484
:101A5000B0C180912A2A90912B2A8D839E83892B55
:101A600009F0A7C14091262A5091272A6091282A7F
:101A70007091292AA0901E2AB0901F2AC090202A77
:101A8000D090212AE090222AF090232A0091242A43
:101A90001091252A90912E2A998380912F2A8A834A
:101AA0009091302A9B838091312A8C83B091322A85
:101AB000A091332AF091342AE091352A9A01AB01A2
:101AC00060E070E080E090E00E94B84BA980BA80AE
:101AD000CB80DC80EB2EFA2E0F2F1E2F0E94CD4BD9
:101AE00008F0A9C080911628882309F4A4C060E0FA
:101AF00088E0C0D8109217281092182870912E2ACA
:101B000060912F2A5091302A4091312A3091322A07
:101B10002091332A9091342A8091352A7093162A85
:101B20006093172A5093182A4093192A30931A2A3F
:101B300020931B2A90931C2A80931D2A109216280A
:101B400081E08093152A20912E2A30912F2A4091EE
:101B5000302A5091312A6091322A7091332A809133
:101B6000342A9091352AA7E20E94D64B09F008F456
:101B70004CC081E08093032A8091012A9091022A2F
:101B8000892BE9F58091FF299091002A892BB9F5DD
:101B900080912A2A90912B2A892B89F58091042AF9
:101BA0009091052A892B59F58091FD299091FE2964
:101BB000892B29F58091EE2A9091EF2A892BF9F44F
:101BC0008091FB299091FC29892BC9F48091F929F6
:101BD0009091FA29892B99F48091F7299091F8290D
:101BE000892B69F48091F5299091F629892B39F494
:101BF0008091F3299091F429892B09F4E3C081E0C5
:101C000090E08093FF2A9093002B2696CDBFDEBFF5
:101C1000DF91CF911F910F91FF90EF90DF90CF90C8
:101C2000BF90AF909F908F907F906F905F904F90FC
:101C30003F902F9008954091112A5091122A60915F
:101C4000132A7091142AA090162AB090172AC090D7
:101C5000182AD090192AE0901A2AF0901B2A009195
:101C60001C2A10911D2A90912E2A998380912F2A47
:101C70008A839091302A9B838091312A8C83B09102
:101C8000322AA091332AF091342AE091352A9A0120
:101C9000AB0160E070E080E090E00E94B84BA9806A
:101CA000BA80CB80DC80EB2EFA2E0F2F1E2F0E94E5
:101CB000CD4B08F048CF8091152A882309F443CFF3
:101CC00080910A2A90910B2A892B09F464C0809193
:101CD000172890911828892B09F05DC020E030E08A
:101CE00040E85FE36091062A7091072A8091082AF4
:101CF0009091092A0E94054A9B01AC0160910D2A2E
:101D000070910E2A80910F2A9091102A0E94044A05
:101D100020E030E040E050E40E94404B18160CF008
:101D200041C01092F1291092F2298D819E818093F9
:101D3000042A9093052A61E088E00E943A0681E037
:101D400090E0809317289093182870912E2A609124
:101D50002F2A5091302A4091312A3091322A2091F5
:101D6000332A9091342A8091352A70931E2A6093E9
:101D70001F2A5093202A4093212A3093222A20930D
:101D8000232A9093242A8093252A1092152A81E0F1
:101D900080931628D8CE8091F1299091F2298D83D5
:101DA0009E83C3CF81E090E08093F1299093F22944
:101DB000F6CF60E088E00E943A0610921728109251
:101DC0001828C1CE1092FF2A1092002B1ECFDC01E2
:101DD000ED91FC910488F589E02D23E030E0099431
:101DE000CF93DF93FC019081A181B281F894FD0132
:101DF00038978081292F20958223808378943DE72E
:101E0000315031F18C918923D9F3F894ED01249765
:101E10008881822388838081892B80837894CCEB8E
:101E2000D3E02197F1F7F894808182238083E8E85A
:101E3000F0E03197F1F78C91982381E009F080E090
:101E40007894E0E3F3E03197F1F7DF91CF910895D3
:101E500080E0FBCF6F927F928F929F92AF92BF9262
:101E6000CF92DF92EF92FF920F931F93CF93DF9366
:101E70008C01EB018091852E9091862EB1DF882315
:101E800009F43BC0B8018091852E9091862E95DB98
:101E900040E06EEB8091852E9091862E59DB7E017D
:101EA0006E0189E0C80ED11C8E01A090852EB090E5
:101EB000862E88E0882E912C712C66246394C501AF
:101EC000EBDA81117628660CE1E08E1A9108B9F7F9
:101ED000F80171928F01CE16DF0639F78091852EB9
:101EE0009091862E7DDF813041F4F70181917F0151
:101EF000811105C0E017F107C1F790E007C068E065
:101F0000CE01B3DA91E028852813F7CF892FDF912E
:101F1000CF911F910F91FF90EF90DF90CF90BF90E6
:101F2000AF909F908F907F906F900895BF92CF92C7
:101F3000DF92EF92FF920F931F93CF93DF93EC0109
:101F4000B62EC72E8D85811104C0CE0149DF8111C7
:101F50000EC01B861D861C8680E0DF91CF911F91ED
:101F60000F91FF90EF90DF90CF90BF90089540E0E9
:101F700060EFCE01EDDA01E0E12CD12C11E0CE01D1
:101F80008BDAF82ECE0188DA91E0F91218C0813090
:101F900099F51134F0F2DB86D11002C081E08D8713
:101FA0008B818823B1F22396EB2DFC2DCF0108966F
:101FB00029912193E817F907D9F781E0CECFEE2DCB
:101FC000F0E0F8120FC08B851817A0F4DE01AE0FF9
:101FD000BF1F13968C91802379F4F12C193008F4EB
:101FE0001C87D12EEC0FFD1F8381902F90958923A4
:101FF00083830AC08113F1CFFE01EE0DF11D8381B1
:10200000802B8383FF24F3946F2DCE0170DA1F5F42
:10201000000F11F4E39401E087E08E1508F0AFCFD4
:10202000B8CF3F924F925F926F927F928F929F9222
:10203000AF92BF92CF92DF92EF92FF920F931F93D6
:10204000CF93DF9300D0CDB7DEB7FC013B01042F67
:102050009681878199838A83A080B180A114B1047D
:1020600009F48DC0418550E0D50114968D919C9165
:1020700084179507B0F4312C832D0F900F90DF91CA
:10208000CF911F910F91FF90EF90DF90CF90BF9075
:10209000AF909F908F907F906F905F904F903F9008
:1020A0000895F50180818093492B1092082B10929E
:1020B0004A2B20E0BE016F5F7F4FC5015ADB382EEF
:1020C0008823C9F2E02EF12C912C812CD501149695
:1020D0008D919C916701C818D9088C159D0508F44D
:1020E0006C01F50180812CE43AE220934A2A309376
:1020F0004B2A9091072B9130B9F59091062B9111B5
:1021000035C001E097012C193D098216930608F4A9
:1021100000E02C2D31E4C316D10408F020E440E0A7
:1021200070E060E0BCDA1092052B8093042B8C15D4
:102130001D0409F0A0CF8301080D191D2801C2015B
:10214000801B910B8C159D0598F4D50111968D91EE
:102150009C91DC01ED91FC910284F385E02D0995C1
:10216000F20181932F01EBCF80E0DDCF81E0DBCF67
:102170008C0C9D1C8E149F0408F4A8CF7DCFA281E7
:10218000B381109709F477CF2481358110E0418520
:1021900050E02330310571F4816089839A834F5F69
:1021A0005F4F9301BE016F5F7F4FCD010E94E20739
:1021B000382E62CF2115310519F490689983F1CF3B
:1021C0002230310511F49F77F9CF2130310549F7DD
:1021D000906CF4CF42E050E06CE07DED8FEE9CE23D
:1021E0000C94E003CF93DF93FC0101900020E9F70A
:1021F0003197AF01481B590BBC018FEE9CE20E9446
:10220000E003EC01E7DF8C0F9D1FDF91CF91089574
:102210000C94984CCF93DF93EC01888199810097BF
:1022200011F00E94984C188219821C821D821A8219
:102230001B82DF91CF910895FC01808191810C94E4
:10224000984C0C94984CFC0180819181009711F07E
:102250000C94654460E070E0CB010895FC0180813E
:102260009181009711F00C94684460E070E0CB011C
:102270000895FC0124813581FB0144815581241797
:102280003507E1F4FC0180819181FB01608171815E
:102290000097D1F061157105A1F4232BC1F0FC0169
:1022A000808190E008C0232B91F0FB01808190E0B9
:1022B00091958195910921E0892B09F020E0822FE9
:1022C00008950E94E04DF7CF6115710561F721E097
:1022D000F6CF0F931F93CF93DF93EC018881998101
:1022E000009759F02A813B812617370730F081E0AB
:1022F000DF91CF911F910F9108958B016F5F7F4FF9
:102300000E94214D009759F0888399830A831B838B
:102310002C813D81232B59F7FC011082E8CF80E00E
:10232000E7CFEF92FF920F931F93CF93DF93611547
:10233000710541F480E0DF91CF911F910F91FF90E3
:10234000EF90089541155105A9F07B01EC010C8136
:102350001D81040F151FB801BCDF882359F32881A4
:1023600039818C819D81B701820F931F0E94E94DB5
:102370000C831D8381E0DFCFEF92FF920F931F93B9
:10238000CF93DF93CDB7DEB76497CDBFDEBF7C01BF
:10239000CB01BA018E010F5F1F4F22E044E00E9483
:1023A0004844FC0101900020E9F73197AF01481B38
:1023B000590BBC01C701B5DF811102C0C7012ADF7B
:1023C000C7016496CDBFDEBFDF91CF911F910F9102
:1023D000FF90EF900895EF92FF920F931F93CF938A
:1023E000DF93CDB7DEB72D97CDBFDEBF7C01CB012C
:1023F000BA012AE08E010F5F1F4FA8010E94BB4463
:10240000F80101900020E9F73197AF01401B510B13
:10241000B801C70186DF811102C0C701FBDEC70119
:102420002D96CDBFDEBFDF91CF911F910F91FF9011
:10243000EF900895EF92FF920F931F93CF93DF9346
:10244000CDB7DEB72897CDBFDEBF7C01CB014AE018
:102450008E010F5F1F4FB8010E948E44F80101905A
:102460000020E9F73197AF01401B510BB801C701BC
:1024700058DF811102C0C701CDDEC7012896CDBF4C
:10248000DEBFDF91CF911F910F91FF90EF900895E4
:10249000CF93DF93EC01FB0101900020E9F7319726
:1024A000AF01461B570B3DDF811102C0CE01B2DEEA
:1024B000CE01DF91CF910895CF93DF93EC01FB0123
:1024C00044815581608171812CDF811102C0CE0170
:1024D000A1DECE01DF91CF910895EF92FF920F938D
:1024E0001F93CF93DF93EC017B018A01BA01F1DEE8
:1024F00081110AC0CE018EDECE01DF91CF911F91F6
:102500000F91FF90EF9008950C831D83B701888190
:1025100099810E94E94DF0CFFB0101900020E9F77D
:102520003197AF01461B570BD8CFEF92FF920F9315
:102530001F93CF93DF93CDB7DEB7A197CDBFDEBF9B
:102540007C01CB01BA01F701108211821282138241
:10255000148215828E010F5F1F4F22E044E00E941B
:102560004844009769F0BC01C701D6DFA196CDBFF2
:10257000DEBFDF91CF911F910F91FF90EF900895F3
:10258000C70148DEF3CFCF93DF93EC01FB01861741
:10259000970741F0608171816115710539F04481BF
:1025A00055819BDFCE01DF91CF91089533DEFACFC5
:1025B000FC01108211821282138214821582E3CFF1
:1025C000FC01108211821282138214821582FB0197
:1025D00001900020E9F73197AF01461B570B7DCFE3
:1025E0006F927F928F929F92AF92BF92CF92DF9223
:1025F000EF92FF920F931F93CF93DF93CDB7DEB788
:102600004C015B016DB67EB6CB01D5D9082F10E029
:10261000C80101962DB73EB7281B390B2DBF3EBF11
:102620008DB79EB701966C0175015C019FEFE91AA9
:10263000F90AC5018C199D098017910734F4C70167
:10264000BAD9F50181935F01F1CFF601E00FF11FD7
:102650001082B601C401B4DFC4016DBE7EBEDF913D
:10266000CF911F910F91FF90EF90DF90CF90BF908F
:10267000AF909F908F907F906F9008951F93CF930E
:10268000DF93CDB7DEB7E697CDBFDEBF8AE390E03C
:1026900092D9682F70E090E080E00E94A248609399
:1026A000C0287093C1288093C2289093C32888E4DF
:1026B00090E081D9682F70E090E080E00E94A2480D
:1026C0006093A7287093A8288093A9289093AA289C
:1026D00090E080E070D91CE3819FC0011124092E95
:1026E000000CAA0BBB0B8093112A9093122AA09383
:1026F000132AB093142A84E090E05DD9819FC00131
:102700001124092E000CAA0BBB0B8093262A909350
:10271000272AA093282AB093292A1092162A1092C9
:10272000172A1092182A1092192A10921A2A109217
:102730001B2A10921C2A10921D2A10921E2A1092F7
:102740001F2A1092202A1092212A1092222A1092D7
:10275000232A1092242A1092252A8DE290E02BD968
:1027600090E0B0E0A0E08093012990930229A0932B
:102770000329B093042981E390E01DD990E0B0E0F3
:10278000A0E08093E1289093E228A093E328B093FF
:10279000E42885E390E00FD9819FC0011124809344
:1027A000ED289093EE2889E290E005D990E0B0E022
:1027B000A0E080932E2890932F28A0933028B093E8
:1027C000312885E390E0F7D8819FC00111248093E0
:1027D0009328909394288CE090E0EDD8682F70E0D7
:1027E00090E080E00E94A4482DEC3CEC4CEC5DE3D2
:1027F0000E94034960930C2970930D2980930E2940
:1028000090930F2988E090E0D6D8682F70E090E090
:1028100080E00E94A4482DEC3CEC4CEC5DE30E946F
:1028200003496093E8287093E9288093EA289093FD
:10283000EB2880E190E0BFD8682F70E090E080E066
:102840000E94A4482DEC3CEC4CEC5DE30E94034953
:10285000609308297093092980930A2990930B2982
:1028600064E170E0CE010196BBDECE010196F6DC9C
:10287000072E000C880B990B0E94A448609317291F
:10288000709318298093192990931A2969E170E0AF
:10289000CE010796A5DECE010796E0DC072E000CE0
:1028A000880B990B0E94A4486093132970931429F4
:1028B00080931529909316296FE170E0CE010D9653
:1028C0008FDE64E270E0CE0143968ADECE010D9683
:1028D000BADC60932A2870932B2880932C2890933D
:1028E0002D28CE014396AFDC60938E2870938F28FD
:1028F00080939028909391286CE670E0CE014996E1
:102900006FDECE0149969FDC60935C2870935D2852
:1029100080935E2890935F2862E570E0CE014F9629
:102920005FDECE014F968FDC60934B2B70934C2B68
:1029300080934D2B90934E2B65E570E0CE018596EC
:102940004FDECE0185967FDC6093682870936928FE
:1029500080936A2890936B286AE570E0CE018B968D
:102960003FDECE018B966FDC609364287093652800
:10297000809366289093672863E670E0CE01C19645
:102980002FDECE01C1965FDC6093602870936128D2
:102990008093622890936328CE01C1964DDCCE01CE
:1029A0008B964ADCCE01859647DCCE014F9644DCFF
:1029B000CE01499641DCCE0143963EDCCE010D9618
:1029C0003BDCCE01079638DCCE01019635DCE6967D
:1029D000CDBFDEBFDF91CF911F9108958F929F925F
:1029E000AF92BF92CF92DF92EF92FF920F931F931D
:1029F000CF93DF93EC018B01FB01C480D580D6011E
:102A000011972FEF3FEFB12CA12C90E080E070E008
:102A100060E0A817B9072CF1461757072CF1FC0105
:102A200031967F018C159D0560F4F80180809180BE
:102A30008114910431F0F401E80FF91FE081EC32C8
:102A400019F0A817B90759F46F5F7F4F5901FFEFCD
:102A5000AF1ABF0A9701A817B90709F09C01C7016F
:102A6000D8CF46175707D4F569012A153B0510F052
:102A7000650159016EE07DEDCE01A2DDF801E48033
:102A8000F580CE14DF04D0F4AE14BF0408F4750151
:102A9000F80160817181FB01EE0DFF1DB080108295
:102AA0006C0D7D1DCE0161157105B1F035DDF801AC
:102AB00080819181E80EF91EF701B082CE01DF918D
:102AC000CF911F910F91FF90EF90DF90CF90BF902B
:102AD000AF909F908F9008959DDBE9CF6EE07DEDE4
:102AE000CE016EDDEBCF8F929F92AF92BF92EF92AD
:102AF000FF920F931F93CF93DF93CDB7DEB72C9741
:102B0000CDBFDEBFE0903B2AF0903C2A8090372A70
:102B10009090382AA090392AB0903A2A0091362A0B
:102B200010E06EE07DEDCE0101964ADDBE016F5FE3
:102B30007F4FCE0107963CDDB801CE0107967ADCC7
:102B40006FE07DEDA5DCB501A40116DC6FE07DED45
:102B50009FDCB7016FDC6DE07DED9ADC0E940D0417
:102B6000CE01079669DBCE01019666DB2C96CDBFC0
:102B7000DEBFDF91CF911F910F91FF90EF90BF903B
:102B8000AF909F908F9008950F931F93CF93DF93F3
:102B90008C01EB0188E2FB0111928A95E9F74BE089
:102BA00050E061E17DEDCE010E94F04D1B8681E099
:102BB00090E0A0E0B0E08C879D87AE87BF87F801EA
:102BC00083819481092E000CAA0BBB0B888B998BF7
:102BD000AA8BBB8B8DE090E0A0E0B0E08C8B9D8B4E
:102BE000AE8BBF8B1CA21DA21EA21FA280E090E094
:102BF000A0E2B2EC8C8F9D8FAE8FBF8F80E090E013
:102C0000AAEAB2E4888F998FAA8FBB8F8AE999E9E3
:102C1000A9E9BEE388A399A3AAA3BBA3DF91CF919F
:102C20001F910F9108950F931F93CF93DF938C0102
:102C3000EB0188E2FB0111928A95E9F74BE050E045
:102C40006AE17DEDCE010E94F04D1B8681E090E0AF
:102C5000A0E0B0E08C879D87AE87BF87F8018381B5
:102C60009481092E000CAA0BBB0B888B998BAA8B25
:102C7000BB8B8CE090E0A0E0B0E08C8B9D8BAE8BAA
:102C8000BF8B1CA21DA21EA21FA21C8E1D8E1E8EFB
:102C90001F8E80E090E0A8ECB2E4888F998FAA8F15
:102CA000BB8F80E090E0A0E0B0E488A399A3AAA342
:102CB000BBA3DF91CF911F910F9108954F925F9227
:102CC0006F927F929F92AF92BF92CF92DF92EF92DC
:102CD000FF920F931F93CF93DF93CDB7DEB76A9721
:102CE000CDBFDEBF8C017B016A010E94F8092B0178
:102CF0003C0180E48A8FD8011C968D919C91FC0147
:102D000024813581232BA9F4912C892D6A96CDBF7E
:102D1000DEBFDF91CF911F910F91FF90EF90DF9079
:102D2000CF90BF90AF909F907F906F905F904F90AB
:102D3000089520812093492B1092082B10924A2B42
:102D400021E041E050E0BE01665E7F4F0E94B90B7A
:102D50008823D1F264E170E080E090E00E94CB092A
:102D6000F80184859585188A198A1A8A1B8A8983AD
:102D70009A831B821C8281E08A871F8218861B86A9
:102D800086E0898746E0BE016C5E7F4FCE010196EA
:102D900048D9982E882309F4B7CFAC88BD88BA24C7
:102DA000AB24BA24C5010E94FB0A9E899813ACCFBC
:102DB000B50190E080E00E94A24820E03FEF4FE79D
:102DC00057E40E94694A20E030E045E253E40E9463
:102DD000034920E030E040E252E40E94044AD80176
:102DE0006D937D938D939C931397AF88B88CBA2481
:102DF000AB24BA24C5010E94FB0A998D981385CF94
:102E0000B50190E080E00E94A24820E03FEF4FE74C
:102E100057E40E94694A20E030E048EC52E40E9406
:102E20000349F8016483758386839783C114D104B1
:102E300081F1F601349680E2DF011D928A95E9F76F
:102E400084E290E0A0E0B0E0F60180839183A28369
:102E5000B383D8011A968D919C91B0E0A0E0848351
:102E60009583A683B7838DE090E0A0E0B0E08087F3
:102E70009187A287B387408A518A628A738AF80150
:102E800080819181A281B381F601848B958BA68B81
:102E9000B78BE114F10409F438CFF701349680E2DE
:102EA000DF011D928A95E9F784E290E0A0E0B0E0AE
:102EB000F70180839183A283B383D80118968D9103
:102EC0009C91B0E0A0E084839583A683B7838DE0D6
:102ED00090E0A0E0B0E080879187A287B387408A26
:102EE000518A628A738AF80184819581A681B781AB
:102EF000F701848B958BA68BB78B07CFAB0170E066
:102F000060E0FC0185819681D9DE81E0089550E082
:102F100040E0FC0185819681D1DE81E008952F9209
:102F20003F924F925F926F927F928F929F92AF9259
:102F3000BF92CF92DF92EF92FF920F931F93CF93A6
:102F4000DF93CDB7DEB7CA50D140CDBFDEBFA89565
:102F50008E010F5F1F4F18018FEE9CE20E945F04ED
:102F6000C352DF4F88839983CD5DD040892B11F404
:102F70000C942B2B8FEE9CE20E943D048C018983E4
:102F80001A8241E050E0B10189E59EE2CAD90A30D7
:102F9000110511F720915D2E30915E2E2093EF29BF
:102FA0003093F0296091592E70915A2E4091ED295D
:102FB0005091EE2990E080E082179307CCF1409386
:102FC000ED295093EE2910E000E0E090ED29F0901B
:102FD000EE2969E57EE20E151F050CF03DC0CE011D
:102FE00089569F4FE5DAA801BE0169567F4FC1019E
:102FF000F5DCCE0189569F4F1FD9C10124D99B0111
:10300000AC016091E9297091EA298091EB299091B6
:10301000EC290E94054A6093E9297093EA2980937C
:10302000EB299093EC29C10107D90F5F1F4FCDCF3A
:103030008217930730F4FB01E80FF91F6115710542
:1030400021F410922928E9E2F8E2E081EC3211F44F
:103050004F5F5F4F0196B0CFC101AADAA701B1015E
:10306000CE0189549F4FBADCC101E6D8CE01895404
:103070009F4FE9D86B017C0120E030E040E251E451
:103080006091E9297091EA298091EB299091EC29CE
:103090000E94054AA70196010E949E4881110C9446
:1030A000062B69E57EE2C10183DA41E050E0B1011F
:1030B000CE018F549F4F92DCC101BED8CE018F54F8
:1030C0009F4FCCD860933B2A70933C2A6B3071059C
:1030D00009F05DC300912C2A10912D2A4090062AF8
:1030E0005090072A6090082A7090092A209165293B
:1030F000309166294091672950916829C753DF4F65
:10310000288339834A835B83C95CD04040910D2A70
:1031100050910E2A60910F2A7091102AC352DF4FEE
:10312000488359836A837B83CD5DD04060913D297C
:1031300070913E2980913F2990914029C752DF4FDD
:10314000688379838A839B83C95DD04080913129CC
:1031500090913229A0913329B0913429CF52DF4F79
:1031600088839983AA83BB83C15DD04020912429A1
:10317000309125294091262950912729CB51DF4FA5
:10318000288339834A835B83C55ED040E0903B2926
:10319000F0903C29CF51DF4FE882F982C15ED040E8
:1031A000E0903929F0903A29C551DF4FE882F98241
:1031B000CB5ED040E0903729F0903829C151DF4FE5
:1031C000E882F982CF5ED040E0903529F090362930
:1031D000CD50DF4FE882F982C35FD040E0901328E2
:1031E000F0901428C950DF4FE882F982C75FD040C1
:1031F0008090F02A9090F12AA090F22AB090F32AC1
:10320000E0901728F0901828CF5FDE4FE882F9820F
:10321000C150D140E0900A2AF0900B2AC550DF4FF0
:10322000E882F982CB5FD040E090CC28F090CD28A6
:10323000C350DF4FE882F982CD5FD040E090B428E0
:10324000F090B528CD5FDE4FE882F982C350D140BF
:10325000E090E528F090E628CB5FDE4FE882F98227
:10326000C550D140E0900529F0900629C95FDE4F96
:10327000E882F982C750D140E090FF2AF090002BFD
:10328000C75FDE4FE882F982C950D140B801012EF4
:10329000000C880B990B0E94A448A30192010E9484
:1032A000054AC753DF4F288139814A815B81C95C58
:1032B000D0400E94054AC352DF4F288139814A819C
:1032C0005B81CD5DD0400E94054AC752DF4F288107
:1032D00039814A815B81C95DD0400E94054ACF5245
:1032E000DF4F288139814A815B81C15DD0400E94D6
:1032F000054ACB51DF4F288139814A815B81C55E08
:10330000D0400E94054A6B017C01CF51DF4F2881DC
:103310003981C15ED040B901330F880B990B0E94EF
:10332000A4489B01AC01C701B6010E94054A6B018C
:103330007C01C551DF4F48815981CB5ED040BA0135
:10334000550F880B990B0E94A4489B01AC01C70143
:10335000B6010E94054A6B017C01C151DF4FA88173
:10336000B981CF5ED040BD01BB0F880B990B0E9485
:10337000A4489B01AC01C701B6010E94054A6B013C
:103380007C01CD50DF4FE881F981C35FD040BF01A0
:10339000FF0F880B990B0E94A4489B01AC01C70149
:1033A000B6010E94054A6B017C01C950DF4F28819C
:1033B0003981C75FD040B901330F880B990B0E9448
:1033C000A4489B01AC01C701B6010E94054A6B01EC
:1033D0007C01C501B4010E94A4489B01AC01C70156
:1033E000B6010E94054A6B017C01CF5FDE4F488128
:1033F0005981C150D140BA01550F880B990B0E94D9
:10340000A4489B01AC01C701B6010E94054A6B01AB
:103410007C01C550DF4FA881B981CB5FD040BD0191
:10342000BB0F880B990B0E94A4489B01AC01C701FC
:10343000B6010E94054A6B017C01C350DF4FE88151
:10344000F981CD5FD040BF01FF0F880B990B0E941F
:10345000A4489B01AC01C701B6010E94054A6B015B
:103460007C01CD5FDE4F28813981C350D140B90145
:10347000330F880B990B0E94A4489B01AC01C70134
:10348000B6010E94054A6B017C01CB5FDE4F48818B
:103490005981C550D140BA01550F880B990B0E9434
:1034A000A4489B01AC01C701B6010E94054A6B010B
:1034B0007C01C95FDE4FA881B981C750D140BD01F1
:1034C000BB0F880B990B0E94A4489B01AC01C7015C
:1034D000B6010E94054A6B017C01C75FDE4FE8819F
:1034E000F981C950D140BF01FF0F880B990B0E9491
:1034F000A4489B01AC01C701B6010E94054A20E027
:1035000030E040E251E40E94054A6B017C01C09228
:10351000372AD092382AE092392AF0923A2A20911A
:10352000172830911828CF5FDE4F28833983C15088
:10353000D1406EE07DEDCE0181569F4F41D8BE0156
:1035400061567F4FCE0189569F4F32D8B301A201F9
:10355000CE0189569F4F0E94BC116FE07DED0E9405
:103560004812B8010E941A126FE07DED0E944812C5
:10357000C753DF4F488159816A817B81C95CD04044
:103580000E94BC116FE07DED0E944812C352DF4FD4
:10359000488159816A817B81CD5DD0400E94BC11F8
:1035A0006FE07DED0E944812C752DF4F488159817C
:1035B0006A817B81C95DD0400E94BC116FE07DEDC6
:1035C0000E944812CF52DF4F488159816A817B8126
:1035D000C15DD0400E94BC116FE07DED0E94481299
:1035E000CB51DF4F488159816A817B81C55ED040D4
:1035F0000E94BC116FE07DED0E944812CF51DF4F59
:1036000068817981C15ED0400E941A126FE07DED21
:103610000E944812C551DF4F68817981CB5ED0404E
:103620000E941A126FE07DED0E944812C151DF4FD7
:1036300068817981CF5ED0400E941A126FE07DEDE3
:103640000E944812CD50DF4F68817981C35FD0401E
:103650000E941A126FE07DED0E944812C950DF4FA0
:1036600068817981C75FD0400E941A126FE07DEDBA
:103670000E9448128C012AE0A101C501B4010E94F8
:103680009844F10101900020E9F73197AF01421908
:103690005309B101C8010E949111811103C0C801F1
:1036A0000E940A116FE07DEDC8010E944812CF5FB1
:1036B000DE4F68817981C150D1400E941A126FE0BB
:1036C0007DED0E944812C550DF4F68817981CB5F44
:1036D000D0400E941A126FE07DED0E944812C35044
:1036E000DF4F68817981CD5FD0400E941A126FE070
:1036F0007DED0E944812CD5FDE4F68817981C35015
:10370000D1400E941A126FE07DED0E944812CB5FFB
:10371000DE4F68817981C550D1400E941A126FE056
:103720007DED0E944812C95FDE4F68817981C750E4
:10373000D1400E941A126FE07DED0E944812C75FCF
:10374000DE4F68817981C950D1400E941A126FE022
:103750007DED0E944812B701A6010E94BC116FE0E6
:103760007DED0E9448126BE070E00E941A126DE03D
:103770007DED0E9448120E940D04CE0189569F4F94
:103780000E941C11CE0181569F4F0E941C118091F6
:103790003B2A90913C2A819709F046C080E090E056
:1037A000A8EDB1E48093372A9093382AA093392A60
:1037B000B0933A2A6EE07DEDCE0189569F4F0E946C
:1037C000E012BE0169567F4FC1010E94D81261E02C
:1037D00070E0C1010E941A126FE07DED0E94481254
:1037E00060E170E00E941A126FE07DED0E944812C5
:1037F00040E050E068ED71E40E94BC116FE07DEDA7
:103800000E94481261E270E00E941A126DE07DEDA4
:103810000E9448120E940D04C1010E941C11CE0199
:1038200089569F4F0E941C1180913B2A90913C2AFF
:10383000C79709F075C20091262A1091272A209176
:10384000282A3091292A4090112A5090122A6090FB
:10385000132A7090142A4091E8285091E928609129
:10386000EA287091EB28C753DF4F488359836A8356
:103870007B83C95CD04060910C2970910D298091A7
:103880000E2990910F29C352DF4F688379838A8371
:103890009B83CD5DD0408091082990910929A0910A
:1038A0000A29B0910B29C752DF4F88839983AA83D5
:1038B000BB83C95DD0404091172950911829609170
:1038C000192970911A29CF52DF4F488359836A838F
:1038D0007B83C15DD0406091132970911429809140
:1038E000152990911629CB51DF4F688379838A83FC
:1038F0009B83C55ED04080912A2890912B28A0916F
:103900002C28B0912D28CF51DF4F88839983AA832B
:10391000BB83C15ED04040918E2850918F2860912A
:10392000902870919128C551DF4F488359836A834D
:103930007B83CB5ED04060912E2870912F288091A0
:10394000302890913128C151DF4F688379838A8371
:103950009B83CF5ED0408091E1289091E228A09196
:10396000E328B091E428CD50DF4F88839983AA8360
:10397000BB83C35FD04040910129509102296091DF
:10398000032970910429C950DF4F488359836A8302
:103990007B83C75FD0408091ED289091EE286CE347
:1039A00070E00E94444BC550DF4F68837983CB5F42
:1039B000D040BCE3CB2ED12CE12CF12CC901B801B5
:1039C000A70196010E94574B49015A01C301B20158
:1039D000A70196010E94574BC501B401620F731FE6
:1039E000841F951F0E94A248C753DF4F2881398149
:1039F0004A815B81C95CD0400E94054AC352DF4FB7
:103A0000288139814A815B81CD5DD0400E94054A81
:103A1000C752DF4F288139814A815B81C95DD0401F
:103A20000E94054ACF52DF4F288139814A815B814C
:103A3000C15DD0400E94054ACB51DF4F28813981BA
:103A40004A815B81C55ED0400E94054ACF51DF4F5D
:103A5000288139814A815B81C15ED0400E94054A3C
:103A6000C551DF4F288139814A815B81CB5ED040CF
:103A70000E94054A4B015C01C151DF4F6881798189
:103A80008A819B81CF5ED0400E94A2489B01AC01FD
:103A9000C501B4010E94054A4B015C01CD50DF4FC6
:103AA000688179818A819B81C35FD0400E94A2484E
:103AB0009B01AC01C501B4010E94054A4B015C01A8
:103AC000C950DF4F688179818A819B81C75FD0406F
:103AD0000E94A2489B01AC01C501B4010E94054AA5
:103AE0004B015C01C550DF4F08811981CB5FD0408D
:103AF000B801110F880B990B0E94A4489B01AC01DF
:103B0000C501B4010E94054A20E030E040E251E4E2
:103B10000E94054A4B015C018092372A9092382A14
:103B2000A092392AB0923A2A2091112A3091122A71
:103B30004091132A5091142AC350DF4F28833983B0
:103B40004A835B83CD5FD0404090262A5090272A3D
:103B50006090282A7090292A6EE07DEDCE0189566A
:103B60009F4F0E94E012BE0169567F4FC1010E9423
:103B7000D812C301B201A70196010E94574BBA01A6
:103B8000A901C1010E94EB116FE07DED0E94481276
:103B90008C01C350DF4F688179818A819B81CD5F21
:103BA000D040A70196010E94574BBA01A901C80154
:103BB0000E94EB116FE07DED0E944812C753DF4F6A
:103BC000488159816A817B81C95CD0400E94BC11C7
:103BD0006FE07DED0E944812C352DF4F488159814A
:103BE0006A817B81CD5DD0400E94BC116FE07DED8C
:103BF0000E944812C752DF4F488159816A817B81F8
:103C0000C95DD0400E94BC116FE07DED0E9448125A
:103C1000CF52DF4F488159816A817B81C15DD0409D
:103C20000E94BC116FE07DED0E944812CB51DF4F26
:103C3000488159816A817B81C55ED0400E94BC1158
:103C40006FE07DED0E944812CF51DF4F48815981CE
:103C50006A817B81C15ED0400E94BC116FE07DED26
:103C60000E944812C551DF4F488159816A817B818A
:103C7000CB5ED0400E94BC116FE07DED0E944812E7
:103C8000C151DF4F488159816A817B81CF5ED0402D
:103C90000E94EB116FE07DED0E944812CD50DF4F86
:103CA000488159816A817B81C35FD0400E94EB11BA
:103CB0006FE07DED0E944812C950DF4F4881598165
:103CC0006A817B81C75FD0400E94EB116FE07DED80
:103CD0000E944812C550DF4F68817981CB5FD04088
:103CE0000E941A126FE07DED0E944812B501A401F6
:103CF0000E94BC116FE07DED0E94481267E370E006
:103D00000E941A126DE07DED0E9448120E940D047F
:103D1000C1010E941C11CE0189569F4F0E941C11A7
:103D200080913B2A90913C2A8D34910519F4F0E062
:103D3000E0E0099580913B2A90913C2A83369105D9
:103D400009F010C180902A2A90902B2AA0908628F2
:103D5000B0908728C090042AD090052AE090FD29D1
:103D6000F090FE290091EE2A1091EF2A2091FB2974
:103D70003091FC29C753DF4F28833983C95CD04079
:103D80004091F9295091FA29C352DF4F4883598352
:103D9000CD5DD0406091F3297091F429C752DF4F77
:103DA00068837983C95DD0408091F7299091F82983
:103DB000CF52DF4F88839983C15DD040A091F52910
:103DC000B091F629CB51DF4FA883B983C55ED040AF
:103DD000E091012AF091022ACF51DF4FE883F98365
:103DE000C15ED040B4016A0D7B1D6C0D7D1D6E0D52
:103DF0007F1D600F711F620F731F640F751FC75205
:103E0000DF4F28813981C95DD040620F731F680F71
:103E1000791F6A0F7B1F6E0F7F1F665F7F4F072E14
:103E2000000C880B990B0E94A4482B013C01409286
:103E3000372A5092382A6092392A70923A2A6EE0D4
:103E40007DEDCE0189569F4F0E94E012BE0169565A
:103E50007F4FC1010E94D812B401C1010E941A1201
:103E60006FE07DED0E944812B5010E941A126FE0CA
:103E70007DED0E944812B6010E941A126FE07DED9E
:103E80000E944812B7010E941A126FE07DED0E9455
:103E90004812B8010E941A126FE07DED0E9448128C
:103EA000C753DF4F68817981C95CD0400E941A12E4
:103EB0006FE07DED0E944812C352DF4F6881798127
:103EC000CD5DD0400E941A126FE07DED0E94481235
:103ED000C752DF4F68817981C95DD0400E941A12B4
:103EE0006FE07DED0E944812CF52DF4F68817981EB
:103EF000C15DD0400E941A126FE07DED0E94481211
:103F0000CB51DF4F68817981C55ED0400E941A1283
:103F10006FE07DED0E944812CF51DF4F68817981BB
:103F2000C15ED0400E941A126FE07DED0E944812DF
:103F3000B301A2010E94BC116FE07DED0E94481206
:103F400063E670E00E941A126DE07DED0E94481257
:103F50000E940D04C1010E941C11CE0189569F4F81
:103F60000E941C1180913B2A90913C2A8C9709F069
:103F700066C01092FD291092FE291092FB29109222
:103F8000FC291092F9291092FA2910928628109291
:103F9000872810922A2A10922B2A1092EE2A109229
:103FA000EF2A1092042A1092052A1092012A1092E8
:103FB000022A8091F3299091F429892B41F01092E3
:103FC0008228109283281092F3291092F42980916C
:103FD000F7299091F829892B31F48091F529909156
:103FE000F629892B61F0109284281092852810926E
:103FF000F7291092F8291092F5291092F6296EE00F
:104000007DEDC1010E94E012B101CE0189569F4FA2
:104010000E94D8126BE37EE2CE0189569F4F0E9428
:104020005C126DE07DED0E9448120E940D04CE01ED
:1040300089569F4F0E941C11C1010E941C11809142
:104040003B2A90913C2A469709F043C069E57EE2FD
:10405000C1010E94D81242E050E0B101CE01895660
:104060009F4F0E94EE14C1010E941C11CE0189567F
:104070009F4F0E942E116130710509F042C369E51E
:104080007EE2CE0181569F4F0E94D81243E050E05D
:10409000BE0161567F4FC1010E94EE14CE018156D0
:1040A0009F4F0E941C11C1010E94231121E0209307
:1040B000E8296093E4297093E5298093E629909399
:1040C000E729C1010E941C11CE0189569F4F0E9411
:1040D0001C1180913B2A90913C2A8234910599F4DD
:1040E0008091362A882309F433C380E090E0A0E36E
:1040F000B1E48093372A9093382AA093392AB09359
:104100003A2A0E94731580913B2A90913C2A883567
:10411000910509F03FC06EE07DEDC1010E94E01203
:10412000B101CE0189569F4F0E94D8126BE37EE207
:10413000CE0189569F4F0E945C126DE07DED0E947A
:1041400048120E940D04CE0189569F4F0E941C11F7
:10415000C1010E941C1169E57EE2CE0189569F4F84
:104160000E94D81242E050E0BE0169567F4FC10163
:104170000E94EE14CE0189569F4F0E941C11C1016E
:104180000E942E116130710511F41092362AC1017E
:104190000E941C1180913B2A90913C2A892B09F0A6
:1041A00046C269E57EE2C1010E94D81242E050E0B9
:1041B000B101CE0189569F4F0E94EE14C1010E94A9
:1041C0001C1169E57EE2CE0181569F4F0E94D812F4
:1041D00043E050E0BE0161567F4FC1010E94EE14E2
:1041E000CE0181569F4F0E941C11CE0189569F4FD0
:1041F0000E942E118B016093DD297093DE29C1018D
:104200000E942E116093DB297093DC29012B09F0A9
:1042100074C0672B09F0A1C21092DA2981E0809363
:10422000D929109215280E94F8098B019C016093EE
:10423000D1291093D2298093D3293093D429109275
:10424000D5291092D6291092D7291092D829609397
:10425000C9291093CA298093CB293093CC29109275
:10426000CD291092CE291092CF291092D029609397
:10427000C1291093C2298093C3293093C429109275
:10428000C5291092C6291092C7291092C829609397
:10429000B9291093BA298093BB293093BC29109275
:1042A000BD291092BE291092BF291092C0296EE03C
:1042B0007DEDCE0181569F4F0E94E012BE016156F6
:1042C0007F4FCE018B559F4F0E94D8126BE37EE249
:1042D000CE018B559F4F0E945C126DE07DED0E94D8
:1042E00048120E940D04CE018B559F4F0E941C1155
:1042F000CE0181569F4F0E941C110091DD29109123
:10430000DE2901301105B9F58091DB299091DC2976
:10431000892B09F026C260E088E00E943A061092DC
:104320001728109218281092B8296EE07DEDCE0162
:1043300081569F4F0E94E012BE0161567F4FCE0111
:104340008B559F4F0E94D8126BE37EE2CE018B55B6
:104350009F4F0E945C126DE07DED0E9448120E940A
:104360000D04CE018B559F4F0E941C11CE0181562A
:104370009F4F0E941C118091DD299091DE290297A8
:10438000B9F58091DB299091DC29892B09F0F5C1E1
:1043900060E087E00E943A0610920A2A10920B2AE7
:1043A00010920C2A6EE07DEDCE0181569F4F0E9447
:1043B000E012BE0161567F4FCE018B559F4F0E9488
:1043C000D8126BE37EE2CE018B559F4F0E945C12A8
:1043D0006DE07DED0E9448120E940D04CE018B55C8
:1043E0009F4F0E941C11CE0181569F4F0E941C11AD
:1043F0008091DD299091DE290397A9F58091DB2931
:104400009091DC29892B09F0C5C160E083E00E940E
:104410003A0660E084E00E943A066EE07DEDCE014F
:1044200081569F4F0E94E012BE0161567F4FCE0120
:104430008B559F4F0E94D8126BE37EE2CE018B55C5
:104440009F4F0E945C126DE07DED0E9448120E9419
:104450000D04CE018B559F4F0E941C11CE01815639
:104460009F4F0E941C118091DD299091DE290497B5
:1044700089F58091DB299091DC2960E0892B09F096
:1044800061E085E00E943A066EE07DEDCE01815646
:104490009F4F0E94E012BE0161567F4FCE018B55A7
:1044A0009F4F0E94D8126BE37EE2CE018B559F4F47
:1044B0000E945C126DE07DED0E9448120E940D0486
:1044C000CE018B559F4F0E941C11CE0181569F4FEC
:1044D0000E941C118091DD299091DE29059789F5B4
:1044E0008091DB299091DC2960E0892B09F061E063
:1044F00086E00E943A066EE07DEDCE0181569F4F28
:104500000E94E012BE0161567F4FCE018B559F4F36
:104510000E94D8126BE37EE2CE018B559F4F0E9422
:104520005C126DE07DED0E9448120E940D04CE01E8
:104530008B559F4F0E941C11CE0181569F4F0E94A8
:104540001C118091DD299091DE29069789F58091D3
:10455000DB299091DC2960E0892B09F061E083E0A0
:104560000E943A066EE07DEDCE0181569F4F0E947B
:10457000E012BE0161567F4FCE018B559F4F0E94C6
:10458000D8126BE37EE2CE018B559F4F0E945C12E6
:104590006DE07DED0E9448120E940D04CE018B5506
:1045A0009F4F0E941C11CE0181569F4F0E941C11EB
:1045B0008091DD299091DE29079789F58091DB298B
:1045C0009091DC2960E0892B09F061E084E00E9491
:1045D0003A066EE07DEDCE0181569F4F0E94E012BB
:1045E000BE0161567F4FCE018B559F4F0E94D8125E
:1045F0006BE37EE2CE018B559F4F0E945C126DE013
:104600007DED0E9448120E940D04CE018B559F4FF4
:104610000E941C11CE0181569F4F0E941C11C101A6
:104620000E941C11CE0189569F4F0E941C11C09000
:104630003B2AD0903C2A31E0C316D10409F003C2D2
:1046400069E57EE2C1010E94D81242E050E0B1016A
:10465000CE0189569F4F0E94EE14C1010E941C1189
:1046600069E57EE2CE0181569F4F0E94D81243E059
:1046700050E0BE0161567F4FC1010E94EE14CE0191
:1046800081569F4F0E941C11CE0189569F4F0E9458
:104690002E118B016093B6297093B729C1010E9436
:1046A0002E117B016093B4297093B5290115110572
:1046B00009F076C060931328709314280430110514
:1046C00009F0D7C080910B2890910C28EF2809F0B1
:1046D00087C1019709F030C160E081E00E943A068D
:1046E00010920B2810920C288091F02A9091F12AB8
:1046F000A091F22AB091F32A805B9F4FAF4FBF4F3A
:1047000013C16230710509F0DFCC69E57EE2CE01AC
:1047100081569F4F0E94D81243E050E0BE0161567F
:104720007F4FC1010E94EE14CE0181569F4F0E941F
:104730001C11C1010E94231121E02093E329609301
:10474000DF297093E0298093E1299093E229B9CC85
:1047500080E090E0A0E2B1E4CCCC81E08093DA2963
:10476000A6CD61E088E00E943A06009317281093D6
:10477000182881E08093B829D8CD61E087E00E94B5
:104780003A0681E090E080930A2A90930B2A809366
:104790000C2A08CE61E083E00E943A0661E03ACE3E
:1047A0000F3F1105E1F5672B09F560E086E20E94F5
:1047B0003A0660E087E20E943A0660E080E00E94EC
:1047C0003A0660E081E00E943A0660E082E00E94E2
:1047D0003A068FE996E8A1E0B0E08093F02A909342
:1047E000F12AA093F22AB093F32A68CF61E086E21F
:1047F0000E943A0661E087E20E943A0661E080E0AA
:104800000E943A0661E081E00E943A0661E082E09F
:104810000E943A0687E69BE2A0E0B0E0DECF0130DE
:10482000110509F05FC08091112890911228E114C0
:10483000F10409F040C00197E1F460E086E20E94D3
:104840003A0610921128109212288091F02A909125
:10485000F12AA091F22AB091F32A8058974CAE4FDA
:10486000BF4F8093F02A9093F12AA093F22AB0933D
:10487000F32A0530110509F05FC080910928909155
:104880000A28EF2809F0C6C0019709F055C060E07A
:1048900082E00E943A061092092810920A2880911C
:1048A000F02A9091F12AA091F22AB091F32A089669
:1048B000A11DB11D39C0892BE1F661E086E20E949D
:1048C0003A0600931128109312288091F02A9091B3
:1048D000F12AA091F22AB091F32A80589843A1407E
:1048E000B109BFCF0230110511F00C94D63D809173
:1048F0000F2890911028EF2809F044C00197E1F4A7
:1049000060E087E20E943A0610920F281092102869
:104910008091F02A9091F12AA091F22AB091F32A85
:10492000805C904EAF4FBF4F8093F02A9093F12A56
:10493000A093F22AB093F32AC1010E941C11CE0168
:1049400089569F4F0E941C116EE07DED89E59EE225
:104950000E948C12CE018F549F4F0E941C11109206
:10496000E9291092EA291092EB291092EC29109271
:10497000ED291092EE29CE0189549F4F0E941C11FF
:104980000C94AC17892BC1F661E087E20E943A06CD
:10499000C0920F28D09210288091F02A9091F12A8D
:1049A000A091F22AB091F32A80549F41A109B10944
:1049B000BBCF892B09F661E080E00E943A06C092E5
:1049C0000D28D0920E288091F02A9091F12AA09182
:1049D000F22AB091F32A80529340A109B109A4CFE1
:1049E000892B09F0A9CF61E081E00E943A0681E0BD
:1049F00090E080930B2890930C288091F02A90915E
:104A0000F12AA091F22AB091F32A80559109A109C7
:104A1000B1098ACF892B09F08FCF61E082E00E9433
:104A20003A0681E090E08093092890930A288091CB
:104A3000F02A9091F12AA091F22AB091F32A0897D6
:104A4000A109B10971CF42E0C416D10409F07CCFAD
:104A500069E57EE2C1010E94D81242E050E0B10156
:104A6000CE0185559F4F0E94EE14C1010E941C117A
:104A7000CE0185559F4F0E942E116093B2297093ED
:104A8000B329672B11F40E943E138091B2299091B3
:104A9000B329019709F08EC069E57EE2C1010E9449
:104AA000D81243E050E0B101CE0189569F4F0E94D9
:104AB000EE14C1010E941C1169E57EE2CE0181560F
:104AC0009F4F0E94D81244E050E0BE0161567F4FD4
:104AD000C1010E94EE14CE0181569F4F0E941C110D
:104AE000CE0189569F4F0E942E11C62EE62EF72E1C
:104AF000E092B029F092B129C1010E942E11D62E68
:104B0000062F172F0093AE291093AF298091AC295F
:104B10009091AD29E816F90609F065C58091AA299A
:104B20009091AB290817190709F05DC51092082864
:104B30006C2D90E080E00E948C0C6D2D84E090E064
:104B40000E948C0CE092AC29F092AD290093AA2926
:104B50001093AB296EE07DEDCE0181569F4F0E94F0
:104B6000E012BE0161567F4FCE018B559F4F0E94D0
:104B7000D8126BE37EE2CE018B559F4F0E945C12F0
:104B80006DE07DED0E9448120E940D04CE018B5510
:104B90009F4F0E941C11CE0181569F4F0E941C11F5
:104BA0000E943E13C1010E941C11CE0189569F4FE5
:104BB0000E941C118091B2299091B329029709F0AB
:104BC000F3C069E57EE2C1010E94D81243E050E0E3
:104BD000B101CE0181569F4F0E94EE14C1010E9487
:104BE0001C1169E57EE2C1010E94D81244E050E048
:104BF000B101CE0189569F4F0E94EE14C1010E945F
:104C00001C1169E57EE2CE018B559F4F0E94D812A0
:104C100045E050E0BE016B557F4FC1010E94EE148C
:104C2000CE018B559F4F0E941C11CE0181569F4F84
:104C30000E9423116B017C01CE0189569F4F0E9477
:104C400023112B013C01C1010E9423114B015C0186
:104C500020E030E040E251E4C701B6010E94034980
:104C60000E94D14AD62EC72EE62EF72E862F9C2DD7
:104C70008093A8299093A92920E030E040E251E4F4
:104C8000C301B2010E9403490E94D14A762E672EC9
:104C9000062F172F862F962D8093A6299093A7294C
:104CA00020E030E040E251E4C501B4010E94034934
:104CB0000E94D14AB62EA72E262F372F862F9A2D47
:104CC0008093A4299093A5298091A2299091A3294A
:104CD000E816F90609F08BC48091A0299091A129CA
:104CE0000817190709F083C480919E2990919F2984
:104CF0002817390709F07BC4109208286D2D88E029
:104D000090E00E948C0C672D8CE090E00E948C0C4F
:104D10006B2D80E190E00E948C0C8D2D9C2D80935A
:104D2000A2299093A329872D962D8093A029909353
:104D3000A1298B2D9A2D80939E2990939F296EE017
:104D40007DEDCE018B559F4F0E94E012BE016B5549
:104D50007F4FCE0183549F4F0E94D8126BE37EE2B7
:104D6000CE0183549F4F0E945C126DE07DED0E9446
:104D700048120E940D04CE0183549F4F0E941C11C3
:104D8000CE018B559F4F0E941C110E943E13C10102
:104D90000E941C11CE0189569F4F0E941C11CE010A
:104DA00081569F4F0E941C118091B2299091B32986
:104DB000039709F080C069E57EE2C1010E94D81224
:104DC00043E050E0B101CE0189569F4F0E94EE149E
:104DD000C1010E941C1169E57EE2CE0181569F4F00
:104DE0000E94D81244E050E0BE0161567F4FC101DD
:104DF0000E94EE14CE0181569F4F0E941C1167E461
:104E00007EE2CE0189569F4F0E943911882309F412
:104E1000F2C361E47EE2C1010E943911882309F4E2
:104E2000EAC310920828BE0169567F4F84E190E0E2
:104E30000E94A50CB10189E190E00E94A50CBE0181
:104E400069567F4F87E49EE20E94C312B10181E45C
:104E50009EE20E94C3126EE07DEDCE0181569F4F0F
:104E60000E94E012BE0161567F4FCE018B559F4FCD
:104E70000E94D8126BE37EE2CE018B559F4F0E94B9
:104E80005C126DE07DED0E9448120E940D04CE017F
:104E90008B559F4F0E941C11CE0181569F4F0E943F
:104EA0001C110E943E13C1010E941C11CE018956A3
:104EB0009F4F0E941C118091B2299091B3290497B1
:104EC00009F07FC069E57EE2C1010E94D81243E08B
:104ED00050E0B101CE0189569F4F0E94EE14C101EE
:104EE0000E941C1169E57EE2CE0181569F4F0E940F
:104EF000D81244E050E0BE0161567F4FC1010E94CC
:104F0000EE14CE0181569F4F0E941C1163E57EE294
:104F1000CE0189569F4F0E943911882339F06DE4E4
:104F20007EE2C1010E943911811169C381E0809341
:104F30000828BE0169567F4F8FE190E00E94A50CC2
:104F4000B10184E290E00E94A50CBE0169567F4F3A
:104F500083E59EE20E94C312B1018DE49EE20E94AD
:104F6000C3126EE07DEDCE0181569F4F0E94E0128C
:104F7000BE0161567F4FCE018B559F4F0E94D812C4
:104F80006BE37EE2CE018B559F4F0E945C126DE079
:104F90007DED0E9448120E940D04CE018B559F4F5B
:104FA0000E941C11CE0181569F4F0E941C110E942D
:104FB0003E13C1010E941C11CE0189569F4F0E94D1
:104FC0001C118091B2299091B329059709F0F2C084
:104FD00069E57EE2C1010E94D81243E050E0B101D0
:104FE000CE018B559F4F0E94EE14C1010E941C11EF
:104FF00069E57EE2C1010E94D81244E050E0B101AF
:10500000CE0181569F4F0E94EE14C1010E941C11D7
:1050100069E57EE2C1010E94D81245E050E0B1018D
:10502000CE0189569F4F0E94EE14C1010E941C11AF
:1050300069E57EE2CE0183549F4F0E94D81246E07C
:1050400050E0BE0163547F4FC1010E94EE14CE01B7
:1050500083549F4F0E941C11CE018B559F4F0E947D
:105060002E11662EA62EB72EA0929C29B0929D29B5
:10507000CE0181569F4F0E942E11762EC62ED72E1E
:10508000C0929A29D0929B29CE0189569F4F0E94A7
:105090002E11862EE62EF72EE0929829F09299296D
:1050A000C1010E942E11962E062F172F00939629CC
:1050B000109397298091942990919529A816B90663
:1050C00009F0A0C28091922990919329C816D9061F
:1050D00009F098C28091902990919129E816F906DB
:1050E00009F090C280918E2990918F290817190795
:1050F00009F088C210920828662D89E290E00E948B
:105100008C0C672D8DE290E00E948C0C682D81E361
:1051100090E00E948C0C692D85E390E00E948C0C3D
:10512000A0929429B0929529C0929229D092932965
:10513000E0929029F092912900938E2910938F2963
:105140006EE07DEDCE0183549F4F0E94E012BE01C0
:1051500063547F4FCE018D539F4F0E94D8126BE353
:105160007EE2CE018D539F4F0E945C126DE07DED7B
:105170000E9448120E940D04CE018D539F4F0E9441
:105180001C11CE0183549F4F0E941C110E943E139C
:10519000C1010E941C11CE0189569F4F0E941C1113
:1051A000CE0181569F4F0E941C11CE018B559F4FFF
:1051B0000E941C118091B2299091B329069709F0A1
:1051C000D4C069E57EE2C1010E94D81243E050E0FC
:1051D000B101CE0189569F4F0E94EE14C1010E9479
:1051E0001C11CE0189569F4F0E942E1160938C296D
:1051F00070938D2969E57EE2CE0181569F4F0E9412
:10520000D81244E050E0BE0161567F4FC1010E94B8
:10521000EE14CE0181569F4F0E941C11C1010E94C5
:1052200023116B017C0180918C2990918D2901972C
:1052300099F581E080938B29C0928729D0928829A3
:10524000E0928929F0928A29109207286EE07DED7C
:10525000CE0181569F4F0E94E012BE0161567F4FE2
:10526000CE018B559F4F0E94D8126BE37EE2CE0198
:105270008B559F4F0E945C126DE07DED0E9448129D
:105280000E940D04CE018B559F4F0E941C11CE0130
:1052900081569F4F0E941C1180918C2990918D29DD
:1052A000029799F581E080938629C0928229D09255
:1052B0008329E0928429F0928529109219286EE0C2
:1052C0007DEDCE0181569F4F0E94E012BE016156D6
:1052D0007F4FCE018B559F4F0E94D8126BE37EE229
:1052E000CE018B559F4F0E945C126DE07DED0E94B8
:1052F00048120E940D04CE018B559F4F0E941C1135
:10530000CE0181569F4F0E941C116EE07DEDCE01B3
:1053100081569F4F0E94E012BE0161567F4FCE0121
:105320008B559F4F0E94D8126BE37EE2CE018B55C6
:105330009F4F0E945C126DE07DED0E9448120E941A
:105340000D04CE018B559F4F0E941C11CE0181563A
:105350009F4F0E941C110E943E13C1010E941C110C
:10536000CE0189569F4F0E941C118091B2299091C5
:10537000B329079709F033C169E57EE2C1010E94B4
:10538000D81243E050E0B101CE0189569F4F0E94F0
:10539000EE14C1010E941C11CE0189569F4F0E943C
:1053A0002E1160938029709381296130710509F075
:1053B0004BC069E57EE2CE0181569F4F0E94D81214
:1053C00044E050E0BE0161567F4FC1010E94EE14DF
:1053D000CE0181569F4F0E941C11C1010E942311D2
:1053E00021E020937F2960937B2970937C2980930F
:1053F0007D2990937E296EE07DEDCE0181569F4FF1
:105400000E94E012BE0161567F4FCE018B559F4F27
:105410000E94D8126BE37EE2CE018B559F4F0E9413
:105420005C126DE07DED0E9448120E940D04CE01D9
:105430008B559F4F0E941C11CE0181569F4F0E9499
:105440001C11C1010E941C11809180299091812919
:10545000029709F04BC069E57EE2CE0181569F4F6D
:105460000E94D81244E050E0BE0161567F4FC10156
:105470000E94EE14CE0181569F4F0E941C11C10163
:105480000E94231121E020937A296093762970935A
:10549000772980937829909379296EE07DEDCE016C
:1054A00081569F4F0E94E012BE0161567F4FCE0190
:1054B0008B559F4F0E94D8126BE37EE2CE018B5535
:1054C0009F4F0E945C126DE07DED0E9448120E9489
:1054D0000D04CE018B559F4F0E941C11CE018156A9
:1054E0009F4F0E941C11C1010E941C1180918029B4
:1054F00090918129039709F04BC069E57EE2CE01C6
:1055000081569F4F0E94D81244E050E0BE01615680
:105510007F4FC1010E94EE14CE0181569F4F0E9421
:105520001C1181E080937529C1010E9423116093B1
:1055300071297093722980937329909374296EE076
:105540007DEDCE0181569F4F0E94E012BE01615653
:105550007F4FCE018B559F4F0E94D8126BE37EE2A6
:10556000CE018B559F4F0E945C126DE07DED0E9435
:1055700048120E940D04CE018B559F4F0E941C11B2
:10558000CE0181569F4F0E941C11C1010E941C1127
:105590006EE07DEDC1010E94E012B101CE018156A5
:1055A0009F4F0E94D8126BE37EE2CE0181569F4F3F
:1055B0000E945C126DE07DED0E9448120E940D0475
:1055C000CE0181569F4F0E941C11C1010E941C11E7
:1055D0000E943E13CE0189569F4F0E941C11CE019E
:1055E00085559F4FAFC981E080930828A1CA81E00B
:1055F0008093082883CB81E08093082814CC1092F4
:10560000082897CC81E08093082876CD6EE07DED68
:1056100089E59EE20E948C126EE07DEDC1010E9440
:10562000E012B101CE0189569F4F0E94D81265E366
:105630007EE2CE0189569F4F0E945C126DE07DEDA7
:105640000E9448120E940D04CE0189569F4F0E946D
:105650001C11C10182C980917529BE0169567F4F15
:105660004B01882309F487C083E29DED0E94F2106C
:10567000C0907129D0907229E0907329F09074291C
:1056800020E030E040E752E4C701B6010E94034940
:1056900020E030E048EC52E40E94694A60936D29B2
:1056A00070936E2980936F299093702920E030E0E9
:1056B00040E252E4C701B6010E94034920E030E015
:1056C00048EC52E40E94694A6093692970936A2900
:1056D00080936B2990936C2920E030E048EC52E4F1
:1056E000C701B6010E94034920E030E048EC52E4D3
:1056F0000E94694AAB01BC01CE0181569F4F0E94B6
:105700009512BE0161567F4F85E590E00E94A50C81
:1057100040916D2950916E2960916F297091702987
:10572000C4010E949512B4018AE590E00E94A50C84
:105730004091692950916A2960916B2970916C2977
:10574000CE0101960E949512BE016F5F7F4F83E6E6
:1057500090E00E94A50C0E943E1310927529CE0184
:1057600001960E941C11C4010E941C11CE01815699
:105770009F4F0E941C1180917F29882319F120E0FE
:1057800030E040E752E460917B2970917C29809160
:105790007D2990917E290E94694A9B01AC0160E0BD
:1057A00070E080E291E40E94694A0E94D64A8AE34E
:1057B00090E00E948C0C0E943E1381E08093362A78
:1057C00010927F2980917A29882339F182E39DED17
:1057D0000E94F21020E030E040E752E46091762928
:1057E0007091772980917829909179290E94694A4E
:1057F0009B01AC0160E070E080E291E40E94694AA4
:105800000E94D64A88E490E00E948C0C0E943E13CD
:1058100081E08093362A10927A29E091852EF091CA
:10582000862E138615861486128611861086178298
:1058300016821582148213821092832E1092842E67
:1058400011E0B4018091852E9091862E0E94960FD2
:10585000882309F475C067E0C4010E94350AD401A9
:1058600017969C9117978913ECCF8091832E8F5FA9
:105870008093832E8C91883231F008F047C08031BC
:1058800011F08232F1F68091842E8F5F8093842E06
:1058900080917C2E811126C08091852E9091862E3C
:1058A0000E94F00EB4018091852E9091862E0E9468
:1058B000DD0A40E064EB8091852E9091862E0E9457
:1058C000A80A8091852E9091862E0E944C0A082F5E
:1058D0008091852E9091862E0E94F00E011102C0BB
:1058E00010937C2EF40180818031D9F0BE016F5F6E
:1058F0007F4FC4010E942A0F882331F08D818F339E
:1059000091F058F48F31C1F080E00EC08B3309F470
:10591000BACF823409F095CFB6CF8F3579F08F3773
:1059200099F78CE001C08AE090917F2E981708F0DB
:1059300088CF80937F2E85CF89E0F6CF8BE0F4CFA0
:105940008091852E9091862E0E94F00E40E06CECA6
:105950008091852E9091862E0E94A80A40917C2EDF
:1059600064E48091852E9091862E0E94A80A8091F1
:10597000802E882321F1E0917F2E8091812E882333
:1059800011F40C94273980917C2E81110C942739C5
:105990000E94F8096B017C018091852E9091862EE2
:1059A0000E944C0A813059F00E94F8096C197D0957
:1059B0008E099F096E3E72408105910568F3E09162
:1059C000852EF091862E13861586148612861186F2
:1059D000108617821682158214821382B401809178
:1059E000852E9091862E0E94960F81110C9451392C
:1059F00060E070E08EEF92EC6093062A7093072AC5
:105A00008093082A9093092A8EE10E940C07182F90
:105A100081E090E0112311F090E080E08093F42A7F
:105A20009093F52A86E10E940C0790E011110C94E6
:105A3000A739892B11F40C94A93982E090E0809366
:105A40002C2A90932D2A0E94F8097B018C0120E0DA
:105A500030E0A901C753DF4F6883C95CD040C6530B
:105A6000DF4FF882CA5CD040C553DF4F8883CB5CE0
:105A7000D040C453DF4F1883CC5CD040C353DF4FBA
:105A80002883CD5CD040C253DF4F3883CE5CD040FA
:105A9000C153DF4F4883CF5CD040C053DF4F5883A2
:105AA000C05DD0402091F72A3091F82A4091F92A20
:105AB0005091FA2A6091FB2A7091FC2A8091FD2A6C
:105AC0009091FE2A28573C4E4F4F5F4F6F4F7F4FAC
:105AD0008F4F9F4F59016A017B018C01C753DF4FE4
:105AE0002881C95CD040C653DF4F3881CA5CD040A2
:105AF000C553DF4F4881CB5CD040C453DF4F588142
:105B0000CC5CD04060E070E080E090E00E94CD4B43
:105B100050F12093F72A3093F82A4093F92A5093B2
:105B2000FA2A1092FB2A1092FC2A1092FD2A109257
:105B3000FE2A809136289091372869E470E00E940F
:105B4000444B072E000C880B990B0E94A4486093CD
:105B500032287093332880933428909335281092FC
:105B600036281092372820E030E040E451E460917C
:105B700032287091332880913428909135280E94E2
:105B8000034920E030E040EF51E40E94694A60930D
:105B9000652970936629809367299093682980917D
:105BA000F62A882311F40C94B33948E358E261E4EF
:105BB00079E28AE69EE20E945E1680914C289091DE
:105BC0004D28A0914E28B0914F2880930D2A909394
:105BD0000E2AA0930F2AB093102A809155299091F4
:105BE0005629A0915729B091582980933D29909327
:105BF0003E29A0933F29B093402981E20E940C07DF
:105C000021E030E0882311F030E020E020933B29B0
:105C100030933C298DE10E940C0721E030E088237D
:105C200011F030E020E02093392930933A298FE1B8
:105C30000E940C0721E030E0882311F030E020E0E2
:105C4000209337293093382980E20E940C0721E005
:105C500030E0882311F030E020E0209335293093A4
:105C600036298091D929882309F4F4C160E08CE0B9
:105C70000E943A060E94F8095B016C012091D1292B
:105C80003091D2294091D3295091D4296091D529BE
:105C90007091D6298091D7299091D82928573C4EC8
:105CA0004F4F5F4F6F4F7F4F8F4F9F4F29013A01EB
:105CB000B62FA72FF82FE92F9501A60160E070E01D
:105CC00080E090E052016301EB2EFA2E0F2F1E2F81
:105CD0000E94CD4B29F020F061E08BE00E943A0653
:105CE0000E94F8095B016C012091C9293091CA29F1
:105CF0004091CB295091CC296091CD297091CE292A
:105D00008091CF299091D0292856354C4F4F5F4F25
:105D10006F4F7F4F8F4F9F4F29013A01B62FA72F0B
:105D2000F82FE92F9501A60160E070E080E090E097
:105D300052016301EB2EFA2E0F2F1E2F0E94CD4B26
:105D400009F008F487C17E0129E2E20EF11C8E0100
:105D50000F5F1F4F93E0D92ECC24C394D092060638
:105D6000C092080680910B0680FFFCCF6091100660
:105D700070911106072E000C880B990B0E94A44805
:105D8000D8016D937D938D939D938D01EA16FB064B
:105D900029F722242394312C2C0E3D1EB4E22B0E25
:105DA000311C8E010F5F1F4F7801F8014080518038
:105DB00062807380D7011496AD90BD90CD90DC9039
:105DC0001797A6019501C301B2010E94404B181616
:105DD000B4F4F801A082B182C282D382C301B201BD
:105DE0000E94D14A072E000C880B990B0E94A448F0
:105DF000D70114966D937D938D939C931797B4E080
:105E0000EB0EF11C2E143F0481F60C5F1F4F0215A0
:105E1000130551F67E01E9E0EE0EF11C01E010E001
:105E20000C0F1D1F005E1F4F60E070E0CB01D7011B
:105E30004D905D906D907D907D010E94A248A301E0
:105E400092010E94054A0E94D64AE016F10679F7AF
:105E50000E94A24820E030E040EA50E40E9403495A
:105E600020E030E040E85AE30E94034920E030E0BF
:105E700040EC50E40E94694A20E030E040E650E403
:105E80000E9403492091072821110C94B93921E07F
:105E90002093072860933129709332298093332906
:105EA0009093342920918B29222329F19B01AC0165
:105EB00060918729709188298091892990918A29F8
:105EC0000E94044A9B01AC0160912D2970912E29FA
:105ED00080912F29909130290E94054A60932D29A5
:105EE00070932E2980932F299093302910928B291B
:105EF00081E08093362A8091E829882309F457C0ED
:105F00002091E4293091E5294091E6295091E72933
:105F100060912D2970912E2980912F2990913029FF
:105F20000E94694AAB01BC01CE018B559F4F0E9474
:105F30009512BE016B557F4F8CE690E00E94A50C38
:105F40000E943E136EE07DEDCE0189569F4F0E9468
:105F5000E012BE0169567F4FCE0181569F4F0E94CD
:105F6000D8126BE37EE2CE0181569F4F0E945C12F5
:105F70006DE07DED0E9448120E940D04CE01815615
:105F80009F4F0E941C11CE0189569F4F0E941C11E9
:105F900010922D2910922E2910922F29109230291B
:105FA0001092E829CE018B559F4F0E941C11C09082
:105FB0003129D0903229E0903329F090342901E042
:105FC00010E020E030E040E05FE3C701B6010E944E
:105FD0009E4887FD02C010E000E00093FB2910936B
:105FE000FC2980912C29882361F0C0922829D09225
:105FF0002929E0922A29F0922B2910920628109242
:106000002C291092D92981E0809315280E94F80943
:106010008B019C016093C1291093C2298093C329ED
:106020003093C4291092C5291092C6291092C7290D
:106030001092C8296093B9291093BA298093BB297B
:106040003093BC291092BD291092BE291092BF290D
:106050001092C02980911528882309F4A4C160E01A
:106060008BE00E943A060E94F8095B016C012091C6
:10607000C1293091C2294091C3295091C42960910E
:10608000C5297091C6298091C7299091C8292857A0
:106090003C4E4F4F5F4F6F4F7F4F8F4F9F4F2901A8
:1060A0003A01B62FA72FF82FE92F9501A60160E03E
:1060B00070E080E090E052016301EB2EFA2E0F2F8A
:1060C0001E2F0E94CD4B29F020F061E08CE00E9451
:1060D0003A060E94F8095B016C012091B9293091C0
:1060E000BA294091BB295091BC296091BD2970917A
:1060F000BE298091BF299091C0292856354C4F4F19
:106100005F4F6F4F7F4F8F4F9F4F29013A01B62F3F
:10611000A72FF82FE92F9501A60160E070E080E03D
:1061200090E052016301EB2EFA2E0F2F1E2F0E94DA
:10613000CD4B09F008F437C1FE013196CF0144E0A0
:1061400051E0409306065093080620910B0620FF6D
:10615000FCCF2091100630911106219331938E16B9
:106160009F0679F72091FD293091FE2940E050E00B
:1061700068EC71E4232B41F44091062A5091072AE0
:106180006091082A7091092A0E942602BC01990F89
:10619000880B990B0E94A4486093242970932529A9
:1061A000809326299093272980918629882359F165
:1061B0002091242930912529409126295091272981
:1061C00060918229709183298091842990918529F9
:1061D0000E94044A9B01AC01609120297091212901
:1061E00080912229909123290E94054A60932029B9
:1061F00070932129809322299093232981E0809311
:10620000362A109286298091E329882309F451C007
:106210002091DF293091E0294091E1295091E22934
:106220006091202970912129809122299091232920
:106230000E94694AAB01BC01CE018B559F4F0E9461
:106240009512BE016B557F4F82E590E00E94A50C30
:106250000E943E1310922029109221291092222987
:10626000109223296EE07DEDC4010E94E012B4017A
:10627000CE0181569F4F0E94D8126BE37EE2CE0181
:1062800081569F4F0E945C126DE07DED0E94481286
:106290000E940D04CE0181569F4F0E941C11C40123
:1062A0000E941C111092E329CE018B559F4F0E9432
:1062B0001C1100912C2A10912D2AC0902429D090D5
:1062C0002529E0902629F0902729C701B6010E94D0
:1062D000D14A90E080E0643671052CF491E080E0D2
:1062E000012B09F490E09093F9298093FA29809189
:1062F0001F29882361F0C0921B29D0921C29E092AB
:106300001D29F0921E291092052810921F29209114
:106310001329309114294091152950911629609123
:106320001729709118298091192990911A290E9492
:10633000044A9B01AC01C701B6010E949E4887FF39
:1063400009C08091112990911229019680931129F9
:106350009093122981E08093D929109215280E94E8
:10636000F8098B019C016093D1291093D229809365
:10637000D3293093D4291092D5291092D62910927E
:10638000D7291092D8296093C9291093CA298093DC
:10639000CB293093CC291092CD291092CE2910927E
:1063A000CF291092D029E0901729F0901829009158
:1063B000192910911A29C752DF4FE882F9820A83FE
:1063C0001B83C95DD04020E030E046E953E4C801BA
:1063D000B7010E94054A6B017C01009124291091AC
:1063E00025292091262930912729C753DF4F08837B
:1063F00019832A833B83C95CD040A90198010E947C
:106400009E4887FFC2C780912C2A90912D2A813007
:10641000910509F0BAC78093012A9093022A8091CE
:10642000DA2981110C94993A0E94F809613C744D63
:106430008140910508F4D4C6C753DF4F28813981C4
:106440004A815B81C95CD040C752DF4F6881798146
:106450008A819B81C95DD0400E949E4887FD07C00C
:106460008091F3299091F429892B09F4A8C71092FF
:106470001129109212291092102940900829509049
:10648000092960900A2970900B29209131293091B7
:1064900032294091332950913429CB51DF4F288341
:1064A00039834A835B83C55ED040309010292091A8
:1064B0000C2930910D2940910E2950910F29C301CB
:1064C000B2010E94054ACB51DF4F288139814A81B0
:1064D0005B81C55ED0400E949E4887FF64C031103A
:1064E00062C080910428882309F45DC080912C2A21
:1064F00090912D2A892B09F456C08091FB29909107
:10650000FC29892B09F04FC08091F5299091F6293B
:10651000892B09F048C08091392990913A29892B1B
:1065200009F441C0109216281092152A60E088E004
:106530000E943A06109217281092182861E086E00F
:106540000E943A061092042881E08093F828E09196
:106550002E2A70912F2A6091302A5091312A409131
:10656000322A3091332A2091342A9091352AE093AF
:10657000F9287093FA286093FB285093FC284093E5
:10658000FD283093FE282093FF28909300298093C4
:10659000072981E090E0809305299093062961E026
:1065A0008CE10E943A06A090F928B090FA28C09099
:1065B000FB28D090FC28E090FD28F090FE28009168
:1065C000FF2810910029E0912E2AF0912F2AA09106
:1065D000302AB091312A9090322A8090332A30911B
:1065E000342ACF51DF4F3883C15ED0402090352A06
:1065F0004091012950910229609103297091042949
:106600009A01AB0160E070E0CB01CF52DF4F2883ED
:10661000C15DD040CE52DF4F3883C25DD040CD52F5
:10662000DF4F4883C35DD040CC52DF4F5883C45DF9
:10663000D040CB52DF4F6883C55DD040CA52DF4F98
:106640007883C65DD040C952DF4F8883C75DD04094
:10665000C852DF4F9883C85DD04060E070E080E0B2
:1066600090E00E94B84B5F016D01E92CF82CCF51EE
:10667000DF4F0881C15ED040122D0E94CD4B09F042
:1066800020F48091F828811103C0332009F47DC0E3
:1066900060E086E00E943A061092052910920629D1
:1066A0001092F82811E01093F72831104EC061E0E5
:1066B00088E00E943A0681E090E08093172890934A
:1066C000182870912E2A60912F2A5091302A4091DB
:1066D000312A3091322A2091332A9091342A8091A4
:1066E000352A70931E2A60931F2A5093202A4093C4
:1066F000212A3093222A2093232A9093242A8093BC
:10670000252A70912E2A60912F2A5091302A40918B
:10671000312A3091322A2091332A9091342A809163
:10672000352A7093162A6093172A5093182A40939B
:10673000192A30931A2A20931B2A90931C2A80939B
:106740001D2A1092152A1093162870912E2A6091F6
:106750002F2A5091302A4091312A3091322A2091AB
:10676000332A9091342A8091352A7093EF286093D0
:10677000F0285093F1284093F2283093F328209387
:10678000F4289093F5288093F6282090EE28209105
:10679000ED28CF51DF4F2883C15ED040922C990C59
:1067A0009908A090EF28B090F028C090F128D090E0
:1067B000F228E090F328F090F4280091F528109149
:1067C000F628B0912E2AA0912F2AF091302AE0913C
:1067D000312A8090322A5091332ACF52DF4F58838A
:1067E000C15DD0406091342AC551DF4F6883CB5ED4
:1067F000D0407091352AC151DF4F7883CF5ED040B1
:10680000322D492D592D692D792D892D992D0E94D3
:10681000B84BAB2EBA2ECF2EDE2EE82CCF52DF4F48
:10682000F880C15DD040C551DF4F0881CB5ED040BC
:10683000C151DF4F1881CF5ED0400E94CD4B09F08F
:1068400020F48091F728811102C0332049F081E0C3
:106850008093EC281092F72860E08CE10E943A06C1
:10686000A30192016091E8287091E9288091EA28BB
:106870009091EB280E94044A9B01AC01CB51DF4F61
:10688000688179818A819B81C55ED0400E949E4843
:1068900087FF64C0311062C080910428882309F406
:1068A0005DC080912C2A90912D2A892B09F456C025
:1068B0008091FB299091FC29892B09F04FC0809190
:1068C000F7299091F829892B09F048C080913B293C
:1068D00090913C29892B09F441C0109216281092FE
:1068E000152A60E088E00E943A061092172810925C
:1068F000182861E085E00E943A061092042881E0A1
:106900008093D828E0912E2A70912F2A6091302A06
:106910005091312A4091322A3091332A2091342AE1
:106920009091352AE093D9287093DA286093DB2878
:106930005093DC284093DD283093DE282093DF2815
:106940009093E0288093E72881E090E08093E52809
:106950009093E62861E08CE10E943A06A090D92845
:10696000B090DA28C090DB28D090DC28E090DD28B9
:10697000F090DE280091DF281091E028F0912E2A77
:10698000E0912F2AA091302AB091312A8090322AAA
:106990007090332A6090342A5090352A2091E12853
:1069A0003091E2284091E3285091E428BA01AB01EC
:1069B00060E070E0CB01CF52DF4F2883C15DD04053
:1069C000CE52DF4F3883C25DD040CD52DF4F488377
:1069D000C35DD040CC52DF4F5883C45DD040CB5212
:1069E000DF4F6883C55DD040CA52DF4F7883C65DF4
:1069F000D040C952DF4F8883C75DD040C852DF4FB7
:106A00009883C85DD04060E070E080E090E00E9434
:106A1000B84BAF2EBE2E6D01E82CF72C062D152D90
:106A20000E94CD4B09F020F48091D828811103C039
:106A3000332009F47DC060E085E00E943A061092A0
:106A4000E5281092E6281092D82811E01093D72854
:106A500031104EC061E088E00E943A0681E090E08B
:106A6000809317289093182870912E2A60912F2ACE
:106A70005091302A4091312A3091322A2091332A84
:106A80009091342A8091352A70931E2A60931F2A90
:106A90005093202A4093212A3093222A2093232A9C
:106AA0009093242A8093252A70912E2A60912F2A70
:106AB0005091302A4091312A3091322A2091332A44
:106AC0009091342A8091352A7093162A6093172A60
:106AD0005093182A4093192A30931A2A20931B2A7C
:106AE00090931C2A80931D2A1092152A1093162821
:106AF00070912E2A60912F2A5091302A4091312A8C
:106B00003091322A2091332A9091342A8091352A6B
:106B10007093CF286093D0285093D1284093D228E7
:106B20003093D3282093D4289093D5288093D628C7
:106B3000A090CF28B090D028C090D128D090D22853
:106B4000E090D328F090D4280091D5281091D62831
:106B500050902E2A60902F2A7090302A8090312AEF
:106B6000B091322AA091332AF091342AE091352A4B
:106B7000CF51DF4F2881C15ED040322D492D592D94
:106B8000692D792D892D992D0E94B84BA52CB62CF5
:106B9000C72CD82CEB2EFA2E0F2F1E2F0E94CD4B78
:106BA00009F020F48091D728811102C0332049F0E8
:106BB0001092D72881E08093EC2860E08CE10E945D
:106BC0003A06C0901329D0901429E0901529F0902E
:106BD0001629A7019601C752DF4F688179818A8102
:106BE0009B81C95DD0400E94044A9B01AC01C75300
:106BF000DF4F688179818A819B81C95CD0400E9486
:106C00009E4887FF94C08091112990911229039783
:106C10000CF48DC01092112910921229A70196012F
:106C2000C701B6010E94054A9B01AC01C752DF4F64
:106C3000688179818A819B81C95DD0400E94044A24
:106C40009B01AC01C753DF4F688179818A819B81A9
:106C5000C95CD0400E949E4887FF69C0809103288C
:106C6000882309F464C080912C2A90912D2A892BC5
:106C700009F45DC08091F9299091FA29892B09F0D6
:106C800056C08091F3299091F429892B09F04FC0C7
:106C90008091372990913829892B09F448C0809137
:106CA000352990913629892B09F441C01092162874
:106CB0001092152A60E088E00E943A061092172888
:106CC0001092182861E083E00E943A06109203288F
:106CD00081E08093BF28E0912E2A70912F2A609145
:106CE000302A5091312A4091322A3091332A209112
:106CF000342A9091352AE093C4287093C528609374
:106D0000C6285093C7284093C8283093C928209399
:106D1000CA289093CB288093CE2881E090E080937E
:106D2000CC289093CD2861E08BE10E943A06209117
:106D30002E2A30912F2A4091302A5091312A609189
:106D4000322A7091332A8091342A9091352A6090AA
:106D5000C4287090C5288090C6289090C728A0901D
:106D6000C828B090C9280091CA281091CB280E9449
:106D7000024B6B017C019301A401B501C8010E9483
:106D8000024B2091C0283091C1284091C2285091D7
:106D9000C3280E94054A9B01AC01C701B6010E94AD
:106DA000404B87FD44C08091BF28882309F43FC031
:106DB0001092022860E083E00E943A061092CC28EC
:106DC0001092CD2880910A2A90910B2A892B51F498
:106DD00061E087E00E943A0681E090E080930A2A11
:106DE00090930B2A70912E2A60912F2A5091302A6D
:106DF0004091312A3091322A2091332A9091342ABD
:106E00008091352A7093B7286093B8285093B92899
:106E10004093BA283093BB282093BC289093BD2878
:106E20008093BE2881E08093B6281092BF28A0905E
:106E30002E2AB0902F2AC090302AD090312AE0908C
:106E4000322AF090332A0091342A1091352A209169
:106E5000B7283091B8284091B9285091BA2860914C
:106E6000BB287091BC288091BD289091BE28245DDC
:106E70003E4F4F4F5F4F6F4F7F4F8F4F9F4F0E943F
:106E8000CD4B09F0D8F58091B6288823B9F160E0A0
:106E900087E00E943A0610920A2A10920B2A61E0BB
:106EA00084E00E943A0681E090E08093B4289093B9
:106EB000B52870912E2A60912F2A5091302A409146
:106EC000312A3091322A2091332A9091342A8091AC
:106ED000352A7093AC286093AD285093AE28409328
:106EE000AF283093B0282093B1289093B228809394
:106EF000B32881E08093AB281092B6288091AB280C
:106F0000882309F475C020912E2A30912F2A4091B0
:106F1000302A5091312A6091322A7091332A80911F
:106F2000342A9091352A0E94024B6B017C012091FA
:106F3000AC283091AD284091AE285091AF28609197
:106F4000B0287091B1288091B2289091B3280E9406
:106F5000024B2091A7283091A8284091A928509150
:106F6000AA280E94054A9B01AC01C701B6010E94F4
:106F7000404B87FD3DC060E084E00E943A061092DD
:106F8000B4281092B52880910A2A90910B2A892B57
:106F900051F461E087E00E943A0681E090E080933E
:106FA0000A2A90930B2A70912E2A60912F2A5091D1
:106FB000302A4091312A3091322A2091332A9091FF
:106FC000342A8091352A70939F286093A02850938B
:106FD000A1284093A2283093A3282093A42890931B
:106FE000A5288093A62881E080939E281092AB2844
:106FF00080919E28882309F4AAC0A0902E2AB090E0
:107000002F2AC090302AD090312AE090322AF09076
:10701000332A0091342A1091352A20919F283091EB
:10702000A0284091A1285091A2286091A328709196
:10703000A4288091A5289091A628245D3E4F4F4F0B
:107040005F4F6F4F7F4F8F4F9F4F0E94CD4B11F07F
:1070500008F07DC060E087E00E943A0610920A2A9C
:1070600010920B2A10929E2881E080930228809330
:107070009D28E0912E2A70912F2A6091302A5091FC
:10708000312A4091322A3091332A2091342A90912A
:10709000352AE0931E2A70931F2A6093202A50936A
:1070A000212A4093222A3093232A2093242A909342
:1070B000252AE0912E2A70912F2A6091302A509132
:1070C000312A4091322A3091332A2091342A9091EA
:1070D000352AE093162A7093172A6093182A509342
:1070E000192A40931A2A30931B2A20931C2A909322
:1070F0001D2A1092152A8093162861E088E00E94CC
:107100003A0681E090E080931728909318287091B8
:107110002E2A60912F2A5091302A4091312A3091A5
:10712000322A2091332A9091342A8091352A709303
:1071300095286093962850939728409398283093E9
:10714000992820939A2890939B2880939C28A0901C
:107150009528B0909628C0909728D0909828E090D5
:107160009928F0909A2800919B2810919C28609073
:107170002E2A70902F2A8090302A9090312AB09138
:10718000322AA091332AF091342AE091352A3091A5
:10719000942820919328932F990F990B492F592FB9
:1071A000692F792F892F0E94B84B53016401EB2E70
:1071B000FA2E0F2F1E2F0E94CD4B09F088F48091DC
:1071C0009D28882369F081E080939228809303288A
:1071D00010929D281092CE2860E08BE10E943A0622
:1071E0008091612E882309F408C10E94F8096B017F
:1071F0007C018091662E9091672EA091682EB091AF
:10720000692E0097A105B105A1F04091622E509121
:10721000632E6091642E7091652E97018601081B84
:10722000190B2A0B3B0B041715072607370708F421
:10723000D1C0E0915F2EF091602E0995C092662E2C
:10724000D092672EE092682EF092692ED6C0E95057
:107250008EEE92E0E33038F4F0E0EE0FFF1FEA5ECE
:10726000F342808191816C01990FEE08FF088091B3
:107270007D2E882329F060E080917E2E0E947D067D
:10728000C701B6010E94CB0980917D2E882311F49D
:107290000C94DF2C61E080917E2E0E947D060C9480
:1072A000DF2C67E0C4010E94350AD40117969C9137
:1072B00089130C94F82CBE016F5F7F4FC4010E94AC
:1072C0002A0F882311F40C94F82C6A8170E0762F31
:1072D0006627770F770F770F2981B8E02B9F9001F2
:1072E0001124262B372BF40180818031E1F468854D
:1072F0006623C9F070E08F817B01E81AF108C701AD
:107300009695982F8827979587950E94444BCB0197
:107310008097B90153E0660F771F5A95E1F76078BF
:107320009C01260F371F213804EE300714F40C940B
:10733000F82CB901330F880B990B0E94A44820E068
:1073400030E040E05CE30E9403490C94FC2C892B64
:1073500021F081E090E00C941F2D10922C2A1092C5
:107360002D2A0C94232D80E090E0A0E8BFE30C943C
:10737000E52D20915C2830915D2840915E28509148
:107380005F280E94054A0C944A2FC753DF4F28817B
:1073900039814A815B81C95CD040C701B6010E9436
:1073A000404B18163CF080912C2A90912D2A029780
:1073B00009F035C81092012A1092022A30C8809133
:1073C00011299091122903970CF457C881E08093FA
:1073D000102953C8C816D906EA06FB0670F4809532
:1073E0009095A095B0958C199D09AE09BF09841799
:1073F0009507A607B70708F01CCF60911328709176
:107400001428072E000C880B990B0E94A4482AE030
:1074100037ED43E250E40E9403490E94D14AF62E20
:10742000062F172F61E083E10E94A60560E0101689
:1074300011062CF40F3F11050CF48DC061E083E1BF
:107440000E943A06C0908E28D0908F28E090902815
:10745000F0909128C0928A28D0928B28E0928C28B4
:10746000F0928D288090062A9090072AA090082AF2
:10747000B090092AA5019401C701B6010E949E4857
:1074800087FF25C08091FD299091FE29892BF9F471
:107490008091042A9091052A892BC9F480912C2A85
:1074A00090912D2A892B99F0809117289091182876
:1074B000892B69F4809188289091892801968B30D6
:1074C00091050CF053C0809388289093892880916F
:1074D0000228882371F12DEC3CEC4CE45EE3C701FB
:1074E000B6010E94044A9B01AC01C501B4010E948F
:1074F0009E4887FD12C08091042A9091052A892B0D
:1075000061F480912C2A90912D2A892B31F0809161
:10751000172890911828892B61F0109288281092D2
:10752000892810920A2A10920B2A60E087E00E94B4
:107530003A068091032A882309F464C280912C2A98
:1075400090912D2A892B09F5C751DF4F1882198296
:10755000C95ED040DAC08FB7F894F0922D0A8FBF81
:107560008091010A80648093010A6CCF1092882870
:107570001092892881E090E080930A2A90930B2A48
:1075800061E087E00E943A06A2CF3090B8292090AF
:107590001628211002C03320D9F0809100288823BA
:1075A000B9F00E94F8098B019C0160936C2810933C
:1075B0006D2880936E2830936F2810927028109257
:1075C0007128109272281092732810920028BCCF54
:1075D00040906529509066296090672970906829CD
:1075E0000E94F8094B015C0120916C2830916D28B4
:1075F00040916E2850916F28609170287091712889
:1076000080917228909173282856354C4F4F5F4FC8
:107610006F4F7F4F8F4F9F4FC753DF4F2883C95CFA
:10762000D040C752DF4F3883C95DD040B42FA52F5B
:10763000F62FE72F8C019401A50160E070E080E057
:1076400090E0C753DF4FA880C95CD040C752DF4FDE
:10765000B880C95DD040CB2EDA2EEF2EFE2E0E94D0
:10766000CD4B09F008F470CF8091002881116CCFC8
:10767000211003C0332009F4F1C180906428909058
:107680006528A0906628B0906728209168283091DE
:10769000692840916A2850916B28C301B2010E9469
:1076A0009E4818166CF0A5019401C301B2010E9416
:1076B000404B87FD05C088E39DED0E94F21044CF4A
:1076C000C0906028D0906128E0906228F0906328F4
:1076D000A5019401C301B2010E949E4818160CF442
:1076E000A8C1A7019601C301B2010E94404B87FDCA
:1076F000A0C180E49DED0E94F21062E070E0C751ED
:10770000DF4F68837983C95ED040C751DF4FA881BE
:10771000B981C95ED040A0938628B0938728C1560E
:10772000DF4F18821982CF59D040CF55DF4F1882D2
:107730001982C15AD040CD55DF4F18821982C35AE1
:10774000D0404AE0BE016F5F7F4FCD010E948E4462
:10775000BE016F5F7F4FCE0181569F4F0E948C12FA
:107760006EE07DEDCE0101960E94E012BE016F5FDA
:107770007F4FCE0189569F4F0E94D81260E57DED64
:10778000CE0189569F4F0E944812BE0161567F4F1D
:107790000E945C120E940D040E94EA10CE018956DC
:1077A0009F4F0E941C11CE0101960E941C118091D6
:1077B0008628909187280197029730F481E090E025
:1077C0008093FF299093002A4090062A5090072A20
:1077D0006090082A7090092A80910128882309F472
:1077E00041C140927E2850927F28609280287092FA
:1077F000812810920128E0917C28F0917D28C352C5
:10780000DF4FE883F983CD5DD040C352DF4F48811D
:107810005981CD5DD0404093FD295093FE29809140
:10782000E728811104C080910729882339F08091CD
:107830000628882319F081E080932C298091EC2878
:10784000882391F0809184289091852801968093D7
:1078500084289093852881E0809304281092EC2856
:107860001092E7281092072980918428909185280A
:1078700002970CF45AC01092842810928528209107
:1078800028293091292940912A2950912B2960914A
:1078900031297091322980913329909134290E94A5
:1078A000044A0E94D14A9B0177FF04C02227332754
:1078B000261B370BB901330F880B990B0E94A44884
:1078C00020E030E040E85EE30E949E4887FF2AC047
:1078D00080913B2990913C29892B79F08091E72870
:1078E000882359F08091FB299091FC29892B09F478
:1078F00048C11092F7291092F82980913929909166
:107900003A29892B79F080910729882359F08091B1
:10791000FB299091FC29892B09F43AC11092F52991
:107920001092F62981E0809306288091CE28882342
:1079300039F080910528882319F081E080931F2970
:1079400080919228882359F08091822890918328F1
:107950000196809382289093832810929228809198
:1079600082289091832802970CF447C010928228B5
:107970001092832820911B2930911C2940911D29A8
:1079800050911E29609124297091252980912629E2
:10799000909127290E94044A0E94D14A9B0177FFB7
:1079A00004C022273327261B370BB901330F880B5E
:1079B000990B0E94A44820E030E048EC51E40E947A
:1079C0009E4887FF17C08091372990913829892BCD
:1079D00089F08091352990913629892B59F0809131
:1079E000F9299091FA29892B09F4D9C01092F32929
:1079F0001092F42981E080930528CE0181569F4F93
:107A00000E941C11C65FDE4FCDBFDEBFDF91CF915C
:107A10001F910F91FF90EF90DF90CF90BF90AF90AC
:107A20009F908F907F906F905F904F903F902F909E
:107A30000895A7019601C301B2010E949E4887FFE5
:107A400064CE88E49DED0E94F21081E090E0C75181
:107A5000DF4F88839983C95ED04057CE81E0809301
:107A6000002872CD20E030E0A901C301B2010E94DC
:107A70009E48181654F420E030E048EC52E4C3016C
:107A8000B2010E94404B87FD12C081E08093012823
:107A900081E090E080937C2890937D2801E010E0C5
:107AA000C352DF4F08831983CD5DD040AECE0E9414
:107AB000F8094B015C0120917428309175284091A0
:107AC0007628509177286091782870917928809154
:107AD0007A2890917B28205C3848444E5F4F6F4F46
:107AE0007F4F8F4F9F4F1901B42FA52FF62FE72FF0
:107AF0008C019401A50160E070E080E090E051010C
:107B0000CB2EDA2EEF2EFE2E0E94CD4BA9F1A0F146
:107B10000E94F8098B019C016093742810937528CA
:107B200080937628309377281092782810927928BD
:107B300010927A2810927B2881E08093012820916E
:107B40007E2830917F284091802850918128C30160
:107B5000B2010E949E48811158CE81E090E080934E
:107B60007C2890937D2821E030E0C352DF4F2883AA
:107B70003983CD5DD04049CE10927C2810927D286B
:107B800044CE81E090E08093F7299093F829B5CE18
:107B900081E090E08093F5299093F629C3CE81E0AF
:107BA00090E08093F3299093F42924CF03301105BA
:107BB00011F00C945E2380910D2890910E28EF28EF
:107BC00011F00C94D924019711F00C949C2460E0DE
:107BD00080E00E943A0610920D2810920E288091A3
:107BE000F02A9091F12AA091F22AB091F32A805EB6
:107BF0009C4FAF4FBF4F0C9494241F920F920FB61F
:107C00000F9211242F933F934F935F936F937F9322
:107C10008F939F93AF93BF93EF93FF938FEE9CE26D
:107C20000E94C404FF91EF91BF91AF919F918F91FA
:107C30007F916F915F914F913F912F910F900FBE68
:107C40000F901F9018951F920F920FB60F9211244C
:107C50002F933F934F935F936F937F938F939F9354
:107C6000AF93BF93EF93FF938FEE9CE20E941504B6
:107C7000FF91EF91BF91AF919F918F917F916F9104
:107C80005F914F913F912F910F900FBE0F901F90DA
:107C900018951F920F920FB60F9211242F933F93B6
:107CA0004F935F936F937F938F939F93AF93BF9304
:107CB000EF93FF938CE89DE20E94C404FF91EF9143
:107CC000BF91AF919F918F917F916F915F914F91F4
:107CD0003F912F910F900FBE0F901F9018951F92FC
:107CE0000F920FB60F9211242F933F934F935F93F0
:107CF0006F937F938F939F93AF93BF93EF93FF9374
:107D00008CE89DE20E941504FF91EF91BF91AF9125
:107D10009F918F917F916F915F914F913F912F91A3
:107D20000F900FBE0F901F9018951F920F920FB6D5
:107D30000F9211248F939F93AF93BF9380918C2ABE
:107D400090918D2AA0918E2AB0918F2A0196A11D23
:107D5000B11D80938C2A90938D2AA0938E2AB09384
:107D60008F2A81E08093A60ABF91AF919F918F9156
:107D70000F900FBE0F901F9018951F920F920FB685
:107D80000F9211242F933F934F935F936F937F93A1
:107D90008F939F93AF93BF93EF93FF9385E00E94E0
:107DA000040AFF91EF91BF91AF919F918F917F91C5
:107DB0006F915F914F913F912F910F900FBE0F9058
:107DC0001F9018951F920F920FB60F9211242F93A8
:107DD0003F934F935F936F937F938F939F93AF9353
:107DE000BF93EF93FF9384E00E94040AFF91EF9109
:107DF000BF91AF919F918F917F916F915F914F91C3
:107E00003F912F910F900FBE0F901F9018951F92CA
:107E10000F920FB60F9211242F933F934F935F93BE
:107E20006F937F938F939F93AF93BF93EF93FF9342
:107E300083E00E94040AFF91EF91BF91AF919F915F
:107E40008F917F916F915F914F913F912F910F9003
:107E50000FBE0F901F9018951F920F920FB60F92A2
:107E600011242F933F934F935F936F937F938F933F
:107E70009F93AF93BF93EF93FF9382E00E94040A16
:107E8000FF91EF91BF91AF919F918F917F916F91F2
:107E90005F914F913F912F910F900FBE0F901F90C8
:107EA00018951F920F920FB60F9211242F933F93A4
:107EB0004F935F936F937F938F939F93AF93BF93F2
:107EC000EF93FF9381E00E94040AFF91EF91BF912D
:107ED000AF919F918F917F916F915F914F913F9162
:107EE0002F910F900FBE0F901F9018951F920F9219
:107EF0000FB60F9211242F933F934F935F936F937D
:107F00007F938F939F93AF93BF93EF93FF9380E003
:107F10000E94040AFF91EF91BF91AF919F918F91C1
:107F20007F916F915F914F913F912F910F900FBE75
:107F30000F901F9018951F920F920FB60F92112459
:107F40002F933F934F935F936F937F938F939F9361
:107F5000AF93BF93CF93EF93FF93C091AB08C2FF52
:107F60000AC01092432A1092422A1092412A84E0B9
:107F70000E94F50B12C0C6FF2DC08091402A8130AF
:107F800041F48091432A90E0F0E0E0E009951092FE
:107F9000402AC0FF14C00E94020CFF91EF91CF91C4
:107FA000BF91AF919F918F917F916F915F914F9111
:107FB0003F912F910F900FBE0F901F90189580E466
:107FC0008093AB0881E00E94F50B8091AB0885FFA0
:107FD000E4CFE1CFC7FF50C0C3FF08C01092432ACF
:107FE0001092422A1092412A83E0C2CF8091A908C0
:107FF00080668093A9088091AB0881FF26C080919C
:10800000422A882349F08091AB0884FF05C082E0B2
:108010008093AA0881E0ACCF9091422A8091412AB6
:10802000981778F4E091422AF0E080818093AD08BF
:108030008091422A8F5F8093422A83E08093AA082E
:10804000ACCF82E08093AA0893CF9091432A80918D
:108050003F2A981760F48091AD08E091432AF0E040
:1080600080838091432A8F5F8093432AE6CF86E006
:108070008093AA0882E07CCF85E07ACF1F920F928E
:108080000FB60F9211242F933F938F939F93EF93EB
:10809000FF938091A508982F9C70C9F08091A50846
:1080A00094E082FF93E09093012B8093A50881E0F8
:1080B0008093072B1092062BFF91EF919F918F9148
:1080C0003F912F910F900FBE0F901F90189586FF34
:1080D0004CC02091472A9091462A8091A50884FFA0
:1080E00010C08091452A882351F083E08093A40832
:1080F00085E08093012B1092062B81E031C081E056
:10810000F5CF8091022B821790F4E091022B8091A1
:10811000482A9091492AE80FF92FF11D8081809318
:10812000A8088091022B8F5F8093022BC5CF80918E
:10813000032B891748F484E08093072B8091442A0D
:1081400081608093A708B8CF8091452A882359F091
:1081500083E08093A40881E08093012B1092062B8A
:108160008093072BA9CF81E0F4CF87FF3DC090918A
:10817000032B8091462A9817D8F48091A808E091A3
:10818000032B20914A2A30914B2AE20FF32FF11D45
:1081900080838091032B8F5F8093032B9091462ADD
:1081A0008091032B8917C0F482E08093A40884CFC8
:1081B0008091452A882371F087E08093A40882E0AB
:1081C0008093012B1092062B81E08093072B109255
:1081D000462A72CF85E0F1CF8091452A882311F09D
:1081E00087E0B7CF85E0B5CF86E083CFCF93EFEEC2
:1081F000FCE21282138288EE93E0A0E0B0E0848378
:108200009583A683B7834EE85CED4083518320E2DB
:1082100038E0248735872FE026872EE02787108ACD
:1082200023E1218B22E1228B34E0338B148A158ADF
:10823000168A178A108E118E6BE1628F138E148E40
:10824000ECE8FDE21282138284839583A683B783D0
:108250004083518340E058E044875587C1E0C6879A
:108260001786108A45E0418B328BC38B148A158A9E
:10827000168A178A108E118E228F138E148EE9E2C1
:10828000FEE21282138284839583A683B7838CEAED
:108290009CED80839183EAE6FEE2148615861686BD
:1082A0001786108A118A148215821682178210820C
:1082B000118212821382EFE5FEE212821082118295
:1082C00013821482158216821782108611861286F6
:1082D0006EE07DED89E59EE20E94E0126EE07DEDAC
:1082E00083E59EE20E94E0126EE07DED8DE49EE269
:1082F0000E94E0126EE07DED87E49EE20E94E012B3
:108300006EE07DED81E49EE20E94E01266E57DED87
:108310008BE39EE20E94E0126CE57DED85E39EE238
:108320000E94E01260E08DE00E94A605E3E9FEE213
:1083300080E2808388E294E08183928313861586AD
:108340001486128611861086178216821582148270
:108350001382ACE7BEE255961D921C925697119679
:108360001C9211971996ED93FC931A9717961C92ED
:10837000179718961C9218971C9289E013968C9365
:1083800013971496CC9314971596CC93159716962D
:10839000CC93CF910895CF93DF93CDB7DEB7679796
:1083A000CDBFDEBF91E088ED84BF909361008091E6
:1083B00002068560809302068091000681608093AA
:1083C0000006809102068F7C8065809302061092E1
:1083D000E20582E08093E4059093030A8EEF809398
:1083E000270A8093260A80E880932D0A80932B0A1F
:1083F0008093290A80932C0A80932A0A8093280A62
:1084000089E08093000A87E08093E505E0E8FAE0E0
:1084100037E02EEF90E885E03183248795878083CD
:108420007096E03C4AE0F407B9F71092A10A8FE396
:108430009FE18093AC0A9093AD0A8091A50A816078
:108440008093A50A1092A00A8091A00A816080936F
:10845000A00A789440E052EC61E070E08FEE9CE27C
:108460000E94E70E8091E3058F7C80628093E30594
:108470000E943E131092FF2A1092002BA89518ED2F
:10848000A89514BF80910001807F8093000168EE61
:1084900073E080E090E00E94CB09A89580914000B5
:1084A00080914000886080934000A89514BF10918F
:1084B00000011B60109300011091010111FDFCCF20
:1084C00061E088E00E94A60561E087E00E94A605C1
:1084D00061E086E00E94A60561E085E00E94A605B5
:1084E00061E083E00E94A60561E084E00E94A605A9
:1084F00061E086E20E94A60561E087E20E94A6058F
:1085000061E080E00E94A60561E081E00E94A6058E
:1085100061E082E00E94A60561E08BE00E94A60572
:1085200061E08CE00E94A60560E088E00E943A06C7
:1085300060E087E00E943A0660E086E00E943A062A
:1085400060E085E00E943A0660E083E00E943A061F
:1085500060E084E00E943A0661E086E20E943A060A
:1085600061E087E20E943A0661E080E00E943A06FC
:1085700061E081E00E943A0661E082E00E943A06F2
:1085800060E088E10E94A60560E081E20E94A60505
:1085900060E08DE10E94A60560E08FE10E94A605E3
:1085A00060E080E20E94A60560E08EE10E94A605E0
:1085B00060E086E10E94A60561E08EE10E943A0635
:1085C00061E086E10E943A0661E08CE10E94A60526
:1085D00061E08BE10E94A60586ED93E08093C42ABA
:1085E0009093C52A80917204887F80937204809151
:1085F000720482608093720478940E94F8098B015F
:108600009C016093F72A1093F82A8093F92A3093FB
:10861000FA2A1092FB2A1092FC2A1092FD2A10923C
:10862000FE2A8091762E9091772E009711F00E946D
:10863000984C86E090E00E94FC4B7C0180E4F701BE
:10864000808389E29EE281839283138280E290E0BC
:10865000848395830AE61EE2E092762EF092772ECE
:108660000E94DA05DD24D394F701D382C7010E946A
:10867000D60B882309F4CDC08EE189838091762EB4
:108680009091772EFC0124813581232B09F4C1C000
:1086900020812093492B1092082B10924A2B21E025
:1086A00041E050E0BE016F5F7F4F0E94B90B88230D
:1086B00009F4AFC06FE070E080E090E00E94CB0969
:1086C0008091762E9091772E188A198A1A8A1B8AA1
:1086D00089839A831B821C82DA868AE090E08F83EA
:1086E00098871B8684E0898744E0BE016C5E7F4FDB
:1086F000CE0101960E941110F82E882309F489C03A
:108700008C899D89982789279827B0E0A0E0BA2F07
:10871000A92F982F88272F89822BBA2FA92F982F1E
:108720008827288D822B892B8A2B8B2B09F471C0EB
:1087300087E090E00E94FC4BFC0180E89CED808388
:10874000918381ED91E38383948305831683E09382
:108750007A2EF0937B2E87E090E00E94FC4BFC0188
:1087600082E79CED8083918380ED91E38383948302
:1087700005831683E093782EF093792E1092EE2ADB
:108780001092EF2AF092F62A0E94EA108EE10E94DF
:108790000C07182F81E090E0112311F090E080E0A9
:1087A0008093F42A9093F52A86E10E940C07111118
:1087B0000AC061E088E00E943A0681E090E0809380
:1087C00017289093182887E69BE2A0E0B0E08093FA
:1087D000F02A9093F12AA093F22AB093F32A88E822
:1087E00093E1A0E0B0E08093622E9093632EA0937B
:1087F000642EB093652E88EE9CE080935F2E90935C
:10880000602E81E08093612E0E948F170E9479056F
:10881000FBCF81E090E08093EE2A9093EF2AF12C39
:10882000B1CF85E39EE20E941C118BE39EE20E9481
:108830001C1181E49EE20E941C1187E49EE20E94CA
:108840001C118DE49EE20E941C1183E59EE20E94B1
:108850001C1189E59EE20E941C118091782E909156
:10886000792E009739F0DC01ED91FC910280F381C3
:10887000E02D099580917A2E90917B2E009739F00A
:10888000DC01ED91FC910280F381E02D09940895C3
:10889000EF920F931F93CF93DF93E80134E047FDEE
:1088A00034E1042E000C550B57FF03C05195419540
:1088B0005109E32E022F242FAE0197D0CE01DF9174
:1088C000CF911F910F91EF90089566277727E9C107
:1088D0001F93FC0199278827BC01E894119110325D
:1088E000E9F3193010F01E30C8F31B3249F01D3285
:1088F00041F4689405C02AD0610F711D811D911D3E
:10890000119110531A30B8F33EF4909580957095FC
:1089100061957F4F8F4F9F4F1F910895BB274A301E
:1089200031F4992322F4BDE2909581959F4F45C083
:10893000BB272A3051F4992342F4BDE290958095EB
:10894000709561957F4F8F4F9F4F16C0592F482FBD
:10895000372F262F660F771F881F991F660F771FE7
:10896000881F991F620F731F841F951F660F771F43
:10897000881F991F0895BB27FA01A62F621771055A
:1089800081059105330B30FB66F0AA27660F771F30
:10899000881F991FAA1FA21710F0A21B63953850B9
:1089A000A9F7A05DAA3308F0A95DA19336F7B1112C
:1089B000B1931082CA01B2C3BB27FB015527AA2776
:1089C000880F991FAA1FA41710F0A41B839550515C
:1089D000B9F7A05DAA3308F0A95DA193009779F7D4
:1089E000B111B1931192CB0199C3A9E0B0E0EAEFC4
:1089F000F4E4D0C46A01F22EB02E102FFBE3AF2EA8
:108A0000A01608F41BE31F5F012F27E0AE014F5FA4
:108A10005F4F8CD2BC018981982F9970913009F4F5
:108A20003EC09BE2E1FC04C09E2D9170E0FC39C089
:108A30005E2D5071E82FE87083FF45C084E09111EE
:108A400001C083E0EF2DE81B8F1508F0E0E0D601B0
:108A50008E2F20E2552349F1992329F0D6019C93CA
:108A6000C60101966C0196012D5F3F4FE2FE23C0C7
:108A70008EE4D6018C9391E411969C9311971296F3
:108A80008C93D9018E2F90E281111AC0E20FF32F3F
:108A9000F11D10828EEF9FEF2996ECE094C49DE2C9
:108AA000C7CF90E2C5CF2D9381508111FCCFCE0E60
:108AB000D11CE0E0D1CF8EE6D6018C9391E6DCCFDD
:108AC0009D938150E1CF482F447082FF3DC084E0E8
:108AD000911101C083E08F1510F4EF2DE81BD60132
:108AE0008E2F20E2552309F1992329F0D6019C937A
:108AF000C60101966C0196012D5F3F4FE2FE1BC03F
:108B000089E4D6018C938EE411968C93119786E4B8
:108B100012968C93D9018E2F90E2882309F4B6CF58
:108B20009D938150FACF2D9381508111FCCFCE0EB1
:108B3000D11CE0E0D9CF89E6D6018C938EE6119660
:108B40008C93119786E6E4CF9B0177FF02C030E05B
:108B500020E0A1E0B0E0911102C0B0E0A0E0F90196
:108B60003196AE0FBF1F8B2C912CBB2009F461C036
:108B70005401EFEFAE1ABE0AAA0DBB1DFA161B0672
:108B800019F014F04F2D4A1B511188C0E3FC59C055
:108B90007601A42FB0E2A1114FC0C40ED11C9923BD
:108BA00009F45BC040E0D6011196F60190836D0197
:108BB000552309F448C0012F060F9A81582F507190
:108BC00084FF03C0913309F4015010160CF047C024
:108BD000093008F008E0EEE2FE2E5B01A01AB108B1
:108BE00085019194819491082F3F320729F4D60191
:108BF000FC92F60131966F016217730794F1021728
:108C000013077CF5DB01A21BB30BAA24A394B12CA0
:108C1000AC0EBD1EAA0DBB1D11968C9121503109C1
:108C2000D601119628153905F4F0F60180836D01FF
:108C3000DBCFB12CA12CA0CFF701B1937F01A150C4
:108C4000AACF9111B0CFD601942F50E302C05D930B
:108C500091509111FCCFC40ED11C40E0ACCF01E08B
:108C6000BACF80E3DBCF6217730731F4963388F411
:108C7000953311F4552369F0F6018083FD01842FAB
:108C800090E2811108C0A40FB11D1C9290E080E019
:108C900003CF81E3F1CF91938150F3CF911183CF33
:108CA0008ACFB0E0A0E0E6E5F6E474C35C017B01A6
:108CB0006115710519F0DB018D939C9385010F5FA0
:108CC0001F4FF501D0818D2F90E008D26C01892BC8
:108CD000A9F5DD32A9F50F5F1F4FD5011196DC9183
:108CE000C1E05801F1E0AF1AB10843E050E068EA92
:108CF00072E0C501FBD1892B61F5680182E0C80EE5
:108D0000D11C45E050E063EA72E0C601EFD1892B47
:108D100021F4680197E0C90ED11CE114F10419F0A7
:108D2000D701CD92DC9260E070E080E89FEFC11146
:108D3000F9C060E070E080E89FE7F4C05801BECF62
:108D4000DB3229F485010E5F1F4FF501D181C0E0B0
:108D5000C8CF43E050E060EA72E0C501C7D1892B7B
:108D6000E9F0F80110E000E020E030E0A9015F0147
:108D7000B0ED8B2E8D0E89E08815C0F19C2E689485
:108D800091F88C2F8870C2FF16C0811102C00F5F4E
:108D90001F4F3196D501DC91C92DE9CFE114F104C3
:108DA00029F00E5F1F4FF7010083118360E070E030
:108DB00080EC9FE7B7C0882311F001501109A5E0AE
:108DC000B0E0D8D29B01AC01220F331F441F551FC6
:108DD000280D311D411D511D283999E939074907D1
:108DE00099E15907B0F2C6609C2ED3CFAEEF8A123C
:108DF00006C0C3FD3CC09C2E689493F8CACFDF7DAB
:108E0000D534A9F580818D3239F4C061DF01129625
:108E1000818162E070E006C0DF018B32C1F3119600
:108E200061E070E080535D01A61AB70A8A30F8F459
:108E3000E0E8CE16ECE0DE065CF4B601660F771FC4
:108E4000660F771FC60ED71ECC0CDD1CC80ED11CBA
:108E50005D01FFEFAF1ABF0A8C9180538A3098F101
:108E6000C4FF03C0D194C194D1080C0D1D1DC1FFD6
:108E700009C0E114F10431F081E0A81AB108D7016A
:108E8000AD92BC92CA01B9015DD1C370C33009F47F
:108E900090584B015C0120E030E0A9014FD18823BC
:108EA00009F43EC0C7EDD2E017FF05C0119501954A
:108EB0001109CFEBD2E06E01B8E1CB1AD10880E204
:108EC000E82EF12C0EC0D501B3CFFE0125913591CE
:108ED000459154910E191F09C501B40194D14B015C
:108EE0005C01D501C4010E151F057CF72497F5948C
:108EF000E794CC16DD06A9F78A2F880F8B2F881FE1
:108F00008F3F41F020E030E0A901C501B40116D146
:108F1000811106C082E290E08093A12E9093A22E50
:108F2000C501B401CDB7DEB7ECE04DC2283008F082
:108F300027E03327DA01990F311D87FD91600096F4
:108F40006105710539F432602E5F3D9330E32A9557
:108F5000E1F708959F3F30F080387105610509F011
:108F60003C5F3C5F3D93913008F08068911DDF933A
:108F7000CF931F930F93FF92EF92192F987F96959F
:108F8000E92F96959695E90FFF27EB5CFC4F992703
:108F90003327EE24FF24A701E701059008940794E6
:108FA00028F4360FE71EF81E491F511D660F771F64
:108FB000881F991F0694A1F70590079428F4E70EDF
:108FC000F81E491F561FC11D770F881F991F661F66
:108FD0000694A1F70590079428F4F80E491F561F30
:108FE000C71FD11D880F991F661F771F0694A1F711
:108FF0000590079420F4490F561FC71FD81F990FDB
:10900000661F771F881F0694A9F784911095177023
:1090100041F0D695C79557954795F794E7941A95DB
:10902000C1F7EBEDF2E068941590159135916591DB
:10903000959105907FE27395E118F10A430B560B69
:10904000C90BD009C0F7E10CF11E431F561FC91F01
:10905000D01D7EF4703311F48A95E6CFE894015068
:1090600030F0080F0AF40027021708F4202F239588
:10907000022F7A3328F079E37D932A95E9F710C01F
:109080007D932A9589F60694979567953795179558
:109090001794E118F10A430B560BC90BD00998F04D
:1090A00023957E9173957A3308F070E37C932013B7
:1090B000B8F77E9170617D9330F0839571E37D9375
:1090C00070E32A95E1F71124EF90FF900F911F9123
:1090D000CF91DF91992787FD909508959111F6C062
:1090E000803219F089508550D0F70895FB01DC01DA
:1090F0004150504088F08D9181341CF08B350CF438
:10910000805E659161341CF06B350CF4605E861BEB
:10911000611171F3990B0895881BFCCFDC01FC01F0
:10912000672F71917723E1F7329704C07C916D939B
:1091300070836291AE17BF07C8F3089540D008F45A
:1091400081E00895E89409C097FB3EF490958095DE
:10915000709561957F4F8F4F9F4F9923A9F0F92FFD
:1091600096E9BB279395F695879577956795B7957B
:10917000F111F8CFFAF4BB0F11F460FF1BC06F5F61
:109180007F4F8F4F9F4F16C0882311F096E911C073
:10919000772321F09EE8872F762F05C0662371F094
:1091A00096E8862F70E060E02AF09A95660F771FA8
:1091B000881FDAF7880F9695879597F90895990F84
:1091C0000008550FAA0BE0E8FEEF16161706E80791
:1091D000F907C0F012161306E407F50798F0621BB2
:1091E000730B840B950B39F40A2661F0232B242B87
:1091F000252B21F408950A2609F4A140A6958FEFA6
:10920000811D811D08950BD07BC06CD028F071D0DA
:1092100018F0952309F05DC062C01124A5C081D06B
:10922000A0F3959FD1F3950F50E0551F629FF00179
:10923000729FBB27F00DB11D639FAA27F00DB11DD2
:10924000AA1F649F6627B00DA11D661F829F22275B
:10925000B00DA11D621F739FB00DA11D621F839FE2
:10926000A00D611D221F749F3327A00D611D231FB8
:10927000849F600D211D822F762F6A2F11249F5706
:1092800050408AF0E1F088234AF0EE0FFF1FBB1F29
:10929000661F771F881F91505040A9F79E3F5105C8
:1092A00070F017C061C05F3FECF3983EDCF3869529
:1092B00077956795B795F795E7959F5FC1F7FE2B73
:1092C000880F911D9695879597F908959927882776
:1092D000089597F99F6780E870E060E008959FEF38
:1092E00080EC089500240A9416161706180609063D
:1092F000089500240A94121613061406050608950C
:10930000092E0394000C11F4882352F0BB0F40F493
:10931000BF2B11F460FF04C06F5F7F4F8F4F9F4FD3
:10932000089557FD9058440F551F59F05F3F71F055
:109330004795880F97FB991F61F09F3F79F08795BC
:109340000895121613061406551FF2CF4695F1DF45
:1093500008C0161617061806991FF1CF86957105D5
:10936000610508940895E894BB2766277727CB0109
:1093700097F908953AD0A59F900DB49F900DA49FA2
:10938000800D911D112408952F923F924F925F926C
:109390006F927F928F929F92AF92BF92CF92DF9205
:1093A000EF92FF920F931F93CF93DF93CDB7DEB76A
:1093B000CA1BDB0BCDBFDEBF09942A8839884888D9
:1093C0005F846E847D848C849B84AA84B984C884E1
:1093D000DF80EE80FD800C811B81AA81B981CE0FD8
:1093E000D11DCDBFDEBFED010895A29FB001B39F97
:1093F000C001A39F700D811D1124911DB29F700D9E
:10940000811D1124911D08955058BB27AA270ED005
:1094100077CF68DF30F06DDF20F031F49F3F11F43B
:109420001EF45DCF0EF4E095E7FB53CFE92F79DF13
:1094300080F3BA17620773078407950718F071F471
:109440009EF591CF0EF4E0950B2EBA2FA02D0B01B7
:10945000B90190010C01CA01A0011124FF27591B79
:1094600099F0593F50F4503E68F11A16F040A22F7F
:10947000232F342F4427585FF3CF469537952795F0
:10948000A795F0405395C9F77EF41F16BA0B620BEF
:10949000730B840BBAF09150A1F0FF0FBB1F661F36
:1094A000771F881FC2F70EC0BA0F621F731F841F79
:1094B00048F4879577956795B795F7959E3F08F09F
:1094C000B3CF9395880F08F09927EE0F979587955E
:1094D00008950CD015CF0DDF40F004DF30F021F4FB
:1094E0005F3F19F0F6CE51113FCFF9CE1ADF98F356
:1094F0009923C9F35523B1F3951B550BBB27AA2715
:1095000062177307840738F09F5F5F4F220F331F86
:10951000441FAA1FA9F333D00E2E3AF0E0E830D052
:1095200091505040E695001CCAF729D0FE2F27D055
:10953000660F771F881FBB1F261737074807AB0723
:10954000B0E809F0BB0B802DBF01FF2793585F4F98
:109550002AF09E3F510568F0BCCE06CF5F3FECF38A
:10956000983EDCF3869577956795B795F7959F5F5D
:10957000C9F7880F911D9695879597F90895E1E0B1
:10958000660F771F881FBB1F621773078407BA0710
:1095900020F0621B730B840BBA0BEE1F88F7E0956B
:1095A000089504D06894B111DFCE0895C2DE88F02A
:1095B0009F5790F0B92F9927B751A0F0D1F0660FBF
:1095C000771F881F991F1AF0BA95C9F712C0B130DA
:1095D00081F0C9DEB1E00895C6CE672F782F8827C5
:1095E000B85F39F0B93FCCF3869577956795B39519
:1095F000D9F73EF490958095709561957F4F8F4F88
:109600009F4F0895E894F92F96EBFF2381F01216EF
:1096100013061406440B9395F695879577956795F1
:1096200057954040FF23B9F71BC099270895882319
:1096300051F49850D2F7872B762F652F542F432F54
:10964000322F20E0B1F3121613061406440B8823C0
:109650003AF09A95440F551F661F771F881FCAF767
:1096600055234AF4440F551F11F460FF04C06F5F87
:109670007F4F8F4F9F4F880F9695879597F9089545
:109680009EDD08F48FEF089597FB072E16F40094E3
:1096900006D077FD08D096D007FC05D03EF4909513
:1096A00081959F4F0895709561957F4F0895A1E230
:1096B0001A2EAA1BBB1BFD010DC0AA1FBB1FEE1F4C
:1096C000FF1FA217B307E407F50720F0A21BB30B97
:1096D000E40BF50B661F771F881F991F1A9469F713
:1096E00060957095809590959B01AC01BD01CF016F
:1096F0000895052E97FB16F400940FD057FD05D062
:10970000D6DF07FC02D046F408C05095409530954E
:1097100021953F4F4F4F5F4F0895909580957095DD
:1097200061957F4F8F4F9F4F0895B7FF23CE22DE65
:10973000821B930B089597FD1094002E083098F02B
:109740000850232F342F452F562F672F782F892F1E
:10975000912DF4CF159497958795779567955795A3
:109760004795379527950A95AAF71124002D089556
:109770002A0D3B1D4C1D5D1D6E1D7F1D801F911F01
:1097800008950024A7FD00942A0F301D401D501D90
:10979000601D701D801D901D08952A153B054C0508
:1097A0005D056E057F058007910708950024A7FDDC
:1097B00000942A17300540055005600570058005A6
:1097C00090050895AA1BBB1B51E107C0AA1FBB1F30
:1097D000A617B70710F0A61BB70B881F991F5A953D
:1097E000A9F780959095BC01CD010895EE0FFF1F5C
:1097F0000590F491E02D09940F931F93CF93DF937D
:109800008230910510F482E090E0E091A52EF09175
:10981000A62E30E020E0B0E0A0E0309799F42115CA
:10982000310509F44AC0281B390B24303105D8F51D
:109830008A819B816115710589F1FB018283938384
:10984000FE0111C0408151810281138148175907DF
:10985000E0F04817590799F4109761F012960C93AD
:10986000129713961C933296CF01DF91CF911F91DF
:109870000F9108950093A52E1093A62EF4CF2115D5
:10988000310551F04217530738F0A901DB019A0165
:10989000BD01DF01F801C1CFEF01F9CF8093A52E03
:1098A0009093A62ECDCFFE01E20FF31F81939193EB
:1098B0002250310928833983D7CF2091A32E3091AC
:1098C000A42E232B41F420911C2830911D28209395
:1098D000A32E3093A42E20911A2830911B282115F5
:1098E000310541F42DB73EB740911E2850911F28F5
:1098F000241B350BE091A32EF091A42EE217F30761
:10990000A0F42E1B3F0B2817390778F0AC014E5FEF
:109910005F4F2417350748F04E0F5F1F4093A32E6B
:109920005093A42E819391939FCFF0E0E0E09CCFE1
:10993000CF93DF930097E9F0FC01329712821382F4
:10994000A091A52EB091A62EED0130E020E0109759
:10995000A1F420813181820F931F2091A32E309199
:10996000A42E2817390709F061C0E093A32EF093C5
:10997000A42EDF91CF910895EA01CE17DF07E8F515
:109980004A815B819E0141155105B1F7E901EA83E6
:10999000FB8349915991C40FD51FEC17FD0761F462
:1099A000808191810296840F951FE90188839983B4
:1099B000828193818A839B83F0E0E0E012968D910F
:1099C0009C9113970097B9F52D913C911197CD017A
:1099D0000296820F931F2091A32E3091A42E281758
:1099E000390739F6309751F51092A52E1092A62E10
:1099F000A093A32EB093A42EBCCFC283D383408167
:109A00005181840F951FC817D90761F44E5F5F4FCE
:109A100088819981480F591F408351838A819B8196
:109A2000828393832115310509F0B0CFE093A52EF1
:109A3000F093A62E9ECFFD01DC01C0CF12821382CF
:109A4000D7CFB0E0A0E0E6E2FDE4A0CC8C01009727
:109A500041F4CB01D1DE8C01C801CDB7DEB7E0E126
:109A6000AECCFC01E60FF71F9C0122503109E21732
:109A7000F30708F499C0D901CD91DC911197C6176D
:109A8000D70790F0C530D10538F3CE01049786177B
:109A9000970710F3C61BD70B2297C193D1936D93F1
:109AA0007C93CF0145DFD8CF5B01AC1ABD0A4C01D6
:109AB0008C0E9D1EA091A52EB091A62E512C412C4E
:109AC000F12CE12C109731F58091A32E9091A42ECA
:109AD0008815990509F05CC04616570608F058C06D
:109AE00080911A2890911B28009741F48DB79EB75A
:109AF00040911E2850911F28841B950BE817F907E9
:109B000008F052C0E093A32EF093A42EF9016083D5
:109B10007183A2CF8D919C91119712966C901297A0
:109B200013967C901397A815B90559F56C0142E07E
:109B3000C40ED11CCA14DB0420F1AC014A195B0924
:109B4000DA011296159780F0628273824083518306
:109B5000D9016D937C93E114F10471F0D701129651
:109B6000ED93FC93139778CF22968C0F9D1FF901EC
:109B700080839183F301EFCFE093A52EF093A62E7F
:109B80006BCF4816590608F42C017D01D3019ACFFA
:109B9000CB0132DE7C01009739F0AE01B80107D06D
:109BA000C801C6DE870158CF10E000E055CFFB01A9
:109BB000DC0102C001900D9241505040D8F7089549
:109BC000FB01DC018D91019080190110D9F3990BF3
:109BD0000895FB01DC0101900D920020E1F708954A
:109BE000FB01DC014150504048F001900D920020F3
:109BF000C9F701C01D9241505040E0F7089511E0AF
:109C0000CCEFD1E003C0FE01F1DD2196CD3FD107BD
:069C1000D1F7F894FFCF2C
:109C16005E00BC00770100000000000000000000AC
:109C26000000000501010101010100000000000023
:109C36000000000000000000000000000203000019
:109C460001020304050607000102030405000102E0
:109C560003040506070001020304050607000102C6
:109C6600030001020304050600000000FA0A2111A0
:109C76004E0B7E17C41500000000FA0A08114E0BA1
:109C860087171316000000000805E0032E04580588
:109C96005F043D045104A1049604E70E81067D0489
:109CA600A405000000006E0C490C890C1F0C420C28
:109CB6002F0C200C00000000000000000101010133
:109CC600010102020202020202020303030303036A
:109CD600030304040404050505050505050102043E
:109CE6000810204080010204081020010204081018
:109CF600204080010204081020408001020408016F
:109D06000204081020400D0A002C00485455333137
:109D1600445F54004854553331445F4800656E74BF
:109D2600657220746865206C6F6F7000656E74656F
:109D36007200656E746572203600656E74657220F9
:109D46003700656E74657220380076616C75650043
:0D9D560038382C39380039392C31303900BB
:109D630001010101010101010101000100010001E3
:109D7300000100640001010100010000A72E800022
:0400000300000200F7
:00000001FF
